/*
Navicat MariaDB Data Transfer

Source Server         : mariadb
Source Server Version : 100109
Source Host           : localhost:3306
Source Database       : jasaweb_erp_manufaktur

Target Server Type    : MariaDB
Target Server Version : 100109
File Encoding         : 65001

Date: 2017-05-02 11:58:15
*/

SET FOREIGN_KEY_CHECKS=0;

-- ----------------------------
-- Table structure for districts
-- ----------------------------
DROP TABLE IF EXISTS `districts`;
CREATE TABLE `districts` (
  `id` char(7) COLLATE utf8_unicode_ci NOT NULL,
  `regency_id` char(4) COLLATE utf8_unicode_ci NOT NULL,
  `name` varchar(255) COLLATE utf8_unicode_ci NOT NULL,
  PRIMARY KEY (`id`),
  KEY `districts_id_index` (`regency_id`),
  CONSTRAINT `districts_regency_id_foreign` FOREIGN KEY (`regency_id`) REFERENCES `regencies` (`id`)
) ENGINE=InnoDB DEFAULT CHARSET=utf8 COLLATE=utf8_unicode_ci;

-- ----------------------------
-- Records of districts
-- ----------------------------
INSERT INTO `districts` VALUES ('1101010', '1101', 'TEUPAH SELATAN');
INSERT INTO `districts` VALUES ('1101020', '1101', 'SIMEULUE TIMUR');
INSERT INTO `districts` VALUES ('1101021', '1101', 'TEUPAH BARAT');
INSERT INTO `districts` VALUES ('1101022', '1101', 'TEUPAH TENGAH');
INSERT INTO `districts` VALUES ('1101030', '1101', 'SIMEULUE TENGAH');
INSERT INTO `districts` VALUES ('1101031', '1101', 'TELUK DALAM');
INSERT INTO `districts` VALUES ('1101032', '1101', 'SIMEULUE CUT');
INSERT INTO `districts` VALUES ('1101040', '1101', 'SALANG');
INSERT INTO `districts` VALUES ('1101050', '1101', 'SIMEULUE BARAT');
INSERT INTO `districts` VALUES ('1101051', '1101', 'ALAFAN');
INSERT INTO `districts` VALUES ('1102010', '1102', 'PULAU BANYAK');
INSERT INTO `districts` VALUES ('1102011', '1102', 'PULAU BANYAK BARAT');
INSERT INTO `districts` VALUES ('1102020', '1102', 'SINGKIL');
INSERT INTO `districts` VALUES ('1102021', '1102', 'SINGKIL UTARA');
INSERT INTO `districts` VALUES ('1102022', '1102', 'KUALA BARU');
INSERT INTO `districts` VALUES ('1102030', '1102', 'SIMPANG KANAN');
INSERT INTO `districts` VALUES ('1102031', '1102', 'GUNUNG MERIAH');
INSERT INTO `districts` VALUES ('1102032', '1102', 'DANAU PARIS');
INSERT INTO `districts` VALUES ('1102033', '1102', 'SURO');
INSERT INTO `districts` VALUES ('1102042', '1102', 'SINGKOHOR');
INSERT INTO `districts` VALUES ('1102043', '1102', 'KOTA BAHARU');
INSERT INTO `districts` VALUES ('1103010', '1103', 'TRUMON');
INSERT INTO `districts` VALUES ('1103011', '1103', 'TRUMON TIMUR');
INSERT INTO `districts` VALUES ('1103012', '1103', 'TRUMON TENGAH');
INSERT INTO `districts` VALUES ('1103020', '1103', 'BAKONGAN');
INSERT INTO `districts` VALUES ('1103021', '1103', 'BAKONGAN TIMUR');
INSERT INTO `districts` VALUES ('1103022', '1103', 'KOTA BAHAGIA');
INSERT INTO `districts` VALUES ('1103030', '1103', 'KLUET SELATAN');
INSERT INTO `districts` VALUES ('1103031', '1103', 'KLUET TIMUR');
INSERT INTO `districts` VALUES ('1103040', '1103', 'KLUET UTARA');
INSERT INTO `districts` VALUES ('1103041', '1103', 'PASIE RAJA');
INSERT INTO `districts` VALUES ('1103042', '1103', 'KLUET TENGAH');
INSERT INTO `districts` VALUES ('1103050', '1103', 'TAPAK TUAN');
INSERT INTO `districts` VALUES ('1103060', '1103', 'SAMA DUA');
INSERT INTO `districts` VALUES ('1103070', '1103', 'SAWANG');
INSERT INTO `districts` VALUES ('1103080', '1103', 'MEUKEK');
INSERT INTO `districts` VALUES ('1103090', '1103', 'LABUHAN HAJI');
INSERT INTO `districts` VALUES ('1103091', '1103', 'LABUHAN HAJI TIMUR');
INSERT INTO `districts` VALUES ('1103092', '1103', 'LABUHAN HAJI BARAT');
INSERT INTO `districts` VALUES ('1104010', '1104', 'LAWE ALAS');
INSERT INTO `districts` VALUES ('1104011', '1104', 'BABUL RAHMAH');
INSERT INTO `districts` VALUES ('1104012', '1104', 'TANOH ALAS');
INSERT INTO `districts` VALUES ('1104020', '1104', 'LAWE SIGALA-GALA');
INSERT INTO `districts` VALUES ('1104021', '1104', 'BABUL MAKMUR');
INSERT INTO `districts` VALUES ('1104022', '1104', 'SEMADAM');
INSERT INTO `districts` VALUES ('1104023', '1104', 'LAUSER');
INSERT INTO `districts` VALUES ('1104030', '1104', 'BAMBEL');
INSERT INTO `districts` VALUES ('1104031', '1104', 'BUKIT TUSAM');
INSERT INTO `districts` VALUES ('1104032', '1104', 'LAWE SUMUR');
INSERT INTO `districts` VALUES ('1104040', '1104', 'BABUSSALAM');
INSERT INTO `districts` VALUES ('1104041', '1104', 'LAWE BULAN');
INSERT INTO `districts` VALUES ('1104050', '1104', 'BADAR');
INSERT INTO `districts` VALUES ('1104051', '1104', 'DARUL HASANAH');
INSERT INTO `districts` VALUES ('1104052', '1104', 'KETAMBE');
INSERT INTO `districts` VALUES ('1104053', '1104', 'DELENG POKHKISEN');
INSERT INTO `districts` VALUES ('1105080', '1105', 'SERBA JADI');
INSERT INTO `districts` VALUES ('1105081', '1105', 'SIMPANG JERNIH');
INSERT INTO `districts` VALUES ('1105082', '1105', 'PEUNARON');
INSERT INTO `districts` VALUES ('1105090', '1105', 'BIREM BAYEUN');
INSERT INTO `districts` VALUES ('1105100', '1105', 'RANTAU SELAMAT');
INSERT INTO `districts` VALUES ('1105101', '1105', 'SUNGAI RAYA');
INSERT INTO `districts` VALUES ('1105110', '1105', 'PEUREULAK');
INSERT INTO `districts` VALUES ('1105111', '1105', 'PEUREULAK TIMUR');
INSERT INTO `districts` VALUES ('1105112', '1105', 'PEUREULAK BARAT');
INSERT INTO `districts` VALUES ('1105120', '1105', 'RANTO PEUREULAK');
INSERT INTO `districts` VALUES ('1105130', '1105', 'IDI RAYEUK');
INSERT INTO `districts` VALUES ('1105131', '1105', 'PEUDAWA');
INSERT INTO `districts` VALUES ('1105132', '1105', 'BANDA ALAM');
INSERT INTO `districts` VALUES ('1105133', '1105', 'IDI TUNONG');
INSERT INTO `districts` VALUES ('1105134', '1105', 'DARUL IHSAN');
INSERT INTO `districts` VALUES ('1105135', '1105', 'IDI TIMUR');
INSERT INTO `districts` VALUES ('1105140', '1105', 'DARUL AMAN');
INSERT INTO `districts` VALUES ('1105150', '1105', 'NURUSSALAM');
INSERT INTO `districts` VALUES ('1105151', '1105', 'DARUL FALAH');
INSERT INTO `districts` VALUES ('1105160', '1105', 'JULOK');
INSERT INTO `districts` VALUES ('1105161', '1105', 'INDRA MAKMUR');
INSERT INTO `districts` VALUES ('1105170', '1105', 'PANTE BIDARI');
INSERT INTO `districts` VALUES ('1105180', '1105', 'SIMPANG ULIM');
INSERT INTO `districts` VALUES ('1105181', '1105', 'MADAT');
INSERT INTO `districts` VALUES ('1106010', '1106', 'LINGE');
INSERT INTO `districts` VALUES ('1106011', '1106', 'ATU LINTANG');
INSERT INTO `districts` VALUES ('1106012', '1106', 'JAGONG JEGET');
INSERT INTO `districts` VALUES ('1106020', '1106', 'BINTANG');
INSERT INTO `districts` VALUES ('1106031', '1106', 'LUT TAWAR');
INSERT INTO `districts` VALUES ('1106032', '1106', 'KEBAYAKAN');
INSERT INTO `districts` VALUES ('1106040', '1106', 'PEGASING');
INSERT INTO `districts` VALUES ('1106041', '1106', 'BIES');
INSERT INTO `districts` VALUES ('1106050', '1106', 'BEBESEN');
INSERT INTO `districts` VALUES ('1106051', '1106', 'KUTE PANANG');
INSERT INTO `districts` VALUES ('1106060', '1106', 'SILIH NARA');
INSERT INTO `districts` VALUES ('1106061', '1106', 'KETOL');
INSERT INTO `districts` VALUES ('1106062', '1106', 'CELALA');
INSERT INTO `districts` VALUES ('1106063', '1106', 'RUSIP ANTARA');
INSERT INTO `districts` VALUES ('1107050', '1107', 'JOHAN PAHLAWAN');
INSERT INTO `districts` VALUES ('1107060', '1107', 'SAMATIGA');
INSERT INTO `districts` VALUES ('1107061', '1107', 'BUBON');
INSERT INTO `districts` VALUES ('1107062', '1107', 'ARONGAN LAMBALEK');
INSERT INTO `districts` VALUES ('1107070', '1107', 'WOYLA');
INSERT INTO `districts` VALUES ('1107071', '1107', 'WOYLA BARAT');
INSERT INTO `districts` VALUES ('1107072', '1107', 'WOYLA TIMUR');
INSERT INTO `districts` VALUES ('1107080', '1107', 'KAWAY XVI');
INSERT INTO `districts` VALUES ('1107081', '1107', 'MEUREUBO');
INSERT INTO `districts` VALUES ('1107082', '1107', 'PANTAI CEUREMEN');
INSERT INTO `districts` VALUES ('1107083', '1107', 'PANTON REU');
INSERT INTO `districts` VALUES ('1107090', '1107', 'SUNGAI MAS');
INSERT INTO `districts` VALUES ('1108010', '1108', 'LHOONG');
INSERT INTO `districts` VALUES ('1108020', '1108', 'LHOKNGA');
INSERT INTO `districts` VALUES ('1108021', '1108', 'LEUPUNG');
INSERT INTO `districts` VALUES ('1108030', '1108', 'INDRAPURI');
INSERT INTO `districts` VALUES ('1108031', '1108', 'KUTA COT GLIE');
INSERT INTO `districts` VALUES ('1108040', '1108', 'SEULIMEUM');
INSERT INTO `districts` VALUES ('1108041', '1108', 'KOTA JANTHO');
INSERT INTO `districts` VALUES ('1108042', '1108', 'LEMBAH SEULAWAH');
INSERT INTO `districts` VALUES ('1108050', '1108', 'MESJID RAYA');
INSERT INTO `districts` VALUES ('1108060', '1108', 'DARUSSALAM');
INSERT INTO `districts` VALUES ('1108061', '1108', 'BAITUSSALAM');
INSERT INTO `districts` VALUES ('1108070', '1108', 'KUTA BARO');
INSERT INTO `districts` VALUES ('1108080', '1108', 'MONTASIK');
INSERT INTO `districts` VALUES ('1108081', '1108', 'BLANG BINTANG');
INSERT INTO `districts` VALUES ('1108090', '1108', 'INGIN JAYA');
INSERT INTO `districts` VALUES ('1108091', '1108', 'KRUENG BARONA JAYA');
INSERT INTO `districts` VALUES ('1108100', '1108', 'SUKA MAKMUR');
INSERT INTO `districts` VALUES ('1108101', '1108', 'KUTA MALAKA');
INSERT INTO `districts` VALUES ('1108102', '1108', 'SIMPANG TIGA');
INSERT INTO `districts` VALUES ('1108110', '1108', 'DARUL IMARAH');
INSERT INTO `districts` VALUES ('1108111', '1108', 'DARUL KAMAL');
INSERT INTO `districts` VALUES ('1108120', '1108', 'PEUKAN BADA');
INSERT INTO `districts` VALUES ('1108130', '1108', 'PULO ACEH');
INSERT INTO `districts` VALUES ('1109010', '1109', 'GEUMPANG');
INSERT INTO `districts` VALUES ('1109011', '1109', 'MANE');
INSERT INTO `districts` VALUES ('1109070', '1109', 'GLUMPANG TIGA');
INSERT INTO `districts` VALUES ('1109071', '1109', 'GLUMPANG BARO');
INSERT INTO `districts` VALUES ('1109080', '1109', 'MUTIARA');
INSERT INTO `districts` VALUES ('1109081', '1109', 'MUTIARA TIMUR');
INSERT INTO `districts` VALUES ('1109090', '1109', 'TIRO/TRUSEB');
INSERT INTO `districts` VALUES ('1109100', '1109', 'TANGSE');
INSERT INTO `districts` VALUES ('1109111', '1109', 'KEUMALA');
INSERT INTO `districts` VALUES ('1109112', '1109', 'TITEUE');
INSERT INTO `districts` VALUES ('1109120', '1109', 'SAKTI');
INSERT INTO `districts` VALUES ('1109130', '1109', 'MILA');
INSERT INTO `districts` VALUES ('1109140', '1109', 'PADANG TIJI');
INSERT INTO `districts` VALUES ('1109150', '1109', 'DELIMA');
INSERT INTO `districts` VALUES ('1109151', '1109', 'GRONG GRONG');
INSERT INTO `districts` VALUES ('1109160', '1109', 'INDRAJAYA');
INSERT INTO `districts` VALUES ('1109170', '1109', 'PEUKAN BARO');
INSERT INTO `districts` VALUES ('1109180', '1109', 'KEMBANG TANJONG');
INSERT INTO `districts` VALUES ('1109190', '1109', 'SIMPANG TIGA');
INSERT INTO `districts` VALUES ('1109200', '1109', 'KOTA SIGLI');
INSERT INTO `districts` VALUES ('1109210', '1109', 'PIDIE');
INSERT INTO `districts` VALUES ('1109220', '1109', 'BATEE');
INSERT INTO `districts` VALUES ('1109230', '1109', 'MUARA TIGA');
INSERT INTO `districts` VALUES ('1110010', '1110', 'SAMALANGA');
INSERT INTO `districts` VALUES ('1110011', '1110', 'SIMPANG MAMPLAM');
INSERT INTO `districts` VALUES ('1110020', '1110', 'PANDRAH');
INSERT INTO `districts` VALUES ('1110030', '1110', 'JEUNIEB');
INSERT INTO `districts` VALUES ('1110031', '1110', 'PEULIMBANG');
INSERT INTO `districts` VALUES ('1110040', '1110', 'PEUDADA');
INSERT INTO `districts` VALUES ('1110050', '1110', 'JULI');
INSERT INTO `districts` VALUES ('1110060', '1110', 'JEUMPA');
INSERT INTO `districts` VALUES ('1110061', '1110', 'KOTA JUANG');
INSERT INTO `districts` VALUES ('1110062', '1110', 'KUALA');
INSERT INTO `districts` VALUES ('1110070', '1110', 'JANGKA');
INSERT INTO `districts` VALUES ('1110080', '1110', 'PEUSANGAN');
INSERT INTO `districts` VALUES ('1110081', '1110', 'PEUSANGAN SELATAN');
INSERT INTO `districts` VALUES ('1110082', '1110', 'PEUSANGAN SIBLAH KRUENG');
INSERT INTO `districts` VALUES ('1110090', '1110', 'MAKMUR');
INSERT INTO `districts` VALUES ('1110100', '1110', 'GANDA PURA');
INSERT INTO `districts` VALUES ('1110101', '1110', 'KUTA BLANG');
INSERT INTO `districts` VALUES ('1111010', '1111', 'SAWANG');
INSERT INTO `districts` VALUES ('1111020', '1111', 'NISAM');
INSERT INTO `districts` VALUES ('1111021', '1111', 'NISAM ANTARA');
INSERT INTO `districts` VALUES ('1111022', '1111', 'BANDA BARO');
INSERT INTO `districts` VALUES ('1111030', '1111', 'KUTA MAKMUR');
INSERT INTO `districts` VALUES ('1111031', '1111', 'SIMPANG KERAMAT');
INSERT INTO `districts` VALUES ('1111040', '1111', 'SYAMTALIRA BAYU');
INSERT INTO `districts` VALUES ('1111041', '1111', 'GEUREUDONG PASE');
INSERT INTO `districts` VALUES ('1111050', '1111', 'MEURAH MULIA');
INSERT INTO `districts` VALUES ('1111060', '1111', 'MATANGKULI');
INSERT INTO `districts` VALUES ('1111061', '1111', 'PAYA BAKONG');
INSERT INTO `districts` VALUES ('1111062', '1111', 'PIRAK TIMU');
INSERT INTO `districts` VALUES ('1111070', '1111', 'COT GIREK');
INSERT INTO `districts` VALUES ('1111080', '1111', 'TANAH JAMBO AYE');
INSERT INTO `districts` VALUES ('1111081', '1111', 'LANGKAHAN');
INSERT INTO `districts` VALUES ('1111090', '1111', 'SEUNUDDON');
INSERT INTO `districts` VALUES ('1111100', '1111', 'BAKTIYA');
INSERT INTO `districts` VALUES ('1111101', '1111', 'BAKTIYA BARAT');
INSERT INTO `districts` VALUES ('1111110', '1111', 'LHOKSUKON');
INSERT INTO `districts` VALUES ('1111120', '1111', 'TANAH LUAS');
INSERT INTO `districts` VALUES ('1111121', '1111', 'NIBONG');
INSERT INTO `districts` VALUES ('1111130', '1111', 'SAMUDERA');
INSERT INTO `districts` VALUES ('1111140', '1111', 'SYAMTALIRA ARON');
INSERT INTO `districts` VALUES ('1111150', '1111', 'TANAH PASIR');
INSERT INTO `districts` VALUES ('1111151', '1111', 'LAPANG');
INSERT INTO `districts` VALUES ('1111160', '1111', 'MUARA BATU');
INSERT INTO `districts` VALUES ('1111170', '1111', 'DEWANTARA');
INSERT INTO `districts` VALUES ('1112010', '1112', 'MANGGENG');
INSERT INTO `districts` VALUES ('1112011', '1112', 'LEMBAH SABIL');
INSERT INTO `districts` VALUES ('1112020', '1112', 'TANGAN-TANGAN');
INSERT INTO `districts` VALUES ('1112021', '1112', 'SETIA');
INSERT INTO `districts` VALUES ('1112030', '1112', 'BLANG PIDIE');
INSERT INTO `districts` VALUES ('1112031', '1112', 'JEUMPA');
INSERT INTO `districts` VALUES ('1112040', '1112', 'SUSOH');
INSERT INTO `districts` VALUES ('1112050', '1112', 'KUALA BATEE');
INSERT INTO `districts` VALUES ('1112060', '1112', 'BABAH ROT');
INSERT INTO `districts` VALUES ('1113010', '1113', 'KUTA PANJANG');
INSERT INTO `districts` VALUES ('1113011', '1113', 'BLANG JERANGO');
INSERT INTO `districts` VALUES ('1113020', '1113', 'BLANGKEJEREN');
INSERT INTO `districts` VALUES ('1113021', '1113', 'PUTRI BETUNG');
INSERT INTO `districts` VALUES ('1113022', '1113', 'DABUN GELANG');
INSERT INTO `districts` VALUES ('1113023', '1113', 'BLANG PEGAYON');
INSERT INTO `districts` VALUES ('1113030', '1113', 'PINING');
INSERT INTO `districts` VALUES ('1113040', '1113', 'RIKIT GAIB');
INSERT INTO `districts` VALUES ('1113041', '1113', 'PANTAN CUACA');
INSERT INTO `districts` VALUES ('1113050', '1113', 'TERANGUN');
INSERT INTO `districts` VALUES ('1113051', '1113', 'TRIPE JAYA');
INSERT INTO `districts` VALUES ('1114010', '1114', 'TAMIANG HULU');
INSERT INTO `districts` VALUES ('1114011', '1114', 'BANDAR PUSAKA');
INSERT INTO `districts` VALUES ('1114020', '1114', 'KEJURUAN MUDA');
INSERT INTO `districts` VALUES ('1114021', '1114', 'TENGGULUN');
INSERT INTO `districts` VALUES ('1114030', '1114', 'RANTAU');
INSERT INTO `districts` VALUES ('1114040', '1114', 'KOTA KUALA SIMPANG');
INSERT INTO `districts` VALUES ('1114050', '1114', 'SERUWAY');
INSERT INTO `districts` VALUES ('1114060', '1114', 'BENDAHARA');
INSERT INTO `districts` VALUES ('1114061', '1114', 'BANDA MULIA');
INSERT INTO `districts` VALUES ('1114070', '1114', 'KARANG BARU');
INSERT INTO `districts` VALUES ('1114071', '1114', 'SEKERAK');
INSERT INTO `districts` VALUES ('1114080', '1114', 'MANYAK PAYED');
INSERT INTO `districts` VALUES ('1115010', '1115', 'DARUL MAKMUR');
INSERT INTO `districts` VALUES ('1115011', '1115', 'TRIPA MAKMUR');
INSERT INTO `districts` VALUES ('1115020', '1115', 'KUALA');
INSERT INTO `districts` VALUES ('1115021', '1115', 'KUALA PESISIR');
INSERT INTO `districts` VALUES ('1115022', '1115', 'TADU RAYA');
INSERT INTO `districts` VALUES ('1115030', '1115', 'BEUTONG');
INSERT INTO `districts` VALUES ('1115031', '1115', 'BEUTONG ATEUH BANGGALANG');
INSERT INTO `districts` VALUES ('1115040', '1115', 'SEUNAGAN');
INSERT INTO `districts` VALUES ('1115041', '1115', 'SUKA MAKMUE');
INSERT INTO `districts` VALUES ('1115050', '1115', 'SEUNAGAN TIMUR');
INSERT INTO `districts` VALUES ('1116010', '1116', 'TEUNOM');
INSERT INTO `districts` VALUES ('1116011', '1116', 'PASIE RAYA');
INSERT INTO `districts` VALUES ('1116020', '1116', 'PANGA');
INSERT INTO `districts` VALUES ('1116030', '1116', 'KRUENG SABEE');
INSERT INTO `districts` VALUES ('1116040', '1116', 'SETIA BAKTI');
INSERT INTO `districts` VALUES ('1116050', '1116', 'SAMPOINIET');
INSERT INTO `districts` VALUES ('1116051', '1116', 'DARUL HIKMAH');
INSERT INTO `districts` VALUES ('1116060', '1116', 'JAYA');
INSERT INTO `districts` VALUES ('1116061', '1116', 'INDRA JAYA');
INSERT INTO `districts` VALUES ('1117010', '1117', 'TIMANG GAJAH');
INSERT INTO `districts` VALUES ('1117011', '1117', 'GAJAH PUTIH');
INSERT INTO `districts` VALUES ('1117020', '1117', 'PINTU RIME GAYO');
INSERT INTO `districts` VALUES ('1117030', '1117', 'BUKIT');
INSERT INTO `districts` VALUES ('1117040', '1117', 'WIH PESAM');
INSERT INTO `districts` VALUES ('1117050', '1117', 'BANDAR');
INSERT INTO `districts` VALUES ('1117051', '1117', 'BENER KELIPAH');
INSERT INTO `districts` VALUES ('1117060', '1117', 'SYIAH UTAMA');
INSERT INTO `districts` VALUES ('1117061', '1117', 'MESIDAH');
INSERT INTO `districts` VALUES ('1117070', '1117', 'PERMATA');
INSERT INTO `districts` VALUES ('1118010', '1118', 'MEUREUDU');
INSERT INTO `districts` VALUES ('1118020', '1118', 'MEURAH DUA');
INSERT INTO `districts` VALUES ('1118030', '1118', 'BANDAR DUA');
INSERT INTO `districts` VALUES ('1118040', '1118', 'JANGKA BUYA');
INSERT INTO `districts` VALUES ('1118050', '1118', 'ULIM');
INSERT INTO `districts` VALUES ('1118060', '1118', 'TRIENGGADENG');
INSERT INTO `districts` VALUES ('1118070', '1118', 'PANTERAJA');
INSERT INTO `districts` VALUES ('1118080', '1118', 'BANDAR BARU');
INSERT INTO `districts` VALUES ('1171010', '1171', 'MEURAXA');
INSERT INTO `districts` VALUES ('1171011', '1171', 'JAYA BARU');
INSERT INTO `districts` VALUES ('1171012', '1171', 'BANDA RAYA');
INSERT INTO `districts` VALUES ('1171020', '1171', 'BAITURRAHMAN');
INSERT INTO `districts` VALUES ('1171021', '1171', 'LUENG BATA');
INSERT INTO `districts` VALUES ('1171030', '1171', 'KUTA ALAM');
INSERT INTO `districts` VALUES ('1171031', '1171', 'KUTA RAJA');
INSERT INTO `districts` VALUES ('1171040', '1171', 'SYIAH KUALA');
INSERT INTO `districts` VALUES ('1171041', '1171', 'ULEE KARENG');
INSERT INTO `districts` VALUES ('1172010', '1172', 'SUKAJAYA');
INSERT INTO `districts` VALUES ('1172020', '1172', 'SUKAKARYA');
INSERT INTO `districts` VALUES ('1173010', '1173', 'LANGSA TIMUR');
INSERT INTO `districts` VALUES ('1173011', '1173', 'LANGSA LAMA');
INSERT INTO `districts` VALUES ('1173020', '1173', 'LANGSA BARAT');
INSERT INTO `districts` VALUES ('1173021', '1173', 'LANGSA BARO');
INSERT INTO `districts` VALUES ('1173030', '1173', 'LANGSA KOTA');
INSERT INTO `districts` VALUES ('1174010', '1174', 'BLANG MANGAT');
INSERT INTO `districts` VALUES ('1174020', '1174', 'MUARA DUA');
INSERT INTO `districts` VALUES ('1174021', '1174', 'MUARA SATU');
INSERT INTO `districts` VALUES ('1174030', '1174', 'BANDA SAKTI');
INSERT INTO `districts` VALUES ('1175010', '1175', 'SIMPANG KIRI');
INSERT INTO `districts` VALUES ('1175020', '1175', 'PENANGGALAN');
INSERT INTO `districts` VALUES ('1175030', '1175', 'RUNDENG');
INSERT INTO `districts` VALUES ('1175040', '1175', 'SULTAN DAULAT');
INSERT INTO `districts` VALUES ('1175050', '1175', 'LONGKIB');
INSERT INTO `districts` VALUES ('1201060', '1201', 'IDANO GAWO');
INSERT INTO `districts` VALUES ('1201061', '1201', 'BAWOLATO');
INSERT INTO `districts` VALUES ('1201062', '1201', 'ULUGAWO');
INSERT INTO `districts` VALUES ('1201070', '1201', 'GIDO');
INSERT INTO `districts` VALUES ('1201071', '1201', 'SOGAEADU');
INSERT INTO `districts` VALUES ('1201081', '1201', 'MA U');
INSERT INTO `districts` VALUES ('1201082', '1201', 'SOMOLO - MOLO');
INSERT INTO `districts` VALUES ('1201130', '1201', 'HILIDUHO');
INSERT INTO `districts` VALUES ('1201131', '1201', 'HILI SERANGKAI');
INSERT INTO `districts` VALUES ('1201132', '1201', 'BOTOMUZOI');
INSERT INTO `districts` VALUES ('1202010', '1202', 'BATAHAN');
INSERT INTO `districts` VALUES ('1202011', '1202', 'SINUNUKAN');
INSERT INTO `districts` VALUES ('1202020', '1202', 'BATANG NATAL');
INSERT INTO `districts` VALUES ('1202021', '1202', 'LINGGA BAYU');
INSERT INTO `districts` VALUES ('1202022', '1202', 'RANTO BAEK');
INSERT INTO `districts` VALUES ('1202030', '1202', 'KOTANOPAN');
INSERT INTO `districts` VALUES ('1202031', '1202', 'ULU PUNGKUT');
INSERT INTO `districts` VALUES ('1202032', '1202', 'TAMBANGAN');
INSERT INTO `districts` VALUES ('1202033', '1202', 'LEMBAH SORIK MARAPI');
INSERT INTO `districts` VALUES ('1202034', '1202', 'PUNCAK SORIK MARAPI');
INSERT INTO `districts` VALUES ('1202040', '1202', 'MUARA SIPONGI');
INSERT INTO `districts` VALUES ('1202041', '1202', 'PAKANTAN');
INSERT INTO `districts` VALUES ('1202050', '1202', 'PANYABUNGAN');
INSERT INTO `districts` VALUES ('1202051', '1202', 'PANYABUNGAN SELATAN');
INSERT INTO `districts` VALUES ('1202052', '1202', 'PANYABUNGAN BARAT');
INSERT INTO `districts` VALUES ('1202053', '1202', 'PANYABUNGAN UTARA');
INSERT INTO `districts` VALUES ('1202054', '1202', 'PANYABUNGAN TIMUR');
INSERT INTO `districts` VALUES ('1202055', '1202', 'HUTA BARGOT');
INSERT INTO `districts` VALUES ('1202060', '1202', 'NATAL');
INSERT INTO `districts` VALUES ('1202070', '1202', 'MUARA BATANG GADIS');
INSERT INTO `districts` VALUES ('1202080', '1202', 'SIABU');
INSERT INTO `districts` VALUES ('1202081', '1202', 'BUKIT MALINTANG');
INSERT INTO `districts` VALUES ('1202082', '1202', 'NAGA JUANG');
INSERT INTO `districts` VALUES ('1203010', '1203', 'BATANG ANGKOLA');
INSERT INTO `districts` VALUES ('1203011', '1203', 'SAYUR MATINGGI');
INSERT INTO `districts` VALUES ('1203012', '1203', 'TANO TOMBANGAN ANGKOLA');
INSERT INTO `districts` VALUES ('1203070', '1203', 'ANGKOLA TIMUR');
INSERT INTO `districts` VALUES ('1203080', '1203', 'ANGKOLA SELATAN');
INSERT INTO `districts` VALUES ('1203090', '1203', 'ANGKOLA  BARAT');
INSERT INTO `districts` VALUES ('1203091', '1203', 'ANGKOLA SANGKUNUR');
INSERT INTO `districts` VALUES ('1203100', '1203', 'BATANG TORU');
INSERT INTO `districts` VALUES ('1203101', '1203', 'MARANCAR');
INSERT INTO `districts` VALUES ('1203102', '1203', 'MUARA BATANG TORU');
INSERT INTO `districts` VALUES ('1203110', '1203', 'SIPIROK');
INSERT INTO `districts` VALUES ('1203120', '1203', 'ARSE');
INSERT INTO `districts` VALUES ('1203160', '1203', 'SAIPAR DOLOK HOLE');
INSERT INTO `districts` VALUES ('1203161', '1203', 'AEK BILAH');
INSERT INTO `districts` VALUES ('1204010', '1204', 'PINANG SORI');
INSERT INTO `districts` VALUES ('1204011', '1204', 'BADIRI');
INSERT INTO `districts` VALUES ('1204020', '1204', 'SIBABANGUN');
INSERT INTO `districts` VALUES ('1204021', '1204', 'LUMUT');
INSERT INTO `districts` VALUES ('1204022', '1204', 'SUKABANGUN');
INSERT INTO `districts` VALUES ('1204030', '1204', 'PANDAN');
INSERT INTO `districts` VALUES ('1204031', '1204', 'TUKKA');
INSERT INTO `districts` VALUES ('1204032', '1204', 'SARUDIK');
INSERT INTO `districts` VALUES ('1204040', '1204', 'TAPIAN NAULI');
INSERT INTO `districts` VALUES ('1204041', '1204', 'SITAHUIS');
INSERT INTO `districts` VALUES ('1204050', '1204', 'KOLANG');
INSERT INTO `districts` VALUES ('1204060', '1204', 'SORKAM');
INSERT INTO `districts` VALUES ('1204061', '1204', 'SORKAM BARAT');
INSERT INTO `districts` VALUES ('1204062', '1204', 'PASARIBU TOBING');
INSERT INTO `districts` VALUES ('1204070', '1204', 'BARUS');
INSERT INTO `districts` VALUES ('1204071', '1204', 'SOSOR GADONG');
INSERT INTO `districts` VALUES ('1204072', '1204', 'ANDAM DEWI');
INSERT INTO `districts` VALUES ('1204073', '1204', 'BARUS UTARA');
INSERT INTO `districts` VALUES ('1204080', '1204', 'MANDUAMAS');
INSERT INTO `districts` VALUES ('1204081', '1204', 'SIRANDORUNG');
INSERT INTO `districts` VALUES ('1205030', '1205', 'PARMONANGAN');
INSERT INTO `districts` VALUES ('1205040', '1205', 'ADIANKOTING');
INSERT INTO `districts` VALUES ('1205050', '1205', 'SIPOHOLON');
INSERT INTO `districts` VALUES ('1205060', '1205', 'TARUTUNG');
INSERT INTO `districts` VALUES ('1205061', '1205', 'SIATAS BARITA');
INSERT INTO `districts` VALUES ('1205070', '1205', 'PAHAE JULU');
INSERT INTO `districts` VALUES ('1205080', '1205', 'PAHAE JAE');
INSERT INTO `districts` VALUES ('1205081', '1205', 'PURBATUA');
INSERT INTO `districts` VALUES ('1205082', '1205', 'SIMANGUMBAN');
INSERT INTO `districts` VALUES ('1205090', '1205', 'PANGARIBUAN');
INSERT INTO `districts` VALUES ('1205100', '1205', 'GAROGA');
INSERT INTO `districts` VALUES ('1205110', '1205', 'SIPAHUTAR');
INSERT INTO `districts` VALUES ('1205120', '1205', 'SIBORONGBORONG');
INSERT INTO `districts` VALUES ('1205130', '1205', 'PAGARAN');
INSERT INTO `districts` VALUES ('1205180', '1205', 'MUARA');
INSERT INTO `districts` VALUES ('1206030', '1206', 'BALIGE');
INSERT INTO `districts` VALUES ('1206031', '1206', 'TAMPAHAN');
INSERT INTO `districts` VALUES ('1206040', '1206', 'LAGUBOTI');
INSERT INTO `districts` VALUES ('1206050', '1206', 'HABINSARAN');
INSERT INTO `districts` VALUES ('1206051', '1206', 'BORBOR');
INSERT INTO `districts` VALUES ('1206052', '1206', 'NASSAU');
INSERT INTO `districts` VALUES ('1206060', '1206', 'SILAEN');
INSERT INTO `districts` VALUES ('1206061', '1206', 'SIGUMPAR');
INSERT INTO `districts` VALUES ('1206070', '1206', 'PORSEA');
INSERT INTO `districts` VALUES ('1206071', '1206', 'PINTU POHAN MERANTI');
INSERT INTO `districts` VALUES ('1206072', '1206', 'SIANTAR NARUMONDA');
INSERT INTO `districts` VALUES ('1206073', '1206', 'PARMAKSIAN');
INSERT INTO `districts` VALUES ('1206080', '1206', 'LUMBAN JULU');
INSERT INTO `districts` VALUES ('1206081', '1206', 'ULUAN');
INSERT INTO `districts` VALUES ('1206082', '1206', 'AJIBATA');
INSERT INTO `districts` VALUES ('1206083', '1206', 'BONATUA LUNASI');
INSERT INTO `districts` VALUES ('1207050', '1207', 'BILAH HULU');
INSERT INTO `districts` VALUES ('1207070', '1207', 'PANGKATAN');
INSERT INTO `districts` VALUES ('1207080', '1207', 'BILAH BARAT');
INSERT INTO `districts` VALUES ('1207130', '1207', 'BILAH HILIR');
INSERT INTO `districts` VALUES ('1207140', '1207', 'PANAI HULU');
INSERT INTO `districts` VALUES ('1207150', '1207', 'PANAI TENGAH');
INSERT INTO `districts` VALUES ('1207160', '1207', 'PANAI HILIR');
INSERT INTO `districts` VALUES ('1207210', '1207', 'RANTAU SELATAN');
INSERT INTO `districts` VALUES ('1207220', '1207', 'RANTAU UTARA');
INSERT INTO `districts` VALUES ('1208010', '1208', 'BANDAR PASIR MANDOGE');
INSERT INTO `districts` VALUES ('1208020', '1208', 'BANDAR PULAU');
INSERT INTO `districts` VALUES ('1208021', '1208', 'AEK SONGSONGAN');
INSERT INTO `districts` VALUES ('1208022', '1208', 'RAHUNING');
INSERT INTO `districts` VALUES ('1208030', '1208', 'PULAU RAKYAT');
INSERT INTO `districts` VALUES ('1208031', '1208', 'AEK KUASAN');
INSERT INTO `districts` VALUES ('1208032', '1208', 'AEK LEDONG');
INSERT INTO `districts` VALUES ('1208040', '1208', 'SEI KEPAYANG');
INSERT INTO `districts` VALUES ('1208041', '1208', 'SEI KEPAYANG BARAT');
INSERT INTO `districts` VALUES ('1208042', '1208', 'SEI KEPAYANG TIMUR');
INSERT INTO `districts` VALUES ('1208050', '1208', 'TANJUNG BALAI');
INSERT INTO `districts` VALUES ('1208060', '1208', 'SIMPANG EMPAT');
INSERT INTO `districts` VALUES ('1208061', '1208', 'TELUK DALAM');
INSERT INTO `districts` VALUES ('1208070', '1208', 'AIR BATU');
INSERT INTO `districts` VALUES ('1208071', '1208', 'SEI DADAP');
INSERT INTO `districts` VALUES ('1208080', '1208', 'BUNTU PANE');
INSERT INTO `districts` VALUES ('1208081', '1208', 'TINGGI RAJA');
INSERT INTO `districts` VALUES ('1208082', '1208', 'SETIA JANJI');
INSERT INTO `districts` VALUES ('1208090', '1208', 'MERANTI');
INSERT INTO `districts` VALUES ('1208091', '1208', 'PULO BANDRING');
INSERT INTO `districts` VALUES ('1208092', '1208', 'RAWANG PANCA ARGA');
INSERT INTO `districts` VALUES ('1208100', '1208', 'AIR JOMAN');
INSERT INTO `districts` VALUES ('1208101', '1208', 'SILAU LAUT');
INSERT INTO `districts` VALUES ('1208160', '1208', 'KISARAN BARAT');
INSERT INTO `districts` VALUES ('1208170', '1208', 'KISARAN TIMUR');
INSERT INTO `districts` VALUES ('1209010', '1209', 'SILIMAKUTA');
INSERT INTO `districts` VALUES ('1209011', '1209', 'PEMATANG SILIMAHUTA');
INSERT INTO `districts` VALUES ('1209020', '1209', 'PURBA');
INSERT INTO `districts` VALUES ('1209021', '1209', 'HARANGGAOL HORISON');
INSERT INTO `districts` VALUES ('1209030', '1209', 'DOLOK PARDAMEAN');
INSERT INTO `districts` VALUES ('1209040', '1209', 'SIDAMANIK');
INSERT INTO `districts` VALUES ('1209041', '1209', 'PEMATANG SIDAMANIK');
INSERT INTO `districts` VALUES ('1209050', '1209', 'GIRSANG SIPANGAN BOLON');
INSERT INTO `districts` VALUES ('1209060', '1209', 'TANAH JAWA');
INSERT INTO `districts` VALUES ('1209061', '1209', 'HATONDUHAN');
INSERT INTO `districts` VALUES ('1209070', '1209', 'DOLOK PANRIBUAN');
INSERT INTO `districts` VALUES ('1209080', '1209', 'JORLANG HATARAN');
INSERT INTO `districts` VALUES ('1209090', '1209', 'PANEI');
INSERT INTO `districts` VALUES ('1209091', '1209', 'PANOMBEAN PANEI');
INSERT INTO `districts` VALUES ('1209100', '1209', 'RAYA');
INSERT INTO `districts` VALUES ('1209110', '1209', 'DOLOK SILAU');
INSERT INTO `districts` VALUES ('1209120', '1209', 'SILAU KAHEAN');
INSERT INTO `districts` VALUES ('1209130', '1209', 'RAYA KAHEAN');
INSERT INTO `districts` VALUES ('1209140', '1209', 'TAPIAN DOLOK');
INSERT INTO `districts` VALUES ('1209150', '1209', 'DOLOK BATU NANGGAR');
INSERT INTO `districts` VALUES ('1209160', '1209', 'SIANTAR');
INSERT INTO `districts` VALUES ('1209161', '1209', 'GUNUNG MALELA');
INSERT INTO `districts` VALUES ('1209162', '1209', 'GUNUNG MALIGAS');
INSERT INTO `districts` VALUES ('1209170', '1209', 'HUTABAYU RAJA');
INSERT INTO `districts` VALUES ('1209171', '1209', 'JAWA MARAJA BAH JAMBI');
INSERT INTO `districts` VALUES ('1209180', '1209', 'PEMATANG BANDAR');
INSERT INTO `districts` VALUES ('1209181', '1209', 'BANDAR HULUAN');
INSERT INTO `districts` VALUES ('1209190', '1209', 'BANDAR');
INSERT INTO `districts` VALUES ('1209191', '1209', 'BANDAR MASILAM');
INSERT INTO `districts` VALUES ('1209200', '1209', 'BOSAR MALIGAS');
INSERT INTO `districts` VALUES ('1209210', '1209', 'UJUNG PADANG');
INSERT INTO `districts` VALUES ('1210030', '1210', 'SIDIKALANG');
INSERT INTO `districts` VALUES ('1210031', '1210', 'BERAMPU');
INSERT INTO `districts` VALUES ('1210032', '1210', 'SITINJO');
INSERT INTO `districts` VALUES ('1210040', '1210', 'PARBULUAN');
INSERT INTO `districts` VALUES ('1210050', '1210', 'SUMBUL');
INSERT INTO `districts` VALUES ('1210051', '1210', 'SILAHI SABUNGAN');
INSERT INTO `districts` VALUES ('1210060', '1210', 'SILIMA PUNGGA-PUNGGA');
INSERT INTO `districts` VALUES ('1210061', '1210', 'LAE PARIRA');
INSERT INTO `districts` VALUES ('1210070', '1210', 'SIEMPAT NEMPU');
INSERT INTO `districts` VALUES ('1210080', '1210', 'SIEMPAT NEMPU HULU');
INSERT INTO `districts` VALUES ('1210090', '1210', 'SIEMPAT NEMPU HILIR');
INSERT INTO `districts` VALUES ('1210100', '1210', 'TIGA LINGGA');
INSERT INTO `districts` VALUES ('1210101', '1210', 'GUNUNG SITEMBER');
INSERT INTO `districts` VALUES ('1210110', '1210', 'PEGAGAN HILIR');
INSERT INTO `districts` VALUES ('1210120', '1210', 'TANAH PINEM');
INSERT INTO `districts` VALUES ('1211010', '1211', 'MARDINGDING');
INSERT INTO `districts` VALUES ('1211020', '1211', 'LAUBALENG');
INSERT INTO `districts` VALUES ('1211030', '1211', 'TIGA BINANGA');
INSERT INTO `districts` VALUES ('1211040', '1211', 'JUHAR');
INSERT INTO `districts` VALUES ('1211050', '1211', 'MUNTE');
INSERT INTO `districts` VALUES ('1211060', '1211', 'KUTA BULUH');
INSERT INTO `districts` VALUES ('1211070', '1211', 'PAYUNG');
INSERT INTO `districts` VALUES ('1211071', '1211', 'TIGANDERKET');
INSERT INTO `districts` VALUES ('1211080', '1211', 'SIMPANG EMPAT');
INSERT INTO `districts` VALUES ('1211081', '1211', 'NAMAN TERAN');
INSERT INTO `districts` VALUES ('1211082', '1211', 'MERDEKA');
INSERT INTO `districts` VALUES ('1211090', '1211', 'KABANJAHE');
INSERT INTO `districts` VALUES ('1211100', '1211', 'BERASTAGI');
INSERT INTO `districts` VALUES ('1211110', '1211', 'TIGAPANAH');
INSERT INTO `districts` VALUES ('1211111', '1211', 'DOLAT RAYAT');
INSERT INTO `districts` VALUES ('1211120', '1211', 'MEREK');
INSERT INTO `districts` VALUES ('1211130', '1211', 'BARUSJAHE');
INSERT INTO `districts` VALUES ('1212010', '1212', 'GUNUNG MERIAH');
INSERT INTO `districts` VALUES ('1212020', '1212', 'SINEMBAH TANJUNG MUDA HULU');
INSERT INTO `districts` VALUES ('1212030', '1212', 'SIBOLANGIT');
INSERT INTO `districts` VALUES ('1212040', '1212', 'KUTALIMBARU');
INSERT INTO `districts` VALUES ('1212050', '1212', 'PANCUR BATU');
INSERT INTO `districts` VALUES ('1212060', '1212', 'NAMO RAMBE');
INSERT INTO `districts` VALUES ('1212070', '1212', 'BIRU-BIRU');
INSERT INTO `districts` VALUES ('1212080', '1212', 'SINEMBAH TANJUNG MUDA HILIR');
INSERT INTO `districts` VALUES ('1212090', '1212', 'BANGUN PURBA');
INSERT INTO `districts` VALUES ('1212190', '1212', 'GALANG');
INSERT INTO `districts` VALUES ('1212200', '1212', 'TANJUNG MORAWA');
INSERT INTO `districts` VALUES ('1212210', '1212', 'PATUMBAK');
INSERT INTO `districts` VALUES ('1212220', '1212', 'DELI TUA');
INSERT INTO `districts` VALUES ('1212230', '1212', 'SUNGGAL');
INSERT INTO `districts` VALUES ('1212240', '1212', 'HAMPARAN PERAK');
INSERT INTO `districts` VALUES ('1212250', '1212', 'LABUHAN DELI');
INSERT INTO `districts` VALUES ('1212260', '1212', 'PERCUT SEI TUAN');
INSERT INTO `districts` VALUES ('1212270', '1212', 'BATANG KUIS');
INSERT INTO `districts` VALUES ('1212280', '1212', 'PANTAI LABU');
INSERT INTO `districts` VALUES ('1212290', '1212', 'BERINGIN');
INSERT INTO `districts` VALUES ('1212300', '1212', 'LUBUK PAKAM');
INSERT INTO `districts` VALUES ('1212310', '1212', 'PAGAR MERBAU');
INSERT INTO `districts` VALUES ('1213010', '1213', 'BOHOROK');
INSERT INTO `districts` VALUES ('1213011', '1213', 'SIRAPIT');
INSERT INTO `districts` VALUES ('1213020', '1213', 'SALAPIAN');
INSERT INTO `districts` VALUES ('1213021', '1213', 'KUTAMBARU');
INSERT INTO `districts` VALUES ('1213030', '1213', 'SEI BINGAI');
INSERT INTO `districts` VALUES ('1213040', '1213', 'KUALA');
INSERT INTO `districts` VALUES ('1213050', '1213', 'SELESAI');
INSERT INTO `districts` VALUES ('1213060', '1213', 'BINJAI');
INSERT INTO `districts` VALUES ('1213070', '1213', 'STABAT');
INSERT INTO `districts` VALUES ('1213080', '1213', 'WAMPU');
INSERT INTO `districts` VALUES ('1213090', '1213', 'BATANG SERANGAN');
INSERT INTO `districts` VALUES ('1213100', '1213', 'SAWIT SEBERANG');
INSERT INTO `districts` VALUES ('1213110', '1213', 'PADANG TUALANG');
INSERT INTO `districts` VALUES ('1213120', '1213', 'HINAI');
INSERT INTO `districts` VALUES ('1213130', '1213', 'SECANGGANG');
INSERT INTO `districts` VALUES ('1213140', '1213', 'TANJUNG PURA');
INSERT INTO `districts` VALUES ('1213150', '1213', 'GEBANG');
INSERT INTO `districts` VALUES ('1213160', '1213', 'BABALAN');
INSERT INTO `districts` VALUES ('1213170', '1213', 'SEI LEPAN');
INSERT INTO `districts` VALUES ('1213180', '1213', 'BRANDAN BARAT');
INSERT INTO `districts` VALUES ('1213190', '1213', 'BESITANG');
INSERT INTO `districts` VALUES ('1213200', '1213', 'PANGKALAN SUSU');
INSERT INTO `districts` VALUES ('1213201', '1213', 'PEMATANG JAYA');
INSERT INTO `districts` VALUES ('1214010', '1214', 'HIBALA');
INSERT INTO `districts` VALUES ('1214011', '1214', 'TANAH MASA');
INSERT INTO `districts` VALUES ('1214020', '1214', 'PULAU-PULAU BATU');
INSERT INTO `districts` VALUES ('1214021', '1214', 'PULAU-PULAU BATU TIMUR');
INSERT INTO `districts` VALUES ('1214022', '1214', 'SIMUK');
INSERT INTO `districts` VALUES ('1214023', '1214', 'PULAU-PULAU BATU BARAT');
INSERT INTO `districts` VALUES ('1214024', '1214', 'PULAU-PULAU BATU UTARA');
INSERT INTO `districts` VALUES ('1214030', '1214', 'TELUK DALAM');
INSERT INTO `districts` VALUES ('1214031', '1214', 'FANAYAMA');
INSERT INTO `districts` VALUES ('1214032', '1214', 'TOMA');
INSERT INTO `districts` VALUES ('1214033', '1214', 'MANIAMOLO');
INSERT INTO `districts` VALUES ('1214034', '1214', 'MAZINO');
INSERT INTO `districts` VALUES ('1214035', '1214', 'LUAHAGUNDRE MANIAMOLO');
INSERT INTO `districts` VALUES ('1214036', '1214', 'ONOLALU');
INSERT INTO `districts` VALUES ('1214040', '1214', 'AMANDRAYA');
INSERT INTO `districts` VALUES ('1214041', '1214', 'ARAMO');
INSERT INTO `districts` VALUES ('1214042', '1214', 'ULUSUSUA');
INSERT INTO `districts` VALUES ('1214050', '1214', 'LAHUSA');
INSERT INTO `districts` VALUES ('1214051', '1214', 'SIDUAORI');
INSERT INTO `districts` VALUES ('1214052', '1214', 'SOMAMBAWA');
INSERT INTO `districts` VALUES ('1214060', '1214', 'GOMO');
INSERT INTO `districts` VALUES ('1214061', '1214', 'SUSUA');
INSERT INTO `districts` VALUES ('1214062', '1214', 'MAZO');
INSERT INTO `districts` VALUES ('1214063', '1214', 'UMBUNASI');
INSERT INTO `districts` VALUES ('1214064', '1214', 'IDANOTAE');
INSERT INTO `districts` VALUES ('1214065', '1214', 'ULUIDANOTAE');
INSERT INTO `districts` VALUES ('1214066', '1214', 'BORONADU');
INSERT INTO `districts` VALUES ('1214070', '1214', 'LOLOMATUA');
INSERT INTO `districts` VALUES ('1214071', '1214', 'ULUNOYO');
INSERT INTO `districts` VALUES ('1214072', '1214', 'HURUNA');
INSERT INTO `districts` VALUES ('1214080', '1214', 'LOLOWA\'U');
INSERT INTO `districts` VALUES ('1214081', '1214', 'HILIMEGAI');
INSERT INTO `districts` VALUES ('1214082', '1214', 'OOU');
INSERT INTO `districts` VALUES ('1214083', '1214', 'ONOHAZUMBA');
INSERT INTO `districts` VALUES ('1214084', '1214', 'HILISALAWAAHE');
INSERT INTO `districts` VALUES ('1215010', '1215', 'PAKKAT');
INSERT INTO `districts` VALUES ('1215020', '1215', 'ONAN GANJANG');
INSERT INTO `districts` VALUES ('1215030', '1215', 'SIJAMA POLANG');
INSERT INTO `districts` VALUES ('1215040', '1215', 'DOLOK SANGGUL');
INSERT INTO `districts` VALUES ('1215050', '1215', 'LINTONG NIHUTA');
INSERT INTO `districts` VALUES ('1215060', '1215', 'PARANGINAN');
INSERT INTO `districts` VALUES ('1215070', '1215', 'BAKTI RAJA');
INSERT INTO `districts` VALUES ('1215080', '1215', 'POLLUNG');
INSERT INTO `districts` VALUES ('1215090', '1215', 'PARLILITAN');
INSERT INTO `districts` VALUES ('1215100', '1215', 'TARA BINTANG');
INSERT INTO `districts` VALUES ('1216010', '1216', 'SALAK');
INSERT INTO `districts` VALUES ('1216011', '1216', 'SITELLU TALI URANG JEHE');
INSERT INTO `districts` VALUES ('1216012', '1216', 'PAGINDAR');
INSERT INTO `districts` VALUES ('1216013', '1216', 'SITELLU TALI URANG JULU');
INSERT INTO `districts` VALUES ('1216014', '1216', 'PERGETTENG-GETTENG SENGKUT');
INSERT INTO `districts` VALUES ('1216020', '1216', 'KERAJAAN');
INSERT INTO `districts` VALUES ('1216021', '1216', 'TINADA');
INSERT INTO `districts` VALUES ('1216022', '1216', 'SIEMPAT RUBE');
INSERT INTO `districts` VALUES ('1217010', '1217', 'SIANJUR MULA MULA');
INSERT INTO `districts` VALUES ('1217020', '1217', 'HARIAN');
INSERT INTO `districts` VALUES ('1217030', '1217', 'SITIO-TIO');
INSERT INTO `districts` VALUES ('1217040', '1217', 'ONAN RUNGGU');
INSERT INTO `districts` VALUES ('1217050', '1217', 'NAINGGOLAN');
INSERT INTO `districts` VALUES ('1217060', '1217', 'PALIPI');
INSERT INTO `districts` VALUES ('1217070', '1217', 'RONGGUR NIHUTA');
INSERT INTO `districts` VALUES ('1217080', '1217', 'PANGURURAN');
INSERT INTO `districts` VALUES ('1217090', '1217', 'SIMANINDO');
INSERT INTO `districts` VALUES ('1218010', '1218', 'KOTARIH');
INSERT INTO `districts` VALUES ('1218011', '1218', 'SILINDA');
INSERT INTO `districts` VALUES ('1218012', '1218', 'BINTANG BAYU');
INSERT INTO `districts` VALUES ('1218020', '1218', 'DOLOK MASIHUL');
INSERT INTO `districts` VALUES ('1218021', '1218', 'SERBAJADI');
INSERT INTO `districts` VALUES ('1218030', '1218', 'SIPISPIS');
INSERT INTO `districts` VALUES ('1218040', '1218', 'DOLOK MERAWAN');
INSERT INTO `districts` VALUES ('1218050', '1218', 'TEBINGTINGGI');
INSERT INTO `districts` VALUES ('1218051', '1218', 'TEBING SYAHBANDAR');
INSERT INTO `districts` VALUES ('1218060', '1218', 'BANDAR KHALIPAH');
INSERT INTO `districts` VALUES ('1218070', '1218', 'TANJUNG BERINGIN');
INSERT INTO `districts` VALUES ('1218080', '1218', 'SEI RAMPAH');
INSERT INTO `districts` VALUES ('1218081', '1218', 'SEI BAMBAN');
INSERT INTO `districts` VALUES ('1218090', '1218', 'TELUK MENGKUDU');
INSERT INTO `districts` VALUES ('1218100', '1218', 'PERBAUNGAN');
INSERT INTO `districts` VALUES ('1218101', '1218', 'PEGAJAHAN');
INSERT INTO `districts` VALUES ('1218110', '1218', 'PANTAI CERMIN');
INSERT INTO `districts` VALUES ('1219010', '1219', 'SEI BALAI');
INSERT INTO `districts` VALUES ('1219020', '1219', 'TANJUNG TIRAM');
INSERT INTO `districts` VALUES ('1219030', '1219', 'TALAWI');
INSERT INTO `districts` VALUES ('1219040', '1219', 'LIMAPULUH');
INSERT INTO `districts` VALUES ('1219050', '1219', 'AIR PUTIH');
INSERT INTO `districts` VALUES ('1219060', '1219', 'SEI SUKA');
INSERT INTO `districts` VALUES ('1219070', '1219', 'MEDANG DERAS');
INSERT INTO `districts` VALUES ('1220010', '1220', 'BATANG ONANG');
INSERT INTO `districts` VALUES ('1220020', '1220', 'PADANG BOLAK JULU');
INSERT INTO `districts` VALUES ('1220030', '1220', 'PORTIBI');
INSERT INTO `districts` VALUES ('1220040', '1220', 'PADANG BOLAK');
INSERT INTO `districts` VALUES ('1220050', '1220', 'SIMANGAMBAT');
INSERT INTO `districts` VALUES ('1220060', '1220', 'HALONGONAN');
INSERT INTO `districts` VALUES ('1220070', '1220', 'DOLOK');
INSERT INTO `districts` VALUES ('1220080', '1220', 'DOLOK SIGOMPULON');
INSERT INTO `districts` VALUES ('1220090', '1220', 'HULU SIHAPAS');
INSERT INTO `districts` VALUES ('1221010', '1221', 'SOSOPAN');
INSERT INTO `districts` VALUES ('1221020', '1221', 'ULU BARUMUN');
INSERT INTO `districts` VALUES ('1221030', '1221', 'BARUMUN');
INSERT INTO `districts` VALUES ('1221031', '1221', 'BARUMUN SELATAN');
INSERT INTO `districts` VALUES ('1221040', '1221', 'LUBUK BARUMUN');
INSERT INTO `districts` VALUES ('1221050', '1221', 'SOSA');
INSERT INTO `districts` VALUES ('1221060', '1221', 'BATANG LUBU SUTAM');
INSERT INTO `districts` VALUES ('1221070', '1221', 'HUTA RAJA TINGGI');
INSERT INTO `districts` VALUES ('1221080', '1221', 'HURISTAK');
INSERT INTO `districts` VALUES ('1221090', '1221', 'BARUMUN TENGAH');
INSERT INTO `districts` VALUES ('1221091', '1221', 'AEK NABARA BARUMUN');
INSERT INTO `districts` VALUES ('1221092', '1221', 'SIHAPAS BARUMUN');
INSERT INTO `districts` VALUES ('1222010', '1222', 'SUNGAI KANAN');
INSERT INTO `districts` VALUES ('1222020', '1222', 'TORGAMBA');
INSERT INTO `districts` VALUES ('1222030', '1222', 'KOTA PINANG');
INSERT INTO `districts` VALUES ('1222040', '1222', 'SILANGKITANG');
INSERT INTO `districts` VALUES ('1222050', '1222', 'KAMPUNG RAKYAT');
INSERT INTO `districts` VALUES ('1223010', '1223', 'NA IX-X');
INSERT INTO `districts` VALUES ('1223020', '1223', 'MARBAU');
INSERT INTO `districts` VALUES ('1223030', '1223', 'AEK KUO');
INSERT INTO `districts` VALUES ('1223040', '1223', 'AEK NATAS');
INSERT INTO `districts` VALUES ('1223050', '1223', 'KUALUH SELATAN');
INSERT INTO `districts` VALUES ('1223060', '1223', 'KUALUH HILIR');
INSERT INTO `districts` VALUES ('1223070', '1223', 'KUALUH HULU');
INSERT INTO `districts` VALUES ('1223080', '1223', 'KUALUH LEIDONG');
INSERT INTO `districts` VALUES ('1224010', '1224', 'TUGALA OYO');
INSERT INTO `districts` VALUES ('1224020', '1224', 'ALASA');
INSERT INTO `districts` VALUES ('1224030', '1224', 'ALASA TALU MUZOI');
INSERT INTO `districts` VALUES ('1224040', '1224', 'NAMOHALU ESIWA');
INSERT INTO `districts` VALUES ('1224050', '1224', 'SITOLU ORI');
INSERT INTO `districts` VALUES ('1224060', '1224', 'TUHEMBERUA');
INSERT INTO `districts` VALUES ('1224070', '1224', 'SAWO');
INSERT INTO `districts` VALUES ('1224080', '1224', 'LOTU');
INSERT INTO `districts` VALUES ('1224090', '1224', 'LAHEWA TIMUR');
INSERT INTO `districts` VALUES ('1224100', '1224', 'AFULU');
INSERT INTO `districts` VALUES ('1224110', '1224', 'LAHEWA');
INSERT INTO `districts` VALUES ('1225010', '1225', 'SIROMBU');
INSERT INTO `districts` VALUES ('1225020', '1225', 'LAHOMI');
INSERT INTO `districts` VALUES ('1225030', '1225', 'ULU MORO O');
INSERT INTO `districts` VALUES ('1225040', '1225', 'LOLOFITU MOI');
INSERT INTO `districts` VALUES ('1225050', '1225', 'MANDREHE UTARA');
INSERT INTO `districts` VALUES ('1225060', '1225', 'MANDREHE');
INSERT INTO `districts` VALUES ('1225070', '1225', 'MANDREHE BARAT');
INSERT INTO `districts` VALUES ('1225080', '1225', 'MORO O');
INSERT INTO `districts` VALUES ('1271010', '1271', 'SIBOLGA UTARA');
INSERT INTO `districts` VALUES ('1271020', '1271', 'SIBOLGA KOTA');
INSERT INTO `districts` VALUES ('1271030', '1271', 'SIBOLGA SELATAN');
INSERT INTO `districts` VALUES ('1271031', '1271', 'SIBOLGA SAMBAS');
INSERT INTO `districts` VALUES ('1272010', '1272', 'DATUK BANDAR');
INSERT INTO `districts` VALUES ('1272011', '1272', 'DATUK BANDAR TIMUR');
INSERT INTO `districts` VALUES ('1272020', '1272', 'TANJUNG BALAI SELATAN');
INSERT INTO `districts` VALUES ('1272030', '1272', 'TANJUNG BALAI UTARA');
INSERT INTO `districts` VALUES ('1272040', '1272', 'SEI TUALANG RASO');
INSERT INTO `districts` VALUES ('1272050', '1272', 'TELUK NIBUNG');
INSERT INTO `districts` VALUES ('1273010', '1273', 'SIANTAR MARIHAT');
INSERT INTO `districts` VALUES ('1273011', '1273', 'SIANTAR MARIMBUN');
INSERT INTO `districts` VALUES ('1273020', '1273', 'SIANTAR SELATAN');
INSERT INTO `districts` VALUES ('1273030', '1273', 'SIANTAR BARAT');
INSERT INTO `districts` VALUES ('1273040', '1273', 'SIANTAR UTARA');
INSERT INTO `districts` VALUES ('1273050', '1273', 'SIANTAR TIMUR');
INSERT INTO `districts` VALUES ('1273060', '1273', 'SIANTAR MARTOBA');
INSERT INTO `districts` VALUES ('1273061', '1273', 'SIANTAR SITALASARI');
INSERT INTO `districts` VALUES ('1274010', '1274', 'PADANG HULU');
INSERT INTO `districts` VALUES ('1274011', '1274', 'TEBING TINGGI KOTA');
INSERT INTO `districts` VALUES ('1274020', '1274', 'RAMBUTAN');
INSERT INTO `districts` VALUES ('1274021', '1274', 'BAJENIS');
INSERT INTO `districts` VALUES ('1274030', '1274', 'PADANG HILIR');
INSERT INTO `districts` VALUES ('1275010', '1275', 'MEDAN TUNTUNGAN');
INSERT INTO `districts` VALUES ('1275020', '1275', 'MEDAN JOHOR');
INSERT INTO `districts` VALUES ('1275030', '1275', 'MEDAN AMPLAS');
INSERT INTO `districts` VALUES ('1275040', '1275', 'MEDAN DENAI');
INSERT INTO `districts` VALUES ('1275050', '1275', 'MEDAN AREA');
INSERT INTO `districts` VALUES ('1275060', '1275', 'MEDAN KOTA');
INSERT INTO `districts` VALUES ('1275070', '1275', 'MEDAN MAIMUN');
INSERT INTO `districts` VALUES ('1275080', '1275', 'MEDAN POLONIA');
INSERT INTO `districts` VALUES ('1275090', '1275', 'MEDAN BARU');
INSERT INTO `districts` VALUES ('1275100', '1275', 'MEDAN SELAYANG');
INSERT INTO `districts` VALUES ('1275110', '1275', 'MEDAN SUNGGAL');
INSERT INTO `districts` VALUES ('1275120', '1275', 'MEDAN HELVETIA');
INSERT INTO `districts` VALUES ('1275130', '1275', 'MEDAN PETISAH');
INSERT INTO `districts` VALUES ('1275140', '1275', 'MEDAN BARAT');
INSERT INTO `districts` VALUES ('1275150', '1275', 'MEDAN TIMUR');
INSERT INTO `districts` VALUES ('1275160', '1275', 'MEDAN PERJUANGAN');
INSERT INTO `districts` VALUES ('1275170', '1275', 'MEDAN TEMBUNG');
INSERT INTO `districts` VALUES ('1275180', '1275', 'MEDAN DELI');
INSERT INTO `districts` VALUES ('1275190', '1275', 'MEDAN LABUHAN');
INSERT INTO `districts` VALUES ('1275200', '1275', 'MEDAN MARELAN');
INSERT INTO `districts` VALUES ('1275210', '1275', 'MEDAN BELAWAN');
INSERT INTO `districts` VALUES ('1276010', '1276', 'BINJAI SELATAN');
INSERT INTO `districts` VALUES ('1276020', '1276', 'BINJAI KOTA');
INSERT INTO `districts` VALUES ('1276030', '1276', 'BINJAI TIMUR');
INSERT INTO `districts` VALUES ('1276040', '1276', 'BINJAI UTARA');
INSERT INTO `districts` VALUES ('1276050', '1276', 'BINJAI BARAT');
INSERT INTO `districts` VALUES ('1277010', '1277', 'PADANGSIDIMPUAN TENGGARA');
INSERT INTO `districts` VALUES ('1277020', '1277', 'PADANGSIDIMPUAN SELATAN');
INSERT INTO `districts` VALUES ('1277030', '1277', 'PADANGSIDIMPUAN BATUNADUA');
INSERT INTO `districts` VALUES ('1277040', '1277', 'PADANGSIDIMPUAN UTARA');
INSERT INTO `districts` VALUES ('1277050', '1277', 'PADANGSIDIMPUAN HUTAIMBARU');
INSERT INTO `districts` VALUES ('1277051', '1277', 'PADANGSIDIMPUAN ANGKOLA JULU');
INSERT INTO `districts` VALUES ('1278010', '1278', 'GUNUNGSITOLI IDANOI');
INSERT INTO `districts` VALUES ('1278020', '1278', 'GUNUNGSITOLI SELATAN');
INSERT INTO `districts` VALUES ('1278030', '1278', 'GUNUNGSITOLI BARAT');
INSERT INTO `districts` VALUES ('1278040', '1278', 'GUNUNG SITOLI');
INSERT INTO `districts` VALUES ('1278050', '1278', 'GUNUNGSITOLI ALO OA');
INSERT INTO `districts` VALUES ('1278060', '1278', 'GUNUNGSITOLI UTARA');
INSERT INTO `districts` VALUES ('1301011', '1301', 'PAGAI SELATAN');
INSERT INTO `districts` VALUES ('1301012', '1301', 'SIKAKAP');
INSERT INTO `districts` VALUES ('1301013', '1301', 'PAGAI UTARA');
INSERT INTO `districts` VALUES ('1301021', '1301', 'SIPORA SELATAN');
INSERT INTO `districts` VALUES ('1301022', '1301', 'SIPORA UTARA');
INSERT INTO `districts` VALUES ('1301030', '1301', 'SIBERUT SELATAN');
INSERT INTO `districts` VALUES ('1301031', '1301', 'SEBERUT BARAT DAYA');
INSERT INTO `districts` VALUES ('1301032', '1301', 'SIBERUT TENGAH');
INSERT INTO `districts` VALUES ('1301040', '1301', 'SIBERUT UTARA');
INSERT INTO `districts` VALUES ('1301041', '1301', 'SIBERUT BARAT');
INSERT INTO `districts` VALUES ('1302011', '1302', 'SILAUT');
INSERT INTO `districts` VALUES ('1302012', '1302', 'LUNANG');
INSERT INTO `districts` VALUES ('1302020', '1302', 'BASA AMPEK BALAI TAPAN');
INSERT INTO `districts` VALUES ('1302021', '1302', 'RANAH AMPEK HULU TAPAN');
INSERT INTO `districts` VALUES ('1302030', '1302', 'PANCUNG SOAL');
INSERT INTO `districts` VALUES ('1302031', '1302', 'AIRPURA');
INSERT INTO `districts` VALUES ('1302040', '1302', 'LINGGO SARI BAGANTI');
INSERT INTO `districts` VALUES ('1302050', '1302', 'RANAH PESISIR');
INSERT INTO `districts` VALUES ('1302060', '1302', 'LENGAYANG');
INSERT INTO `districts` VALUES ('1302070', '1302', 'SUTERA');
INSERT INTO `districts` VALUES ('1302080', '1302', 'BATANG KAPAS');
INSERT INTO `districts` VALUES ('1302090', '1302', 'IV JURAI');
INSERT INTO `districts` VALUES ('1302100', '1302', 'BAYANG');
INSERT INTO `districts` VALUES ('1302101', '1302', 'IV  NAGARI BAYANG UTARA');
INSERT INTO `districts` VALUES ('1302110', '1302', 'KOTO XI TARUSAN');
INSERT INTO `districts` VALUES ('1303040', '1303', 'PANTAI CERMIN');
INSERT INTO `districts` VALUES ('1303050', '1303', 'LEMBAH GUMANTI');
INSERT INTO `districts` VALUES ('1303051', '1303', 'HILIRAN GUMANTI');
INSERT INTO `districts` VALUES ('1303060', '1303', 'PAYUNG SEKAKI');
INSERT INTO `districts` VALUES ('1303061', '1303', 'TIGO LURAH');
INSERT INTO `districts` VALUES ('1303070', '1303', 'LEMBANG JAYA');
INSERT INTO `districts` VALUES ('1303071', '1303', 'DANAU KEMBAR');
INSERT INTO `districts` VALUES ('1303080', '1303', 'GUNUNG TALANG');
INSERT INTO `districts` VALUES ('1303090', '1303', 'BUKIT SUNDI');
INSERT INTO `districts` VALUES ('1303100', '1303', 'IX KOTO SUNGAI LASI');
INSERT INTO `districts` VALUES ('1303110', '1303', 'KUBUNG');
INSERT INTO `districts` VALUES ('1303120', '1303', 'X KOTO DIATAS');
INSERT INTO `districts` VALUES ('1303130', '1303', 'X KOTO SINGKARAK');
INSERT INTO `districts` VALUES ('1303140', '1303', 'JUNJUNG SIRIH');
INSERT INTO `districts` VALUES ('1304050', '1304', 'KAMANG BARU');
INSERT INTO `districts` VALUES ('1304060', '1304', 'TANJUNG GADANG');
INSERT INTO `districts` VALUES ('1304070', '1304', 'SIJUNJUNG');
INSERT INTO `districts` VALUES ('1304071', '1304', 'LUBUK TAROK');
INSERT INTO `districts` VALUES ('1304080', '1304', 'IV NAGARI');
INSERT INTO `districts` VALUES ('1304090', '1304', 'KUPITAN');
INSERT INTO `districts` VALUES ('1304100', '1304', 'KOTO TUJUH');
INSERT INTO `districts` VALUES ('1304110', '1304', 'SUMPUR KUDUS');
INSERT INTO `districts` VALUES ('1305010', '1305', 'SEPULUH KOTO');
INSERT INTO `districts` VALUES ('1305020', '1305', 'BATIPUH');
INSERT INTO `districts` VALUES ('1305021', '1305', 'BATIPUH SELATAN');
INSERT INTO `districts` VALUES ('1305030', '1305', 'PARIANGAN');
INSERT INTO `districts` VALUES ('1305040', '1305', 'RAMBATAN');
INSERT INTO `districts` VALUES ('1305050', '1305', 'LIMA KAUM');
INSERT INTO `districts` VALUES ('1305060', '1305', 'TANJUNG EMAS');
INSERT INTO `districts` VALUES ('1305070', '1305', 'PADANG GANTING');
INSERT INTO `districts` VALUES ('1305080', '1305', 'LINTAU BUO');
INSERT INTO `districts` VALUES ('1305081', '1305', 'LINTAU BUO UTARA');
INSERT INTO `districts` VALUES ('1305090', '1305', 'SUNGAYANG');
INSERT INTO `districts` VALUES ('1305100', '1305', 'SUNGAI TARAB');
INSERT INTO `districts` VALUES ('1305110', '1305', 'SALIMPAUNG');
INSERT INTO `districts` VALUES ('1305111', '1305', 'TANJUNG BARU');
INSERT INTO `districts` VALUES ('1306010', '1306', 'BATANG ANAI');
INSERT INTO `districts` VALUES ('1306020', '1306', 'LUBUK ALUNG');
INSERT INTO `districts` VALUES ('1306021', '1306', 'SINTUK TOBOH GADANG');
INSERT INTO `districts` VALUES ('1306030', '1306', 'ULAKAN TAPAKIS');
INSERT INTO `districts` VALUES ('1306040', '1306', 'NAN SABARIS');
INSERT INTO `districts` VALUES ('1306050', '1306', '2 X 11 ENAM LINGKUNG');
INSERT INTO `districts` VALUES ('1306051', '1306', 'ENAM LINGKUNG');
INSERT INTO `districts` VALUES ('1306052', '1306', '2 X 11 KAYU TANAM');
INSERT INTO `districts` VALUES ('1306060', '1306', 'VII KOTO SUNGAI SARIAK');
INSERT INTO `districts` VALUES ('1306061', '1306', 'PATAMUAN');
INSERT INTO `districts` VALUES ('1306062', '1306', 'PADANG SAGO');
INSERT INTO `districts` VALUES ('1306070', '1306', 'V KOTO KP DALAM');
INSERT INTO `districts` VALUES ('1306071', '1306', 'V KOTO TIMUR');
INSERT INTO `districts` VALUES ('1306080', '1306', 'SUNGAI LIMAU');
INSERT INTO `districts` VALUES ('1306081', '1306', 'BATANG GASAN');
INSERT INTO `districts` VALUES ('1306090', '1306', 'SUNGAI GERINGGING');
INSERT INTO `districts` VALUES ('1306100', '1306', 'IV KOTO AUR MALINTANG');
INSERT INTO `districts` VALUES ('1307010', '1307', 'TANJUNG MUTIARA');
INSERT INTO `districts` VALUES ('1307020', '1307', 'LUBUK BASUNG');
INSERT INTO `districts` VALUES ('1307021', '1307', 'AMPEK NAGARI');
INSERT INTO `districts` VALUES ('1307030', '1307', 'TANJUNG RAYA');
INSERT INTO `districts` VALUES ('1307040', '1307', 'MATUR');
INSERT INTO `districts` VALUES ('1307050', '1307', 'IV KOTO');
INSERT INTO `districts` VALUES ('1307051', '1307', 'MALALAK');
INSERT INTO `districts` VALUES ('1307061', '1307', 'BANUHAMPU');
INSERT INTO `districts` VALUES ('1307062', '1307', 'SUNGAI PUA');
INSERT INTO `districts` VALUES ('1307070', '1307', 'AMPEK ANGKEK');
INSERT INTO `districts` VALUES ('1307071', '1307', 'CANDUANG');
INSERT INTO `districts` VALUES ('1307080', '1307', 'BASO');
INSERT INTO `districts` VALUES ('1307090', '1307', 'TILATANG KAMANG');
INSERT INTO `districts` VALUES ('1307091', '1307', 'KAMANG MAGEK');
INSERT INTO `districts` VALUES ('1307100', '1307', 'PALEMBAYAN');
INSERT INTO `districts` VALUES ('1307110', '1307', 'PALUPUH');
INSERT INTO `districts` VALUES ('1308010', '1308', 'PAYAKUMBUH');
INSERT INTO `districts` VALUES ('1308011', '1308', 'AKABILURU');
INSERT INTO `districts` VALUES ('1308020', '1308', 'LUAK');
INSERT INTO `districts` VALUES ('1308021', '1308', 'LAREH SAGO HALABAN');
INSERT INTO `districts` VALUES ('1308022', '1308', 'SITUJUAH LIMO NAGARI');
INSERT INTO `districts` VALUES ('1308030', '1308', 'HARAU');
INSERT INTO `districts` VALUES ('1308040', '1308', 'GUGUAK');
INSERT INTO `districts` VALUES ('1308041', '1308', 'MUNGKA');
INSERT INTO `districts` VALUES ('1308050', '1308', 'SULIKI');
INSERT INTO `districts` VALUES ('1308051', '1308', 'BUKIK BARISAN');
INSERT INTO `districts` VALUES ('1308060', '1308', 'GUNUANG OMEH');
INSERT INTO `districts` VALUES ('1308070', '1308', 'KAPUR IX');
INSERT INTO `districts` VALUES ('1308080', '1308', 'PANGKALAN KOTO BARU');
INSERT INTO `districts` VALUES ('1309070', '1309', 'BONJOL');
INSERT INTO `districts` VALUES ('1309071', '1309', 'TIGO NAGARI');
INSERT INTO `districts` VALUES ('1309072', '1309', 'SIMPANG ALAHAN MATI');
INSERT INTO `districts` VALUES ('1309080', '1309', 'LUBUK SIKAPING');
INSERT INTO `districts` VALUES ('1309100', '1309', 'DUA KOTO');
INSERT INTO `districts` VALUES ('1309110', '1309', 'PANTI');
INSERT INTO `districts` VALUES ('1309111', '1309', 'PADANG GELUGUR');
INSERT INTO `districts` VALUES ('1309121', '1309', 'RAO');
INSERT INTO `districts` VALUES ('1309122', '1309', 'MAPAT TUNGGUL');
INSERT INTO `districts` VALUES ('1309123', '1309', 'MAPAT TUNGGUL SELATAN');
INSERT INTO `districts` VALUES ('1309124', '1309', 'RAO SELATAN');
INSERT INTO `districts` VALUES ('1309125', '1309', 'RAO UTARA');
INSERT INTO `districts` VALUES ('1310010', '1310', 'SANGIR');
INSERT INTO `districts` VALUES ('1310020', '1310', 'SANGIR JUJUAN');
INSERT INTO `districts` VALUES ('1310021', '1310', 'SANGIR BALAI JANGGO');
INSERT INTO `districts` VALUES ('1310030', '1310', 'SANGIR BATANG HARI');
INSERT INTO `districts` VALUES ('1310040', '1310', 'SUNGAI PAGU');
INSERT INTO `districts` VALUES ('1310041', '1310', 'PAUAH DUO');
INSERT INTO `districts` VALUES ('1310050', '1310', 'KOTO PARIK GADANG DIATEH');
INSERT INTO `districts` VALUES ('1311010', '1311', 'SUNGAI RUMBAI');
INSERT INTO `districts` VALUES ('1311011', '1311', 'KOTO BESAR');
INSERT INTO `districts` VALUES ('1311012', '1311', 'ASAM JUJUHAN');
INSERT INTO `districts` VALUES ('1311020', '1311', 'KOTO BARU');
INSERT INTO `districts` VALUES ('1311021', '1311', 'KOTO SALAK');
INSERT INTO `districts` VALUES ('1311022', '1311', 'TIUMANG');
INSERT INTO `districts` VALUES ('1311023', '1311', 'PADANG LAWEH');
INSERT INTO `districts` VALUES ('1311030', '1311', 'SITIUNG');
INSERT INTO `districts` VALUES ('1311031', '1311', 'TIMPEH');
INSERT INTO `districts` VALUES ('1311040', '1311', 'PULAU PUNJUNG');
INSERT INTO `districts` VALUES ('1311041', '1311', 'IX KOTO');
INSERT INTO `districts` VALUES ('1312010', '1312', 'SUNGAI BEREMAS');
INSERT INTO `districts` VALUES ('1312020', '1312', 'RANAH BATAHAN');
INSERT INTO `districts` VALUES ('1312030', '1312', 'KOTO BALINGKA');
INSERT INTO `districts` VALUES ('1312040', '1312', 'SUNGAI AUR');
INSERT INTO `districts` VALUES ('1312050', '1312', 'LEMBAH MALINTANG');
INSERT INTO `districts` VALUES ('1312060', '1312', 'GUNUNG TULEH');
INSERT INTO `districts` VALUES ('1312070', '1312', 'TALAMAU');
INSERT INTO `districts` VALUES ('1312080', '1312', 'PASAMAN');
INSERT INTO `districts` VALUES ('1312090', '1312', 'LUHAK NAN DUO');
INSERT INTO `districts` VALUES ('1312100', '1312', 'SASAK RANAH PASISIE');
INSERT INTO `districts` VALUES ('1312110', '1312', 'KINALI');
INSERT INTO `districts` VALUES ('1371010', '1371', 'BUNGUS TELUK KABUNG');
INSERT INTO `districts` VALUES ('1371020', '1371', 'LUBUK KILANGAN');
INSERT INTO `districts` VALUES ('1371030', '1371', 'LUBUK BEGALUNG');
INSERT INTO `districts` VALUES ('1371040', '1371', 'PADANG SELATAN');
INSERT INTO `districts` VALUES ('1371050', '1371', 'PADANG TIMUR');
INSERT INTO `districts` VALUES ('1371060', '1371', 'PADANG BARAT');
INSERT INTO `districts` VALUES ('1371070', '1371', 'PADANG UTARA');
INSERT INTO `districts` VALUES ('1371080', '1371', 'NANGGALO');
INSERT INTO `districts` VALUES ('1371090', '1371', 'KURANJI');
INSERT INTO `districts` VALUES ('1371100', '1371', 'PAUH');
INSERT INTO `districts` VALUES ('1371110', '1371', 'KOTO TANGAH');
INSERT INTO `districts` VALUES ('1372010', '1372', 'LUBUK SIKARAH');
INSERT INTO `districts` VALUES ('1372020', '1372', 'TANJUNG HARAPAN');
INSERT INTO `districts` VALUES ('1373010', '1373', 'SILUNGKANG');
INSERT INTO `districts` VALUES ('1373020', '1373', 'LEMBAH SEGAR');
INSERT INTO `districts` VALUES ('1373030', '1373', 'BARANGIN');
INSERT INTO `districts` VALUES ('1373040', '1373', 'TALAWI');
INSERT INTO `districts` VALUES ('1374010', '1374', 'PADANG PANJANG BARAT');
INSERT INTO `districts` VALUES ('1374020', '1374', 'PADANG PANJANG TIMUR');
INSERT INTO `districts` VALUES ('1375010', '1375', 'GUGUK PANJANG');
INSERT INTO `districts` VALUES ('1375020', '1375', 'MANDIANGIN KOTO SELAYAN');
INSERT INTO `districts` VALUES ('1375030', '1375', 'AUR BIRUGO TIGO BALEH');
INSERT INTO `districts` VALUES ('1376010', '1376', 'PAYAKUMBUH BARAT');
INSERT INTO `districts` VALUES ('1376011', '1376', 'PAYAKUMBUH SELATAN');
INSERT INTO `districts` VALUES ('1376020', '1376', 'PAYAKUMBUH TIMUR');
INSERT INTO `districts` VALUES ('1376030', '1376', 'PAYAKUMBUH UTARA');
INSERT INTO `districts` VALUES ('1376031', '1376', 'LAMPOSI TIGO NAGORI');
INSERT INTO `districts` VALUES ('1377010', '1377', 'PARIAMAN SELATAN');
INSERT INTO `districts` VALUES ('1377020', '1377', 'PARIAMAN TENGAH');
INSERT INTO `districts` VALUES ('1377021', '1377', 'PARIAMAN TIMUR');
INSERT INTO `districts` VALUES ('1377030', '1377', 'PARIAMAN UTARA');
INSERT INTO `districts` VALUES ('1401010', '1401', 'KUANTAN MUDIK');
INSERT INTO `districts` VALUES ('1401011', '1401', 'HULU KUANTAN');
INSERT INTO `districts` VALUES ('1401012', '1401', 'GUNUNG TOAR');
INSERT INTO `districts` VALUES ('1401013', '1401', 'PUCUK RANTAU');
INSERT INTO `districts` VALUES ('1401020', '1401', 'SINGINGI');
INSERT INTO `districts` VALUES ('1401021', '1401', 'SINGINGI HILIR');
INSERT INTO `districts` VALUES ('1401030', '1401', 'KUANTAN TENGAH');
INSERT INTO `districts` VALUES ('1401031', '1401', 'SENTAJO RAYA');
INSERT INTO `districts` VALUES ('1401040', '1401', 'BENAI');
INSERT INTO `districts` VALUES ('1401050', '1401', 'KUANTAN HILIR');
INSERT INTO `districts` VALUES ('1401051', '1401', 'PANGEAN');
INSERT INTO `districts` VALUES ('1401052', '1401', 'LOGAS TANAH DARAT');
INSERT INTO `districts` VALUES ('1401053', '1401', 'KUANTAN HILIR SEBERANG');
INSERT INTO `districts` VALUES ('1401060', '1401', 'CERENTI');
INSERT INTO `districts` VALUES ('1401061', '1401', 'INUMAN');
INSERT INTO `districts` VALUES ('1402010', '1402', 'PERANAP');
INSERT INTO `districts` VALUES ('1402011', '1402', 'BATANG PERANAP');
INSERT INTO `districts` VALUES ('1402020', '1402', 'SEBERIDA');
INSERT INTO `districts` VALUES ('1402021', '1402', 'BATANG CENAKU');
INSERT INTO `districts` VALUES ('1402022', '1402', 'BATANG GANSAL');
INSERT INTO `districts` VALUES ('1402030', '1402', 'KELAYANG');
INSERT INTO `districts` VALUES ('1402031', '1402', 'RAKIT KULIM');
INSERT INTO `districts` VALUES ('1402040', '1402', 'PASIR PENYU');
INSERT INTO `districts` VALUES ('1402041', '1402', 'LIRIK');
INSERT INTO `districts` VALUES ('1402042', '1402', 'SUNGAI LALA');
INSERT INTO `districts` VALUES ('1402043', '1402', 'LUBUK BATU JAYA');
INSERT INTO `districts` VALUES ('1402050', '1402', 'RENGAT BARAT');
INSERT INTO `districts` VALUES ('1402060', '1402', 'RENGAT');
INSERT INTO `districts` VALUES ('1402061', '1402', 'KUALA CENAKU');
INSERT INTO `districts` VALUES ('1403010', '1403', 'KERITANG');
INSERT INTO `districts` VALUES ('1403011', '1403', 'KEMUNING');
INSERT INTO `districts` VALUES ('1403020', '1403', 'RETEH');
INSERT INTO `districts` VALUES ('1403021', '1403', 'SUNGAI BATANG');
INSERT INTO `districts` VALUES ('1403030', '1403', 'ENOK');
INSERT INTO `districts` VALUES ('1403040', '1403', 'TANAH MERAH');
INSERT INTO `districts` VALUES ('1403050', '1403', 'KUALA INDRAGIRI');
INSERT INTO `districts` VALUES ('1403051', '1403', 'CONCONG');
INSERT INTO `districts` VALUES ('1403060', '1403', 'TEMBILAHAN');
INSERT INTO `districts` VALUES ('1403061', '1403', 'TEMBILAHAN HULU');
INSERT INTO `districts` VALUES ('1403070', '1403', 'TEMPULING');
INSERT INTO `districts` VALUES ('1403071', '1403', 'KEMPAS');
INSERT INTO `districts` VALUES ('1403080', '1403', 'BATANG TUAKA');
INSERT INTO `districts` VALUES ('1403090', '1403', 'GAUNG ANAK SERKA');
INSERT INTO `districts` VALUES ('1403100', '1403', 'GAUNG');
INSERT INTO `districts` VALUES ('1403110', '1403', 'MANDAH');
INSERT INTO `districts` VALUES ('1403120', '1403', 'KATEMAN');
INSERT INTO `districts` VALUES ('1403121', '1403', 'PELANGIRAN');
INSERT INTO `districts` VALUES ('1403122', '1403', 'TELUK BELENGKONG');
INSERT INTO `districts` VALUES ('1403123', '1403', 'PULAU BURUNG');
INSERT INTO `districts` VALUES ('1404010', '1404', 'LANGGAM');
INSERT INTO `districts` VALUES ('1404011', '1404', 'PANGKALAN KERINCI');
INSERT INTO `districts` VALUES ('1404012', '1404', 'BANDAR SEIKIJANG');
INSERT INTO `districts` VALUES ('1404020', '1404', 'PANGKALAN KURAS');
INSERT INTO `districts` VALUES ('1404021', '1404', 'UKUI');
INSERT INTO `districts` VALUES ('1404022', '1404', 'PANGKALAN LESUNG');
INSERT INTO `districts` VALUES ('1404030', '1404', 'BUNUT');
INSERT INTO `districts` VALUES ('1404031', '1404', 'PELALAWAN');
INSERT INTO `districts` VALUES ('1404032', '1404', 'BANDAR PETALANGAN');
INSERT INTO `districts` VALUES ('1404040', '1404', 'KUALA KAMPAR');
INSERT INTO `districts` VALUES ('1404041', '1404', 'KERUMUTAN');
INSERT INTO `districts` VALUES ('1404042', '1404', 'TELUK MERANTI');
INSERT INTO `districts` VALUES ('1405010', '1405', 'MINAS');
INSERT INTO `districts` VALUES ('1405011', '1405', 'SUNGAI MANDAU');
INSERT INTO `districts` VALUES ('1405012', '1405', 'KANDIS');
INSERT INTO `districts` VALUES ('1405020', '1405', 'SIAK');
INSERT INTO `districts` VALUES ('1405021', '1405', 'KERINCI KANAN');
INSERT INTO `districts` VALUES ('1405022', '1405', 'TUALANG');
INSERT INTO `districts` VALUES ('1405023', '1405', 'DAYUN');
INSERT INTO `districts` VALUES ('1405024', '1405', 'LUBUK DALAM');
INSERT INTO `districts` VALUES ('1405025', '1405', 'KOTO GASIB');
INSERT INTO `districts` VALUES ('1405026', '1405', 'MEMPURA');
INSERT INTO `districts` VALUES ('1405030', '1405', 'SUNGAI APIT');
INSERT INTO `districts` VALUES ('1405031', '1405', 'BUNGA RAYA');
INSERT INTO `districts` VALUES ('1405032', '1405', 'SABAK AUH');
INSERT INTO `districts` VALUES ('1405033', '1405', 'PUSAKO');
INSERT INTO `districts` VALUES ('1406010', '1406', 'KAMPAR KIRI');
INSERT INTO `districts` VALUES ('1406011', '1406', 'KAMPAR KIRI HULU');
INSERT INTO `districts` VALUES ('1406012', '1406', 'KAMPAR KIRI HILIR');
INSERT INTO `districts` VALUES ('1406013', '1406', 'GUNUNG SAHILAN');
INSERT INTO `districts` VALUES ('1406014', '1406', 'KAMPAR KIRI TENGAH');
INSERT INTO `districts` VALUES ('1406020', '1406', 'XIII KOTO KAMPAR');
INSERT INTO `districts` VALUES ('1406021', '1406', 'KOTO KAMPAR HULU');
INSERT INTO `districts` VALUES ('1406030', '1406', 'KUOK');
INSERT INTO `districts` VALUES ('1406031', '1406', 'SALO');
INSERT INTO `districts` VALUES ('1406040', '1406', 'TAPUNG');
INSERT INTO `districts` VALUES ('1406041', '1406', 'TAPUNG HULU');
INSERT INTO `districts` VALUES ('1406042', '1406', 'TAPUNG HILIR');
INSERT INTO `districts` VALUES ('1406050', '1406', 'BANGKINANG KOTA');
INSERT INTO `districts` VALUES ('1406051', '1406', 'BANGKINANG');
INSERT INTO `districts` VALUES ('1406060', '1406', 'KAMPAR');
INSERT INTO `districts` VALUES ('1406061', '1406', 'KAMPAR TIMUR');
INSERT INTO `districts` VALUES ('1406062', '1406', 'RUMBIO JAYA');
INSERT INTO `districts` VALUES ('1406063', '1406', 'KAMPAR UTARA');
INSERT INTO `districts` VALUES ('1406070', '1406', 'TAMBANG');
INSERT INTO `districts` VALUES ('1406080', '1406', 'SIAK HULU');
INSERT INTO `districts` VALUES ('1406081', '1406', 'PERHENTIAN RAJA');
INSERT INTO `districts` VALUES ('1407010', '1407', 'ROKAN IV KOTO');
INSERT INTO `districts` VALUES ('1407011', '1407', 'PENDALIAN IV KOTO');
INSERT INTO `districts` VALUES ('1407020', '1407', 'TANDUN');
INSERT INTO `districts` VALUES ('1407021', '1407', 'KABUN');
INSERT INTO `districts` VALUES ('1407022', '1407', 'UJUNG BATU');
INSERT INTO `districts` VALUES ('1407030', '1407', 'RAMBAH SAMO');
INSERT INTO `districts` VALUES ('1407040', '1407', 'RAMBAH');
INSERT INTO `districts` VALUES ('1407041', '1407', 'RAMBAH HILIR');
INSERT INTO `districts` VALUES ('1407042', '1407', 'BANGUN PURBA');
INSERT INTO `districts` VALUES ('1407050', '1407', 'TAMBUSAI');
INSERT INTO `districts` VALUES ('1407051', '1407', 'TAMBUSAI UTARA');
INSERT INTO `districts` VALUES ('1407060', '1407', 'KEPENUHAN');
INSERT INTO `districts` VALUES ('1407061', '1407', 'KEPENUHAN HULU');
INSERT INTO `districts` VALUES ('1407070', '1407', 'KUNTO DARUSSALAM');
INSERT INTO `districts` VALUES ('1407071', '1407', 'PAGARAN TAPAH DARUSSALAM');
INSERT INTO `districts` VALUES ('1407072', '1407', 'BONAI DARUSSALAM');
INSERT INTO `districts` VALUES ('1408010', '1408', 'MANDAU');
INSERT INTO `districts` VALUES ('1408011', '1408', 'PINGGIR');
INSERT INTO `districts` VALUES ('1408020', '1408', 'BUKIT BATU');
INSERT INTO `districts` VALUES ('1408021', '1408', 'SIAK KECIL');
INSERT INTO `districts` VALUES ('1408030', '1408', 'RUPAT');
INSERT INTO `districts` VALUES ('1408031', '1408', 'RUPAT UTARA');
INSERT INTO `districts` VALUES ('1408040', '1408', 'BENGKALIS');
INSERT INTO `districts` VALUES ('1408050', '1408', 'BANTAN');
INSERT INTO `districts` VALUES ('1409010', '1409', 'TANAH PUTIH');
INSERT INTO `districts` VALUES ('1409011', '1409', 'PUJUD');
INSERT INTO `districts` VALUES ('1409012', '1409', 'TANAH PUTIH TANJUNG MELAWAN');
INSERT INTO `districts` VALUES ('1409013', '1409', 'RANTAU KOPAR');
INSERT INTO `districts` VALUES ('1409014', '1409', 'TANJUNG MEDAN');
INSERT INTO `districts` VALUES ('1409020', '1409', 'BAGAN SINEMBAH');
INSERT INTO `districts` VALUES ('1409021', '1409', 'SIMPANG KANAN');
INSERT INTO `districts` VALUES ('1409022', '1409', 'BAGAN SINEMBAH RAYA');
INSERT INTO `districts` VALUES ('1409023', '1409', 'BALAI JAYA');
INSERT INTO `districts` VALUES ('1409030', '1409', 'KUBU');
INSERT INTO `districts` VALUES ('1409031', '1409', 'PASIR LIMAU KAPAS');
INSERT INTO `districts` VALUES ('1409032', '1409', 'KUBU BABUSSALAM');
INSERT INTO `districts` VALUES ('1409040', '1409', 'BANGKO');
INSERT INTO `districts` VALUES ('1409041', '1409', 'SINABOI');
INSERT INTO `districts` VALUES ('1409042', '1409', 'BATU HAMPAR');
INSERT INTO `districts` VALUES ('1409043', '1409', 'PEKAITAN');
INSERT INTO `districts` VALUES ('1409050', '1409', 'RIMBA MELINTANG');
INSERT INTO `districts` VALUES ('1409051', '1409', 'BANGKO PUSAKO');
INSERT INTO `districts` VALUES ('1410010', '1410', 'TEBING TINGGI BARAT');
INSERT INTO `districts` VALUES ('1410020', '1410', 'TEBING TINGGI');
INSERT INTO `districts` VALUES ('1410021', '1410', 'TEBING TINGGI TIMUR');
INSERT INTO `districts` VALUES ('1410030', '1410', 'RANGSANG');
INSERT INTO `districts` VALUES ('1410031', '1410', 'RANGSANG PESISIR');
INSERT INTO `districts` VALUES ('1410040', '1410', 'RANGSANG BARAT');
INSERT INTO `districts` VALUES ('1410050', '1410', 'MERBAU');
INSERT INTO `districts` VALUES ('1410051', '1410', 'PULAU MERBAU');
INSERT INTO `districts` VALUES ('1410052', '1410', 'TASIK PUTRI PUYU');
INSERT INTO `districts` VALUES ('1471010', '1471', 'TAMPAN');
INSERT INTO `districts` VALUES ('1471011', '1471', 'PAYUNG SEKAKI');
INSERT INTO `districts` VALUES ('1471020', '1471', 'BUKIT RAYA');
INSERT INTO `districts` VALUES ('1471021', '1471', 'MARPOYAN DAMAI');
INSERT INTO `districts` VALUES ('1471022', '1471', 'TENAYAN RAYA');
INSERT INTO `districts` VALUES ('1471030', '1471', 'LIMAPULUH');
INSERT INTO `districts` VALUES ('1471040', '1471', 'SAIL');
INSERT INTO `districts` VALUES ('1471050', '1471', 'PEKANBARU KOTA');
INSERT INTO `districts` VALUES ('1471060', '1471', 'SUKAJADI');
INSERT INTO `districts` VALUES ('1471070', '1471', 'SENAPELAN');
INSERT INTO `districts` VALUES ('1471080', '1471', 'RUMBAI');
INSERT INTO `districts` VALUES ('1471081', '1471', 'RUMBAI PESISIR');
INSERT INTO `districts` VALUES ('1473010', '1473', 'BUKIT KAPUR');
INSERT INTO `districts` VALUES ('1473011', '1473', 'MEDANG KAMPAI');
INSERT INTO `districts` VALUES ('1473012', '1473', 'SUNGAI SEMBILAN');
INSERT INTO `districts` VALUES ('1473020', '1473', 'DUMAI BARAT');
INSERT INTO `districts` VALUES ('1473021', '1473', 'DUMAI SELATAN');
INSERT INTO `districts` VALUES ('1473030', '1473', 'DUMAI TIMUR');
INSERT INTO `districts` VALUES ('1473031', '1473', 'DUMAI KOTA');
INSERT INTO `districts` VALUES ('1501010', '1501', 'GUNUNG RAYA');
INSERT INTO `districts` VALUES ('1501011', '1501', 'BUKIT KERMAN');
INSERT INTO `districts` VALUES ('1501020', '1501', 'BATANG MERANGIN');
INSERT INTO `districts` VALUES ('1501030', '1501', 'KELILING DANAU');
INSERT INTO `districts` VALUES ('1501040', '1501', 'DANAU KERINCI');
INSERT INTO `districts` VALUES ('1501050', '1501', 'SITINJAU LAUT');
INSERT INTO `districts` VALUES ('1501070', '1501', 'AIR HANGAT');
INSERT INTO `districts` VALUES ('1501071', '1501', 'AIR HANGAT TIMUR');
INSERT INTO `districts` VALUES ('1501072', '1501', 'DEPATI VII');
INSERT INTO `districts` VALUES ('1501073', '1501', 'AIR HANGAT BARAT');
INSERT INTO `districts` VALUES ('1501080', '1501', 'GUNUNG KERINCI');
INSERT INTO `districts` VALUES ('1501081', '1501', 'SIULAK');
INSERT INTO `districts` VALUES ('1501082', '1501', 'SIULAK MUKAI');
INSERT INTO `districts` VALUES ('1501090', '1501', 'KAYU ARO');
INSERT INTO `districts` VALUES ('1501091', '1501', 'GUNUNG TUJUH');
INSERT INTO `districts` VALUES ('1501092', '1501', 'KAYU ARO BARAT');
INSERT INTO `districts` VALUES ('1502010', '1502', 'JANGKAT');
INSERT INTO `districts` VALUES ('1502011', '1502', 'SUNGAI TENANG');
INSERT INTO `districts` VALUES ('1502020', '1502', 'MUARA SIAU');
INSERT INTO `districts` VALUES ('1502021', '1502', 'LEMBAH MASURAI');
INSERT INTO `districts` VALUES ('1502022', '1502', 'TIANG PUMPUNG');
INSERT INTO `districts` VALUES ('1502030', '1502', 'PAMENANG');
INSERT INTO `districts` VALUES ('1502031', '1502', 'PAMENANG BARAT');
INSERT INTO `districts` VALUES ('1502032', '1502', 'RENAH PAMENANG');
INSERT INTO `districts` VALUES ('1502033', '1502', 'PAMENANG SELATAN');
INSERT INTO `districts` VALUES ('1502040', '1502', 'BANGKO');
INSERT INTO `districts` VALUES ('1502041', '1502', 'BANGKO BARAT');
INSERT INTO `districts` VALUES ('1502042', '1502', 'NALO TANTAN');
INSERT INTO `districts` VALUES ('1502043', '1502', 'BATANG MASUMAI');
INSERT INTO `districts` VALUES ('1502050', '1502', 'SUNGAI MANAU');
INSERT INTO `districts` VALUES ('1502051', '1502', 'RENAH PEMBARAP');
INSERT INTO `districts` VALUES ('1502052', '1502', 'PANGKALAN JAMBU');
INSERT INTO `districts` VALUES ('1502060', '1502', 'TABIR');
INSERT INTO `districts` VALUES ('1502061', '1502', 'TABIR ULU');
INSERT INTO `districts` VALUES ('1502062', '1502', 'TABIR SELATAN');
INSERT INTO `districts` VALUES ('1502063', '1502', 'TABIR ILIR');
INSERT INTO `districts` VALUES ('1502064', '1502', 'TABIR TIMUR');
INSERT INTO `districts` VALUES ('1502065', '1502', 'TABIR LINTAS');
INSERT INTO `districts` VALUES ('1502066', '1502', 'MARGO TABIR');
INSERT INTO `districts` VALUES ('1502067', '1502', 'TABIR BARAT');
INSERT INTO `districts` VALUES ('1503010', '1503', 'BATANG ASAI');
INSERT INTO `districts` VALUES ('1503020', '1503', 'LIMUN');
INSERT INTO `districts` VALUES ('1503021', '1503', 'CERMIN NAN GEDANG');
INSERT INTO `districts` VALUES ('1503030', '1503', 'PELAWAN');
INSERT INTO `districts` VALUES ('1503031', '1503', 'SINGKUT');
INSERT INTO `districts` VALUES ('1503040', '1503', 'SAROLANGUN');
INSERT INTO `districts` VALUES ('1503041', '1503', 'BATHIN VIII');
INSERT INTO `districts` VALUES ('1503050', '1503', 'PAUH');
INSERT INTO `districts` VALUES ('1503051', '1503', 'AIR HITAM');
INSERT INTO `districts` VALUES ('1503060', '1503', 'MANDIANGIN');
INSERT INTO `districts` VALUES ('1504010', '1504', 'MERSAM');
INSERT INTO `districts` VALUES ('1504011', '1504', 'MARO SEBO ULU');
INSERT INTO `districts` VALUES ('1504020', '1504', 'BATIN XXIV');
INSERT INTO `districts` VALUES ('1504030', '1504', 'MUARA TEMBESI');
INSERT INTO `districts` VALUES ('1504040', '1504', 'MUARA BULIAN');
INSERT INTO `districts` VALUES ('1504041', '1504', 'BAJUBANG');
INSERT INTO `districts` VALUES ('1504042', '1504', 'MARO SEBO ILIR');
INSERT INTO `districts` VALUES ('1504050', '1504', 'PEMAYUNG');
INSERT INTO `districts` VALUES ('1505010', '1505', 'MESTONG');
INSERT INTO `districts` VALUES ('1505011', '1505', 'SUNGAI BAHAR');
INSERT INTO `districts` VALUES ('1505012', '1505', 'BAHAR SELATAN');
INSERT INTO `districts` VALUES ('1505013', '1505', 'BAHAR UTARA');
INSERT INTO `districts` VALUES ('1505020', '1505', 'KUMPEH ULU');
INSERT INTO `districts` VALUES ('1505021', '1505', 'SUNGAI GELAM');
INSERT INTO `districts` VALUES ('1505030', '1505', 'KUMPEH');
INSERT INTO `districts` VALUES ('1505040', '1505', 'MARO SEBO');
INSERT INTO `districts` VALUES ('1505041', '1505', 'TAMAN RAJO');
INSERT INTO `districts` VALUES ('1505050', '1505', 'JAMBI LUAR KOTA');
INSERT INTO `districts` VALUES ('1505060', '1505', 'SEKERNAN');
INSERT INTO `districts` VALUES ('1506010', '1506', 'MENDAHARA');
INSERT INTO `districts` VALUES ('1506011', '1506', 'MENDAHARA ULU');
INSERT INTO `districts` VALUES ('1506012', '1506', 'GERAGAI');
INSERT INTO `districts` VALUES ('1506020', '1506', 'DENDANG');
INSERT INTO `districts` VALUES ('1506031', '1506', 'MUARA SABAK BARAT');
INSERT INTO `districts` VALUES ('1506032', '1506', 'MUARA SABAK TIMUR');
INSERT INTO `districts` VALUES ('1506033', '1506', 'KUALA JAMBI');
INSERT INTO `districts` VALUES ('1506040', '1506', 'RANTAU RASAU');
INSERT INTO `districts` VALUES ('1506041', '1506', 'BERBAK');
INSERT INTO `districts` VALUES ('1506050', '1506', 'NIPAH PANJANG');
INSERT INTO `districts` VALUES ('1506060', '1506', 'SADU');
INSERT INTO `districts` VALUES ('1507010', '1507', 'TUNGKAL ULU');
INSERT INTO `districts` VALUES ('1507011', '1507', 'MERLUNG');
INSERT INTO `districts` VALUES ('1507012', '1507', 'BATANG ASAM');
INSERT INTO `districts` VALUES ('1507013', '1507', 'TEBING TINGGI');
INSERT INTO `districts` VALUES ('1507014', '1507', 'RENAH MENDALUH');
INSERT INTO `districts` VALUES ('1507015', '1507', 'MUARA PAPALIK');
INSERT INTO `districts` VALUES ('1507020', '1507', 'PENGABUAN');
INSERT INTO `districts` VALUES ('1507021', '1507', 'SENYERANG');
INSERT INTO `districts` VALUES ('1507030', '1507', 'TUNGKAL ILIR');
INSERT INTO `districts` VALUES ('1507031', '1507', 'BRAM ITAM');
INSERT INTO `districts` VALUES ('1507032', '1507', 'SEBERANG KOTA');
INSERT INTO `districts` VALUES ('1507040', '1507', 'BETARA');
INSERT INTO `districts` VALUES ('1507041', '1507', 'KUALA BETARA');
INSERT INTO `districts` VALUES ('1508010', '1508', 'TEBO ILIR');
INSERT INTO `districts` VALUES ('1508011', '1508', 'MUARA TABIR');
INSERT INTO `districts` VALUES ('1508020', '1508', 'TEBO TENGAH');
INSERT INTO `districts` VALUES ('1508021', '1508', 'SUMAY');
INSERT INTO `districts` VALUES ('1508022', '1508', 'TENGAH ILIR');
INSERT INTO `districts` VALUES ('1508030', '1508', 'RIMBO BUJANG');
INSERT INTO `districts` VALUES ('1508031', '1508', 'RIMBO ULU');
INSERT INTO `districts` VALUES ('1508032', '1508', 'RIMBO ILIR');
INSERT INTO `districts` VALUES ('1508040', '1508', 'TEBO ULU');
INSERT INTO `districts` VALUES ('1508041', '1508', 'VII KOTO');
INSERT INTO `districts` VALUES ('1508042', '1508', 'SERAI SERUMPUN');
INSERT INTO `districts` VALUES ('1508043', '1508', 'VII KOTO ILIR');
INSERT INTO `districts` VALUES ('1509010', '1509', 'PELEPAT');
INSERT INTO `districts` VALUES ('1509011', '1509', 'PELEPAT ILIR');
INSERT INTO `districts` VALUES ('1509021', '1509', 'BATHIN II BABEKO');
INSERT INTO `districts` VALUES ('1509022', '1509', 'RIMBO TENGAH');
INSERT INTO `districts` VALUES ('1509023', '1509', 'BUNGO DANI');
INSERT INTO `districts` VALUES ('1509024', '1509', 'PASAR MUARA BUNGO');
INSERT INTO `districts` VALUES ('1509025', '1509', 'BATHIN III');
INSERT INTO `districts` VALUES ('1509030', '1509', 'RANTAU PANDAN');
INSERT INTO `districts` VALUES ('1509031', '1509', 'MUKO-MUKO BATHIN VII');
INSERT INTO `districts` VALUES ('1509032', '1509', 'BATHIN III ULU');
INSERT INTO `districts` VALUES ('1509040', '1509', 'TANAH SEPENGGAL');
INSERT INTO `districts` VALUES ('1509041', '1509', 'TANAH SEPENGGAL LINTAS');
INSERT INTO `districts` VALUES ('1509050', '1509', 'TANAH TUMBUH');
INSERT INTO `districts` VALUES ('1509051', '1509', 'LIMBUR LUBUK MENGKUANG');
INSERT INTO `districts` VALUES ('1509052', '1509', 'BATHIN II PELAYANG');
INSERT INTO `districts` VALUES ('1509060', '1509', 'JUJUHAN');
INSERT INTO `districts` VALUES ('1509061', '1509', 'JUJUHAN ILIR');
INSERT INTO `districts` VALUES ('1571010', '1571', 'KOTA BARU');
INSERT INTO `districts` VALUES ('1571011', '1571', 'ALAM BARAJO');
INSERT INTO `districts` VALUES ('1571020', '1571', 'JAMBI SELATAN');
INSERT INTO `districts` VALUES ('1571021', '1571', 'PAAL MERAH');
INSERT INTO `districts` VALUES ('1571030', '1571', 'JELUTUNG');
INSERT INTO `districts` VALUES ('1571040', '1571', 'PASAR JAMBI');
INSERT INTO `districts` VALUES ('1571050', '1571', 'TELANAIPURA');
INSERT INTO `districts` VALUES ('1571051', '1571', 'DANAU SIPIN');
INSERT INTO `districts` VALUES ('1571060', '1571', 'DANAU TELUK');
INSERT INTO `districts` VALUES ('1571070', '1571', 'PELAYANGAN');
INSERT INTO `districts` VALUES ('1571080', '1571', 'JAMBI TIMUR');
INSERT INTO `districts` VALUES ('1572010', '1572', 'TANAH KAMPUNG');
INSERT INTO `districts` VALUES ('1572020', '1572', 'KUMUN DEBAI');
INSERT INTO `districts` VALUES ('1572030', '1572', 'SUNGAI PENUH');
INSERT INTO `districts` VALUES ('1572031', '1572', 'PONDOK TINGGGI');
INSERT INTO `districts` VALUES ('1572032', '1572', 'SUNGAI BUNGKAL');
INSERT INTO `districts` VALUES ('1572040', '1572', 'HAMPARAN RAWANG');
INSERT INTO `districts` VALUES ('1572050', '1572', 'PESISIR BUKIT');
INSERT INTO `districts` VALUES ('1572051', '1572', 'KOTO BARU');
INSERT INTO `districts` VALUES ('1601052', '1601', 'LENGKITI');
INSERT INTO `districts` VALUES ('1601070', '1601', 'SOSOH BUAY RAYAP');
INSERT INTO `districts` VALUES ('1601080', '1601', 'PENGANDONAN');
INSERT INTO `districts` VALUES ('1601081', '1601', 'SEMIDANG AJI');
INSERT INTO `districts` VALUES ('1601082', '1601', 'ULU OGAN');
INSERT INTO `districts` VALUES ('1601083', '1601', 'MUARA JAYA');
INSERT INTO `districts` VALUES ('1601090', '1601', 'PENINJAUAN');
INSERT INTO `districts` VALUES ('1601091', '1601', 'LUBUK BATANG');
INSERT INTO `districts` VALUES ('1601092', '1601', 'SINAR PENINJAUAN');
INSERT INTO `districts` VALUES ('1601093', '1601', 'KEDATON PENINJAUAN RAYA');
INSERT INTO `districts` VALUES ('1601130', '1601', 'BATU RAJA TIMUR');
INSERT INTO `districts` VALUES ('1601131', '1601', 'LUBUK RAJA');
INSERT INTO `districts` VALUES ('1601140', '1601', 'BATU RAJA BARAT');
INSERT INTO `districts` VALUES ('1602010', '1602', 'LEMPUING');
INSERT INTO `districts` VALUES ('1602011', '1602', 'LEMPUING JAYA');
INSERT INTO `districts` VALUES ('1602020', '1602', 'MESUJI');
INSERT INTO `districts` VALUES ('1602021', '1602', 'SUNGAI MENANG');
INSERT INTO `districts` VALUES ('1602022', '1602', 'MESUJI MAKMUR');
INSERT INTO `districts` VALUES ('1602023', '1602', 'MESUJI RAYA');
INSERT INTO `districts` VALUES ('1602030', '1602', 'TULUNG SELAPAN');
INSERT INTO `districts` VALUES ('1602031', '1602', 'CENGAL');
INSERT INTO `districts` VALUES ('1602040', '1602', 'PEDAMARAN');
INSERT INTO `districts` VALUES ('1602041', '1602', 'PEDAMARAN TIMUR');
INSERT INTO `districts` VALUES ('1602050', '1602', 'TANJUNG LUBUK');
INSERT INTO `districts` VALUES ('1602051', '1602', 'TELUK GELAM');
INSERT INTO `districts` VALUES ('1602060', '1602', 'KOTA KAYU AGUNG');
INSERT INTO `districts` VALUES ('1602120', '1602', 'SIRAH PULAU PADANG');
INSERT INTO `districts` VALUES ('1602121', '1602', 'JEJAWI');
INSERT INTO `districts` VALUES ('1602130', '1602', 'PAMPANGAN');
INSERT INTO `districts` VALUES ('1602131', '1602', 'PANGKALAN LAPAM');
INSERT INTO `districts` VALUES ('1602140', '1602', 'AIR SUGIHAN');
INSERT INTO `districts` VALUES ('1603010', '1603', 'SEMENDO DARAT LAUT');
INSERT INTO `districts` VALUES ('1603011', '1603', 'SEMENDO DARAT ULU');
INSERT INTO `districts` VALUES ('1603012', '1603', 'SEMENDO DARAT TENGAH');
INSERT INTO `districts` VALUES ('1603020', '1603', 'TANJUNG AGUNG');
INSERT INTO `districts` VALUES ('1603031', '1603', 'RAMBANG');
INSERT INTO `districts` VALUES ('1603032', '1603', 'LUBAI');
INSERT INTO `districts` VALUES ('1603033', '1603', 'LUBAI ULU');
INSERT INTO `districts` VALUES ('1603040', '1603', 'LAWANG KIDUL');
INSERT INTO `districts` VALUES ('1603050', '1603', 'MUARA ENIM');
INSERT INTO `districts` VALUES ('1603051', '1603', 'UJAN MAS');
INSERT INTO `districts` VALUES ('1603060', '1603', 'GUNUNG MEGANG');
INSERT INTO `districts` VALUES ('1603061', '1603', 'BENAKAT');
INSERT INTO `districts` VALUES ('1603062', '1603', 'BELIMBING');
INSERT INTO `districts` VALUES ('1603070', '1603', 'RAMBANG DANGKU');
INSERT INTO `districts` VALUES ('1603090', '1603', 'GELUMBANG');
INSERT INTO `districts` VALUES ('1603091', '1603', 'LEMBAK');
INSERT INTO `districts` VALUES ('1603092', '1603', 'SUNGAI ROTAN');
INSERT INTO `districts` VALUES ('1603093', '1603', 'MUARA BELIDA');
INSERT INTO `districts` VALUES ('1603094', '1603', 'KELEKAR');
INSERT INTO `districts` VALUES ('1603095', '1603', 'BELIDA DARAT');
INSERT INTO `districts` VALUES ('1604011', '1604', 'TANJUNG SAKTI PUMI');
INSERT INTO `districts` VALUES ('1604012', '1604', 'TANJUNG SAKTI PUMU');
INSERT INTO `districts` VALUES ('1604040', '1604', 'KOTA AGUNG');
INSERT INTO `districts` VALUES ('1604041', '1604', 'MULAK ULU');
INSERT INTO `districts` VALUES ('1604042', '1604', 'TANJUNG TEBAT');
INSERT INTO `districts` VALUES ('1604050', '1604', 'PULAU PINANG');
INSERT INTO `districts` VALUES ('1604051', '1604', 'PAGAR GUNUNG');
INSERT INTO `districts` VALUES ('1604052', '1604', 'GUMAY ULU');
INSERT INTO `districts` VALUES ('1604060', '1604', 'JARAI');
INSERT INTO `districts` VALUES ('1604061', '1604', 'PAJAR BULAN');
INSERT INTO `districts` VALUES ('1604062', '1604', 'MUARA PAYANG');
INSERT INTO `districts` VALUES ('1604063', '1604', 'SUKAMERINDU');
INSERT INTO `districts` VALUES ('1604111', '1604', 'KIKIM BARAT');
INSERT INTO `districts` VALUES ('1604112', '1604', 'KIKIM TIMUR');
INSERT INTO `districts` VALUES ('1604113', '1604', 'KIKIM SELATAN');
INSERT INTO `districts` VALUES ('1604114', '1604', 'KIKIM TENGAH');
INSERT INTO `districts` VALUES ('1604120', '1604', 'LAHAT');
INSERT INTO `districts` VALUES ('1604121', '1604', 'GUMAY TALANG');
INSERT INTO `districts` VALUES ('1604122', '1604', 'PSEKSU');
INSERT INTO `districts` VALUES ('1604131', '1604', 'MERAPI BARAT');
INSERT INTO `districts` VALUES ('1604132', '1604', 'MERAPI TIMUR');
INSERT INTO `districts` VALUES ('1604133', '1604', 'MERAPI SELATAN');
INSERT INTO `districts` VALUES ('1605030', '1605', 'SUKU TENGAH LAKITAN ULU');
INSERT INTO `districts` VALUES ('1605031', '1605', 'SELANGIT');
INSERT INTO `districts` VALUES ('1605032', '1605', 'SUMBER HARTA');
INSERT INTO `districts` VALUES ('1605040', '1605', 'TUGUMULYO');
INSERT INTO `districts` VALUES ('1605041', '1605', 'PURWODADI');
INSERT INTO `districts` VALUES ('1605050', '1605', 'MUARA BELITI');
INSERT INTO `districts` VALUES ('1605051', '1605', 'TIANG PUMPUNG KEPUNGUT');
INSERT INTO `districts` VALUES ('1605060', '1605', 'JAYALOKA');
INSERT INTO `districts` VALUES ('1605061', '1605', 'SUKA KARYA');
INSERT INTO `districts` VALUES ('1605070', '1605', 'MUARA KELINGI');
INSERT INTO `districts` VALUES ('1605071', '1605', 'BULANG TENGAH SUKU ULU');
INSERT INTO `districts` VALUES ('1605072', '1605', 'TUAH NEGERI');
INSERT INTO `districts` VALUES ('1605080', '1605', 'MUARA LAKITAN');
INSERT INTO `districts` VALUES ('1605090', '1605', 'MEGANG SAKTI');
INSERT INTO `districts` VALUES ('1606010', '1606', 'SANGA DESA');
INSERT INTO `districts` VALUES ('1606020', '1606', 'BABAT TOMAN');
INSERT INTO `districts` VALUES ('1606021', '1606', 'BATANGHARI LEKO');
INSERT INTO `districts` VALUES ('1606022', '1606', 'PLAKAT TINGGI');
INSERT INTO `districts` VALUES ('1606023', '1606', 'LAWANG WETAN');
INSERT INTO `districts` VALUES ('1606030', '1606', 'SUNGAI KERUH');
INSERT INTO `districts` VALUES ('1606040', '1606', 'SEKAYU');
INSERT INTO `districts` VALUES ('1606041', '1606', 'LAIS');
INSERT INTO `districts` VALUES ('1606090', '1606', 'SUNGAI LILIN');
INSERT INTO `districts` VALUES ('1606091', '1606', 'KELUANG');
INSERT INTO `districts` VALUES ('1606092', '1606', 'BABAT SUPAT');
INSERT INTO `districts` VALUES ('1606100', '1606', 'BAYUNG LENCIR');
INSERT INTO `districts` VALUES ('1606101', '1606', 'LALAN');
INSERT INTO `districts` VALUES ('1606102', '1606', 'TUNGKAL JAYA');
INSERT INTO `districts` VALUES ('1607010', '1607', 'RANTAU BAYUR');
INSERT INTO `districts` VALUES ('1607020', '1607', 'BETUNG');
INSERT INTO `districts` VALUES ('1607021', '1607', 'SUAK TAPEH');
INSERT INTO `districts` VALUES ('1607030', '1607', 'PULAU RIMAU');
INSERT INTO `districts` VALUES ('1607031', '1607', 'TUNGKAL ILIR');
INSERT INTO `districts` VALUES ('1607040', '1607', 'BANYUASIN III');
INSERT INTO `districts` VALUES ('1607041', '1607', 'SEMBAWA');
INSERT INTO `districts` VALUES ('1607050', '1607', 'TALANG KELAPA');
INSERT INTO `districts` VALUES ('1607051', '1607', 'TANJUNG LAGO');
INSERT INTO `districts` VALUES ('1607060', '1607', 'BANYUASIN I');
INSERT INTO `districts` VALUES ('1607061', '1607', 'AIR KUMBANG');
INSERT INTO `districts` VALUES ('1607070', '1607', 'RAMBUTAN');
INSERT INTO `districts` VALUES ('1607080', '1607', 'MUARA PADANG');
INSERT INTO `districts` VALUES ('1607081', '1607', 'MUARA SUGIHAN');
INSERT INTO `districts` VALUES ('1607090', '1607', 'MAKARTI JAYA');
INSERT INTO `districts` VALUES ('1607091', '1607', 'AIR SALEH');
INSERT INTO `districts` VALUES ('1607100', '1607', 'BANYUASIN II');
INSERT INTO `districts` VALUES ('1607110', '1607', 'MUARA TELANG');
INSERT INTO `districts` VALUES ('1607111', '1607', 'SUMBER MARGA TELANG');
INSERT INTO `districts` VALUES ('1608010', '1608', 'MEKAKAU ILIR');
INSERT INTO `districts` VALUES ('1608020', '1608', 'BANDING AGUNG');
INSERT INTO `districts` VALUES ('1608021', '1608', 'WARKUK RANAU SELATAN');
INSERT INTO `districts` VALUES ('1608022', '1608', 'BUAY PEMATANG RIBU RANAU TENGAH');
INSERT INTO `districts` VALUES ('1608030', '1608', 'BUAY PEMACA');
INSERT INTO `districts` VALUES ('1608040', '1608', 'SIMPANG');
INSERT INTO `districts` VALUES ('1608041', '1608', 'BUANA PEMACA');
INSERT INTO `districts` VALUES ('1608050', '1608', 'MUARADUA');
INSERT INTO `districts` VALUES ('1608051', '1608', 'BUAY RAWAN');
INSERT INTO `districts` VALUES ('1608060', '1608', 'BUAY SANDANG AJI');
INSERT INTO `districts` VALUES ('1608061', '1608', 'TIGA DIHAJI');
INSERT INTO `districts` VALUES ('1608070', '1608', 'BUAY RUNJUNG');
INSERT INTO `districts` VALUES ('1608071', '1608', 'RUNJUNG AGUNG');
INSERT INTO `districts` VALUES ('1608080', '1608', 'KISAM TINGGI');
INSERT INTO `districts` VALUES ('1608090', '1608', 'MUARADUA KISAM');
INSERT INTO `districts` VALUES ('1608091', '1608', 'KISAM ILIR');
INSERT INTO `districts` VALUES ('1608100', '1608', 'PULAU BERINGIN');
INSERT INTO `districts` VALUES ('1608101', '1608', 'SINDANG DANAU');
INSERT INTO `districts` VALUES ('1608102', '1608', 'SUNGAI ARE');
INSERT INTO `districts` VALUES ('1609010', '1609', 'MARTAPURA');
INSERT INTO `districts` VALUES ('1609011', '1609', 'BUNGA MAYANG');
INSERT INTO `districts` VALUES ('1609012', '1609', 'JAYA PURA');
INSERT INTO `districts` VALUES ('1609020', '1609', 'BUAY PEMUKA PELIUNG');
INSERT INTO `districts` VALUES ('1609030', '1609', 'BUAY MADANG');
INSERT INTO `districts` VALUES ('1609031', '1609', 'BUAY MADANG TIMUR');
INSERT INTO `districts` VALUES ('1609032', '1609', 'BUAY PEMUKA BANGSA RAJA');
INSERT INTO `districts` VALUES ('1609040', '1609', 'MADANG SUKU II');
INSERT INTO `districts` VALUES ('1609041', '1609', 'MADANG SUKU III');
INSERT INTO `districts` VALUES ('1609050', '1609', 'MADANG SUKU I');
INSERT INTO `districts` VALUES ('1609051', '1609', 'BELITANG MADANG RAYA');
INSERT INTO `districts` VALUES ('1609060', '1609', 'BELITANG');
INSERT INTO `districts` VALUES ('1609061', '1609', 'BELITANG JAYA');
INSERT INTO `districts` VALUES ('1609070', '1609', 'BELITANG III');
INSERT INTO `districts` VALUES ('1609080', '1609', 'BELITANG II');
INSERT INTO `districts` VALUES ('1609081', '1609', 'BELITANG MULYA');
INSERT INTO `districts` VALUES ('1609090', '1609', 'SEMENDAWAI SUKU III');
INSERT INTO `districts` VALUES ('1609091', '1609', 'SEMENDAWAI TIMUR');
INSERT INTO `districts` VALUES ('1609100', '1609', 'CEMPAKA');
INSERT INTO `districts` VALUES ('1609101', '1609', 'SEMENDAWAI BARAT');
INSERT INTO `districts` VALUES ('1610010', '1610', 'MUARA KUANG');
INSERT INTO `districts` VALUES ('1610011', '1610', 'RAMBANG KUANG');
INSERT INTO `districts` VALUES ('1610012', '1610', 'LUBUK KELIAT');
INSERT INTO `districts` VALUES ('1610020', '1610', 'TANJUNG BATU');
INSERT INTO `districts` VALUES ('1610021', '1610', 'PAYARAMAN');
INSERT INTO `districts` VALUES ('1610030', '1610', 'RANTAU ALAI');
INSERT INTO `districts` VALUES ('1610031', '1610', 'KANDIS');
INSERT INTO `districts` VALUES ('1610040', '1610', 'TANJUNG RAJA');
INSERT INTO `districts` VALUES ('1610041', '1610', 'RANTAU PANJANG');
INSERT INTO `districts` VALUES ('1610042', '1610', 'SUNGAI PINANG');
INSERT INTO `districts` VALUES ('1610050', '1610', 'PEMULUTAN');
INSERT INTO `districts` VALUES ('1610051', '1610', 'PEMULUTAN SELATAN');
INSERT INTO `districts` VALUES ('1610052', '1610', 'PEMULUTAN BARAT');
INSERT INTO `districts` VALUES ('1610060', '1610', 'INDRALAYA');
INSERT INTO `districts` VALUES ('1610061', '1610', 'INDRALAYA UTARA');
INSERT INTO `districts` VALUES ('1610062', '1610', 'INDRALAYA SELATAN');
INSERT INTO `districts` VALUES ('1611010', '1611', 'MUARA PINANG');
INSERT INTO `districts` VALUES ('1611020', '1611', 'LINTANG KANAN');
INSERT INTO `districts` VALUES ('1611030', '1611', 'PENDOPO');
INSERT INTO `districts` VALUES ('1611031', '1611', 'PENDOPO BARAT');
INSERT INTO `districts` VALUES ('1611040', '1611', 'PASEMAH AIR KERUH');
INSERT INTO `districts` VALUES ('1611050', '1611', 'ULU MUSI');
INSERT INTO `districts` VALUES ('1611051', '1611', 'SIKAP DALAM');
INSERT INTO `districts` VALUES ('1611060', '1611', 'TALANG PADANG');
INSERT INTO `districts` VALUES ('1611070', '1611', 'TEBING TINGGI');
INSERT INTO `districts` VALUES ('1611071', '1611', 'SALING');
INSERT INTO `districts` VALUES ('1612010', '1612', 'TALANG UBI');
INSERT INTO `districts` VALUES ('1612020', '1612', 'TANAH ABANG');
INSERT INTO `districts` VALUES ('1612030', '1612', 'ABAB');
INSERT INTO `districts` VALUES ('1612040', '1612', 'PENUKAL');
INSERT INTO `districts` VALUES ('1612050', '1612', 'PENUKAL UTARA');
INSERT INTO `districts` VALUES ('1613010', '1613', 'ULU RAWAS');
INSERT INTO `districts` VALUES ('1613020', '1613', 'KARANG JAYA');
INSERT INTO `districts` VALUES ('1613030', '1613', 'RAWAS ULU');
INSERT INTO `districts` VALUES ('1613040', '1613', 'RUPIT');
INSERT INTO `districts` VALUES ('1613050', '1613', 'KARANG DAPO');
INSERT INTO `districts` VALUES ('1613060', '1613', 'RAWAS ILIR');
INSERT INTO `districts` VALUES ('1613070', '1613', 'NIBUNG');
INSERT INTO `districts` VALUES ('1671010', '1671', 'ILIR BARAT II');
INSERT INTO `districts` VALUES ('1671011', '1671', 'GANDUS');
INSERT INTO `districts` VALUES ('1671020', '1671', 'SEBERANG ULU I');
INSERT INTO `districts` VALUES ('1671021', '1671', 'KERTAPATI');
INSERT INTO `districts` VALUES ('1671030', '1671', 'SEBERANG ULU II');
INSERT INTO `districts` VALUES ('1671031', '1671', 'PLAJU');
INSERT INTO `districts` VALUES ('1671040', '1671', 'ILIR BARAT I');
INSERT INTO `districts` VALUES ('1671041', '1671', 'BUKIT KECIL');
INSERT INTO `districts` VALUES ('1671050', '1671', 'ILIR TIMUR I');
INSERT INTO `districts` VALUES ('1671051', '1671', 'KEMUNING');
INSERT INTO `districts` VALUES ('1671060', '1671', 'ILIR TIMUR II');
INSERT INTO `districts` VALUES ('1671061', '1671', 'KALIDONI');
INSERT INTO `districts` VALUES ('1671070', '1671', 'SAKO');
INSERT INTO `districts` VALUES ('1671071', '1671', 'SEMATANG BORANG');
INSERT INTO `districts` VALUES ('1671080', '1671', 'SUKARAMI');
INSERT INTO `districts` VALUES ('1671081', '1671', 'ALANG ALANG LEBAR');
INSERT INTO `districts` VALUES ('1672010', '1672', 'RAMBANG KAPAK TENGAH');
INSERT INTO `districts` VALUES ('1672020', '1672', 'PRABUMULIH TIMUR');
INSERT INTO `districts` VALUES ('1672021', '1672', 'PRABUMULIH SELATAN');
INSERT INTO `districts` VALUES ('1672030', '1672', 'PRABUMULIH BARAT');
INSERT INTO `districts` VALUES ('1672031', '1672', 'PRABUMULIH UTARA');
INSERT INTO `districts` VALUES ('1672040', '1672', 'CAMBAI');
INSERT INTO `districts` VALUES ('1673010', '1673', 'DEMPO SELATAN');
INSERT INTO `districts` VALUES ('1673011', '1673', 'DEMPO TENGAH');
INSERT INTO `districts` VALUES ('1673020', '1673', 'DEMPO UTARA');
INSERT INTO `districts` VALUES ('1673030', '1673', 'PAGAR ALAM SELATAN');
INSERT INTO `districts` VALUES ('1673040', '1673', 'PAGAR ALAM UTARA');
INSERT INTO `districts` VALUES ('1674011', '1674', 'LUBUK LINGGAU BARAT I');
INSERT INTO `districts` VALUES ('1674012', '1674', 'LUBUK LINGGAU BARAT II');
INSERT INTO `districts` VALUES ('1674021', '1674', 'LUBUK LINGGAU SELATAN I');
INSERT INTO `districts` VALUES ('1674022', '1674', 'LUBUK LINGGAU SELATAN II');
INSERT INTO `districts` VALUES ('1674031', '1674', 'LUBUK LINGGAU TIMUR I');
INSERT INTO `districts` VALUES ('1674032', '1674', 'LUBUK LINGGAU TIMUR II');
INSERT INTO `districts` VALUES ('1674041', '1674', 'LUBUK LINGGAU UTARA I');
INSERT INTO `districts` VALUES ('1674042', '1674', 'LUBUK LINGGAU UTARA II');
INSERT INTO `districts` VALUES ('1701040', '1701', 'MANNA');
INSERT INTO `districts` VALUES ('1701041', '1701', 'KOTA MANNA');
INSERT INTO `districts` VALUES ('1701042', '1701', 'KEDURANG');
INSERT INTO `districts` VALUES ('1701043', '1701', 'BUNGA MAS');
INSERT INTO `districts` VALUES ('1701044', '1701', 'PASAR MANNA');
INSERT INTO `districts` VALUES ('1701045', '1701', 'KEDURANG ILIR');
INSERT INTO `districts` VALUES ('1701050', '1701', 'SEGINIM');
INSERT INTO `districts` VALUES ('1701051', '1701', 'AIR NIPIS');
INSERT INTO `districts` VALUES ('1701060', '1701', 'PINO');
INSERT INTO `districts` VALUES ('1701061', '1701', 'PINORAYA');
INSERT INTO `districts` VALUES ('1701062', '1701', 'ULU MANNA');
INSERT INTO `districts` VALUES ('1702020', '1702', 'KOTA PADANG');
INSERT INTO `districts` VALUES ('1702021', '1702', 'SINDANG BELITI ILIR');
INSERT INTO `districts` VALUES ('1702030', '1702', 'PADANG ULAK TANDING');
INSERT INTO `districts` VALUES ('1702031', '1702', 'SINDANG KELINGI');
INSERT INTO `districts` VALUES ('1702032', '1702', 'BINDU RIANG');
INSERT INTO `districts` VALUES ('1702033', '1702', 'SINDANG BELITI ULU');
INSERT INTO `districts` VALUES ('1702034', '1702', 'SINDANG DATARAN');
INSERT INTO `districts` VALUES ('1702040', '1702', 'CURUP');
INSERT INTO `districts` VALUES ('1702041', '1702', 'BERMANI ULU');
INSERT INTO `districts` VALUES ('1702042', '1702', 'SELUPU REJANG');
INSERT INTO `districts` VALUES ('1702043', '1702', 'CURUP SELATAN');
INSERT INTO `districts` VALUES ('1702044', '1702', 'CURUP TENGAH');
INSERT INTO `districts` VALUES ('1702045', '1702', 'BERMANI ULU RAYA');
INSERT INTO `districts` VALUES ('1702046', '1702', 'CURUP UTARA');
INSERT INTO `districts` VALUES ('1702047', '1702', 'CURUP TIMUR');
INSERT INTO `districts` VALUES ('1703010', '1703', 'ENGGANO');
INSERT INTO `districts` VALUES ('1703050', '1703', 'KERKAP');
INSERT INTO `districts` VALUES ('1703051', '1703', 'AIR NAPAL');
INSERT INTO `districts` VALUES ('1703052', '1703', 'AIR BESI');
INSERT INTO `districts` VALUES ('1703053', '1703', 'HULU PALIK');
INSERT INTO `districts` VALUES ('1703054', '1703', 'TANJUNG AGUNG PALIK');
INSERT INTO `districts` VALUES ('1703060', '1703', 'ARGA MAKMUR');
INSERT INTO `districts` VALUES ('1703061', '1703', 'ARMA JAYA');
INSERT INTO `districts` VALUES ('1703070', '1703', 'LAIS');
INSERT INTO `districts` VALUES ('1703071', '1703', 'BATIK NAU');
INSERT INTO `districts` VALUES ('1703072', '1703', 'GIRI MULYA');
INSERT INTO `districts` VALUES ('1703073', '1703', 'AIR PADANG');
INSERT INTO `districts` VALUES ('1703080', '1703', 'PADANG JAYA');
INSERT INTO `districts` VALUES ('1703090', '1703', 'KETAHUN');
INSERT INTO `districts` VALUES ('1703091', '1703', 'NAPAL PUTIH');
INSERT INTO `districts` VALUES ('1703092', '1703', 'ULOK KUPAI');
INSERT INTO `districts` VALUES ('1703093', '1703', 'PINANG RAYA');
INSERT INTO `districts` VALUES ('1703100', '1703', 'PUTRI HIJAU');
INSERT INTO `districts` VALUES ('1703101', '1703', 'MARGA SAKTI SEBELAT');
INSERT INTO `districts` VALUES ('1704010', '1704', 'NASAL');
INSERT INTO `districts` VALUES ('1704020', '1704', 'MAJE');
INSERT INTO `districts` VALUES ('1704030', '1704', 'KAUR SELATAN');
INSERT INTO `districts` VALUES ('1704031', '1704', 'TETAP');
INSERT INTO `districts` VALUES ('1704040', '1704', 'KAUR TENGAH');
INSERT INTO `districts` VALUES ('1704041', '1704', 'LUAS');
INSERT INTO `districts` VALUES ('1704042', '1704', 'MUARA SAHUNG');
INSERT INTO `districts` VALUES ('1704050', '1704', 'KINAL');
INSERT INTO `districts` VALUES ('1704051', '1704', 'SEMIDANG GUMAY');
INSERT INTO `districts` VALUES ('1704060', '1704', 'TANJUNG KEMUNING');
INSERT INTO `districts` VALUES ('1704061', '1704', 'KELAM TENGAH');
INSERT INTO `districts` VALUES ('1704070', '1704', 'KAUR UTARA');
INSERT INTO `districts` VALUES ('1704071', '1704', 'PADANG GUCI HILIR');
INSERT INTO `districts` VALUES ('1704072', '1704', 'LUNGKANG KULE');
INSERT INTO `districts` VALUES ('1704073', '1704', 'PADANG GUCI HULU');
INSERT INTO `districts` VALUES ('1705010', '1705', 'SEMIDANG ALAS MARAS');
INSERT INTO `districts` VALUES ('1705020', '1705', 'SEMIDANG ALAS');
INSERT INTO `districts` VALUES ('1705030', '1705', 'TALO');
INSERT INTO `districts` VALUES ('1705031', '1705', 'ILIR TALO');
INSERT INTO `districts` VALUES ('1705032', '1705', 'TALO KECIL');
INSERT INTO `districts` VALUES ('1705033', '1705', 'ULU TALO');
INSERT INTO `districts` VALUES ('1705040', '1705', 'SELUMA');
INSERT INTO `districts` VALUES ('1705041', '1705', 'SELUMA SELATAN');
INSERT INTO `districts` VALUES ('1705042', '1705', 'SELUMA BARAT');
INSERT INTO `districts` VALUES ('1705043', '1705', 'SELUMA TIMUR');
INSERT INTO `districts` VALUES ('1705044', '1705', 'SELUMA UTARA');
INSERT INTO `districts` VALUES ('1705050', '1705', 'SUKARAJA');
INSERT INTO `districts` VALUES ('1705051', '1705', 'AIR PERIUKAN');
INSERT INTO `districts` VALUES ('1705052', '1705', 'LUBUK SANDI');
INSERT INTO `districts` VALUES ('1706010', '1706', 'IPUH');
INSERT INTO `districts` VALUES ('1706011', '1706', 'AIR RAMI');
INSERT INTO `districts` VALUES ('1706012', '1706', 'MALIN DEMAN');
INSERT INTO `districts` VALUES ('1706020', '1706', 'PONDOK SUGUH');
INSERT INTO `districts` VALUES ('1706021', '1706', 'SUNGAI RUMBAI');
INSERT INTO `districts` VALUES ('1706022', '1706', 'TERAMANG JAYA');
INSERT INTO `districts` VALUES ('1706030', '1706', 'TERAS TERUNJAM');
INSERT INTO `districts` VALUES ('1706031', '1706', 'PENARIK');
INSERT INTO `districts` VALUES ('1706032', '1706', 'SELAGAN RAYA');
INSERT INTO `districts` VALUES ('1706040', '1706', 'KOTA MUKOMUKO');
INSERT INTO `districts` VALUES ('1706041', '1706', 'AIR DIKIT');
INSERT INTO `districts` VALUES ('1706042', '1706', 'XIV KOTO');
INSERT INTO `districts` VALUES ('1706050', '1706', 'LUBUK PINANG');
INSERT INTO `districts` VALUES ('1706051', '1706', 'AIR MANJUNTO');
INSERT INTO `districts` VALUES ('1706052', '1706', 'V KOTO');
INSERT INTO `districts` VALUES ('1707010', '1707', 'RIMBO PENGADANG');
INSERT INTO `districts` VALUES ('1707011', '1707', 'TOPOS');
INSERT INTO `districts` VALUES ('1707020', '1707', 'LEBONG SELATAN');
INSERT INTO `districts` VALUES ('1707021', '1707', 'BINGIN KUNING');
INSERT INTO `districts` VALUES ('1707030', '1707', 'LEBONG TENGAH');
INSERT INTO `districts` VALUES ('1707031', '1707', 'LEBONG SAKTI');
INSERT INTO `districts` VALUES ('1707040', '1707', 'LEBONG ATAS');
INSERT INTO `districts` VALUES ('1707041', '1707', 'PADANG BANO');
INSERT INTO `districts` VALUES ('1707042', '1707', 'PELABAI');
INSERT INTO `districts` VALUES ('1707050', '1707', 'LEBONG UTARA');
INSERT INTO `districts` VALUES ('1707051', '1707', 'AMEN');
INSERT INTO `districts` VALUES ('1707052', '1707', 'URAM JAYA');
INSERT INTO `districts` VALUES ('1707053', '1707', 'PINANG BELAPIS');
INSERT INTO `districts` VALUES ('1708010', '1708', 'MUARA KEMUMU');
INSERT INTO `districts` VALUES ('1708020', '1708', 'BERMANI ILIR');
INSERT INTO `districts` VALUES ('1708030', '1708', 'SEBERANG MUSI');
INSERT INTO `districts` VALUES ('1708040', '1708', 'TEBAT KARAI');
INSERT INTO `districts` VALUES ('1708050', '1708', 'KEPAHIANG');
INSERT INTO `districts` VALUES ('1708060', '1708', 'KABA WETAN');
INSERT INTO `districts` VALUES ('1708070', '1708', 'UJAN MAS');
INSERT INTO `districts` VALUES ('1708080', '1708', 'MERIGI');
INSERT INTO `districts` VALUES ('1709010', '1709', 'TALANG EMPAT');
INSERT INTO `districts` VALUES ('1709020', '1709', 'KARANG TINGGI');
INSERT INTO `districts` VALUES ('1709030', '1709', 'TABA PENANJUNG');
INSERT INTO `districts` VALUES ('1709031', '1709', 'MERIGI KELINDANG');
INSERT INTO `districts` VALUES ('1709040', '1709', 'PAGAR JATI');
INSERT INTO `districts` VALUES ('1709041', '1709', 'MERIGI SAKTI');
INSERT INTO `districts` VALUES ('1709050', '1709', 'PONDOK KELAPA');
INSERT INTO `districts` VALUES ('1709051', '1709', 'PONDOK KUBANG');
INSERT INTO `districts` VALUES ('1709060', '1709', 'PEMATANG TIGA');
INSERT INTO `districts` VALUES ('1709061', '1709', 'BANG HAJI');
INSERT INTO `districts` VALUES ('1771010', '1771', 'SELEBAR');
INSERT INTO `districts` VALUES ('1771011', '1771', 'KAMPUNG MELAYU');
INSERT INTO `districts` VALUES ('1771020', '1771', 'GADING CEMPAKA');
INSERT INTO `districts` VALUES ('1771021', '1771', 'RATU AGUNG');
INSERT INTO `districts` VALUES ('1771022', '1771', 'RATU SAMBAN');
INSERT INTO `districts` VALUES ('1771023', '1771', 'SINGARAN PATI');
INSERT INTO `districts` VALUES ('1771030', '1771', 'TELUK SEGARA');
INSERT INTO `districts` VALUES ('1771031', '1771', 'SUNGAI SERUT');
INSERT INTO `districts` VALUES ('1771040', '1771', 'MUARA BANGKA HULU');
INSERT INTO `districts` VALUES ('1801040', '1801', 'BALIK BUKIT');
INSERT INTO `districts` VALUES ('1801041', '1801', 'SUKAU');
INSERT INTO `districts` VALUES ('1801042', '1801', 'LUMBOK SEMINUNG');
INSERT INTO `districts` VALUES ('1801050', '1801', 'BELALAU');
INSERT INTO `districts` VALUES ('1801051', '1801', 'SEKINCAU');
INSERT INTO `districts` VALUES ('1801052', '1801', 'SUOH');
INSERT INTO `districts` VALUES ('1801053', '1801', 'BATU BRAK');
INSERT INTO `districts` VALUES ('1801054', '1801', 'PAGAR DEWA');
INSERT INTO `districts` VALUES ('1801055', '1801', 'BATU KETULIS');
INSERT INTO `districts` VALUES ('1801056', '1801', 'BANDAR NEGERI SUOH');
INSERT INTO `districts` VALUES ('1801060', '1801', 'SUMBER JAYA');
INSERT INTO `districts` VALUES ('1801061', '1801', 'WAY TENONG');
INSERT INTO `districts` VALUES ('1801062', '1801', 'GEDUNG SURIAN');
INSERT INTO `districts` VALUES ('1801063', '1801', 'KEBUN TEBU');
INSERT INTO `districts` VALUES ('1801064', '1801', 'AIR HITAM');
INSERT INTO `districts` VALUES ('1802010', '1802', 'WONOSOBO');
INSERT INTO `districts` VALUES ('1802011', '1802', 'SEMAKA');
INSERT INTO `districts` VALUES ('1802012', '1802', 'BANDAR NEGERI SEMUONG');
INSERT INTO `districts` VALUES ('1802020', '1802', 'KOTA AGUNG');
INSERT INTO `districts` VALUES ('1802021', '1802', 'PEMATANG SAWA');
INSERT INTO `districts` VALUES ('1802022', '1802', 'KOTA AGUNG TIMUR');
INSERT INTO `districts` VALUES ('1802023', '1802', 'KOTA AGUNG BARAT');
INSERT INTO `districts` VALUES ('1802030', '1802', 'PULAU PANGGUNG');
INSERT INTO `districts` VALUES ('1802031', '1802', 'ULUBELU');
INSERT INTO `districts` VALUES ('1802032', '1802', 'AIR NANINGAN');
INSERT INTO `districts` VALUES ('1802040', '1802', 'TALANG PADANG');
INSERT INTO `districts` VALUES ('1802041', '1802', 'SUMBEREJO');
INSERT INTO `districts` VALUES ('1802042', '1802', 'GISTING');
INSERT INTO `districts` VALUES ('1802043', '1802', 'GUNUNG ALIP');
INSERT INTO `districts` VALUES ('1802050', '1802', 'PUGUNG');
INSERT INTO `districts` VALUES ('1802101', '1802', 'BULOK');
INSERT INTO `districts` VALUES ('1802110', '1802', 'CUKUH BALAK');
INSERT INTO `districts` VALUES ('1802111', '1802', 'KELUMBAYAN');
INSERT INTO `districts` VALUES ('1802112', '1802', 'LIMAU');
INSERT INTO `districts` VALUES ('1802113', '1802', 'KELUMBAYAN BARAT');
INSERT INTO `districts` VALUES ('1803060', '1803', 'NATAR');
INSERT INTO `districts` VALUES ('1803070', '1803', 'JATI AGUNG');
INSERT INTO `districts` VALUES ('1803080', '1803', 'TANJUNG BINTANG');
INSERT INTO `districts` VALUES ('1803081', '1803', 'TANJUNG SARI');
INSERT INTO `districts` VALUES ('1803090', '1803', 'KATIBUNG');
INSERT INTO `districts` VALUES ('1803091', '1803', 'MERBAU MATARAM');
INSERT INTO `districts` VALUES ('1803092', '1803', 'WAY SULAN');
INSERT INTO `districts` VALUES ('1803100', '1803', 'SIDOMULYO');
INSERT INTO `districts` VALUES ('1803101', '1803', 'CANDIPURO');
INSERT INTO `districts` VALUES ('1803102', '1803', 'WAY PANJI');
INSERT INTO `districts` VALUES ('1803110', '1803', 'KALIANDA');
INSERT INTO `districts` VALUES ('1803111', '1803', 'RAJABASA');
INSERT INTO `districts` VALUES ('1803120', '1803', 'PALAS');
INSERT INTO `districts` VALUES ('1803121', '1803', 'SRAGI');
INSERT INTO `districts` VALUES ('1803130', '1803', 'PENENGAHAN');
INSERT INTO `districts` VALUES ('1803131', '1803', 'KETAPANG');
INSERT INTO `districts` VALUES ('1803132', '1803', 'BAKAUHENI');
INSERT INTO `districts` VALUES ('1804010', '1804', 'METRO KIBANG');
INSERT INTO `districts` VALUES ('1804020', '1804', 'BATANGHARI');
INSERT INTO `districts` VALUES ('1804030', '1804', 'SEKAMPUNG');
INSERT INTO `districts` VALUES ('1804040', '1804', 'MARGATIGA');
INSERT INTO `districts` VALUES ('1804050', '1804', 'SEKAMPUNG UDIK');
INSERT INTO `districts` VALUES ('1804060', '1804', 'JABUNG');
INSERT INTO `districts` VALUES ('1804061', '1804', 'PASIR SAKTI');
INSERT INTO `districts` VALUES ('1804062', '1804', 'WAWAY KARYA');
INSERT INTO `districts` VALUES ('1804063', '1804', 'MARGA SEKAMPUNG');
INSERT INTO `districts` VALUES ('1804070', '1804', 'LABUHAN MARINGGAI');
INSERT INTO `districts` VALUES ('1804071', '1804', 'MATARAM BARU');
INSERT INTO `districts` VALUES ('1804072', '1804', 'BANDAR SRIBAWONO');
INSERT INTO `districts` VALUES ('1804073', '1804', 'MELINTING');
INSERT INTO `districts` VALUES ('1804074', '1804', 'GUNUNG PELINDUNG');
INSERT INTO `districts` VALUES ('1804080', '1804', 'WAY JEPARA');
INSERT INTO `districts` VALUES ('1804081', '1804', 'BRAJA SLEBAH');
INSERT INTO `districts` VALUES ('1804082', '1804', 'LABUHAN RATU');
INSERT INTO `districts` VALUES ('1804090', '1804', 'SUKADANA');
INSERT INTO `districts` VALUES ('1804091', '1804', 'BUMI AGUNG');
INSERT INTO `districts` VALUES ('1804092', '1804', 'BATANGHARI NUBAN');
INSERT INTO `districts` VALUES ('1804100', '1804', 'PEKALONGAN');
INSERT INTO `districts` VALUES ('1804110', '1804', 'RAMAN UTARA');
INSERT INTO `districts` VALUES ('1804120', '1804', 'PURBOLINGGO');
INSERT INTO `districts` VALUES ('1804121', '1804', 'WAY BUNGUR');
INSERT INTO `districts` VALUES ('1805010', '1805', 'PADANG RATU');
INSERT INTO `districts` VALUES ('1805011', '1805', 'SELAGAI LINGGA');
INSERT INTO `districts` VALUES ('1805012', '1805', 'PUBIAN');
INSERT INTO `districts` VALUES ('1805013', '1805', 'ANAK TUHA');
INSERT INTO `districts` VALUES ('1805014', '1805', 'ANAK RATU AJI');
INSERT INTO `districts` VALUES ('1805020', '1805', 'KALIREJO');
INSERT INTO `districts` VALUES ('1805021', '1805', 'SENDANG AGUNG');
INSERT INTO `districts` VALUES ('1805030', '1805', 'BANGUNREJO');
INSERT INTO `districts` VALUES ('1805040', '1805', 'GUNUNG SUGIH');
INSERT INTO `districts` VALUES ('1805041', '1805', 'BEKRI');
INSERT INTO `districts` VALUES ('1805042', '1805', 'BUMI RATU NUBAN');
INSERT INTO `districts` VALUES ('1805050', '1805', 'TRIMURJO');
INSERT INTO `districts` VALUES ('1805060', '1805', 'PUNGGUR');
INSERT INTO `districts` VALUES ('1805061', '1805', 'KOTA GAJAH');
INSERT INTO `districts` VALUES ('1805070', '1805', 'SEPUTIH RAMAN');
INSERT INTO `districts` VALUES ('1805080', '1805', 'TERBANGGI BESAR');
INSERT INTO `districts` VALUES ('1805081', '1805', 'SEPUTIH AGUNG');
INSERT INTO `districts` VALUES ('1805082', '1805', 'WAY PENGUBUAN');
INSERT INTO `districts` VALUES ('1805090', '1805', 'TERUSAN NUNYAI');
INSERT INTO `districts` VALUES ('1805100', '1805', 'SEPUTIH MATARAM');
INSERT INTO `districts` VALUES ('1805101', '1805', 'BANDAR MATARAM');
INSERT INTO `districts` VALUES ('1805110', '1805', 'SEPUTIH BANYAK');
INSERT INTO `districts` VALUES ('1805111', '1805', 'WAY SEPUTIH');
INSERT INTO `districts` VALUES ('1805120', '1805', 'RUMBIA');
INSERT INTO `districts` VALUES ('1805121', '1805', 'BUMI NABUNG');
INSERT INTO `districts` VALUES ('1805122', '1805', 'PUTRA RUMBIA');
INSERT INTO `districts` VALUES ('1805130', '1805', 'SEPUTIH SURABAYA');
INSERT INTO `districts` VALUES ('1805131', '1805', 'BANDAR SURABAYA');
INSERT INTO `districts` VALUES ('1806010', '1806', 'BUKIT KEMUNING');
INSERT INTO `districts` VALUES ('1806011', '1806', 'ABUNG TINGGI');
INSERT INTO `districts` VALUES ('1806020', '1806', 'TANJUNG RAJA');
INSERT INTO `districts` VALUES ('1806030', '1806', 'ABUNG BARAT');
INSERT INTO `districts` VALUES ('1806031', '1806', 'ABUNG TENGAH');
INSERT INTO `districts` VALUES ('1806032', '1806', 'ABUNG  KUNANG');
INSERT INTO `districts` VALUES ('1806033', '1806', 'ABUNG PEKURUN');
INSERT INTO `districts` VALUES ('1806040', '1806', 'KOTABUMI');
INSERT INTO `districts` VALUES ('1806041', '1806', 'KOTABUMI UTARA');
INSERT INTO `districts` VALUES ('1806042', '1806', 'KOTABUMI SELATAN');
INSERT INTO `districts` VALUES ('1806050', '1806', 'ABUNG SELATAN');
INSERT INTO `districts` VALUES ('1806051', '1806', 'ABUNG SEMULI');
INSERT INTO `districts` VALUES ('1806052', '1806', 'BLAMBANGAN PAGAR');
INSERT INTO `districts` VALUES ('1806060', '1806', 'ABUNG TIMUR');
INSERT INTO `districts` VALUES ('1806061', '1806', 'ABUNG SURAKARTA');
INSERT INTO `districts` VALUES ('1806070', '1806', 'SUNGKAI SELATAN');
INSERT INTO `districts` VALUES ('1806071', '1806', 'MUARA SUNGKAI');
INSERT INTO `districts` VALUES ('1806072', '1806', 'BUNGA MAYANG');
INSERT INTO `districts` VALUES ('1806073', '1806', 'SUNGKAI  BARAT');
INSERT INTO `districts` VALUES ('1806074', '1806', 'SUNGKAI JAYA');
INSERT INTO `districts` VALUES ('1806080', '1806', 'SUNGKAI UTARA');
INSERT INTO `districts` VALUES ('1806081', '1806', 'HULUSUNGKAI');
INSERT INTO `districts` VALUES ('1806082', '1806', 'SUNGKAI TENGAH');
INSERT INTO `districts` VALUES ('1807010', '1807', 'BANJIT');
INSERT INTO `districts` VALUES ('1807020', '1807', 'BARADATU');
INSERT INTO `districts` VALUES ('1807021', '1807', 'GUNUNG LABUHAN');
INSERT INTO `districts` VALUES ('1807030', '1807', 'KASUI');
INSERT INTO `districts` VALUES ('1807031', '1807', 'REBANG TANGKAS');
INSERT INTO `districts` VALUES ('1807040', '1807', 'BLAMBANGAN UMPU');
INSERT INTO `districts` VALUES ('1807041', '1807', 'WAY TUBA');
INSERT INTO `districts` VALUES ('1807042', '1807', 'NEGERI AGUNG');
INSERT INTO `districts` VALUES ('1807050', '1807', 'BAHUGA');
INSERT INTO `districts` VALUES ('1807051', '1807', 'BUAY  BAHUGA');
INSERT INTO `districts` VALUES ('1807052', '1807', 'BUMI AGUNG');
INSERT INTO `districts` VALUES ('1807060', '1807', 'PAKUAN RATU');
INSERT INTO `districts` VALUES ('1807061', '1807', 'NEGARA BATIN');
INSERT INTO `districts` VALUES ('1807062', '1807', 'NEGERI BESAR');
INSERT INTO `districts` VALUES ('1808030', '1808', 'BANJAR AGUNG');
INSERT INTO `districts` VALUES ('1808031', '1808', 'BANJAR MARGO');
INSERT INTO `districts` VALUES ('1808032', '1808', 'BANJAR BARU');
INSERT INTO `districts` VALUES ('1808040', '1808', 'GEDUNG AJI');
INSERT INTO `districts` VALUES ('1808041', '1808', 'PENAWAR AJI');
INSERT INTO `districts` VALUES ('1808042', '1808', 'MERAKSA AJI');
INSERT INTO `districts` VALUES ('1808050', '1808', 'MENGGALA');
INSERT INTO `districts` VALUES ('1808051', '1808', 'PENAWAR TAMA');
INSERT INTO `districts` VALUES ('1808052', '1808', 'RAWAJITU SELATAN');
INSERT INTO `districts` VALUES ('1808053', '1808', 'GEDUNG MENENG');
INSERT INTO `districts` VALUES ('1808054', '1808', 'RAWAJITU TIMUR');
INSERT INTO `districts` VALUES ('1808055', '1808', 'RAWA PITU');
INSERT INTO `districts` VALUES ('1808056', '1808', 'GEDUNG AJI BARU');
INSERT INTO `districts` VALUES ('1808057', '1808', 'DENTE TELADAS');
INSERT INTO `districts` VALUES ('1808058', '1808', 'MENGGALA TIMUR');
INSERT INTO `districts` VALUES ('1809010', '1809', 'PUNDUH PIDADA');
INSERT INTO `districts` VALUES ('1809011', '1809', 'MARGA PUNDUH');
INSERT INTO `districts` VALUES ('1809020', '1809', 'PADANG CERMIN');
INSERT INTO `districts` VALUES ('1809021', '1809', 'TELUK PANDAN');
INSERT INTO `districts` VALUES ('1809022', '1809', 'WAY RATAI');
INSERT INTO `districts` VALUES ('1809030', '1809', 'KEDONDONG');
INSERT INTO `districts` VALUES ('1809031', '1809', 'WAY KHILAU');
INSERT INTO `districts` VALUES ('1809040', '1809', 'WAY LIMA');
INSERT INTO `districts` VALUES ('1809050', '1809', 'GEDUNG TATAAN');
INSERT INTO `districts` VALUES ('1809060', '1809', 'NEGERI KATON');
INSERT INTO `districts` VALUES ('1809070', '1809', 'TEGINENENG');
INSERT INTO `districts` VALUES ('1810010', '1810', 'PARDASUKA');
INSERT INTO `districts` VALUES ('1810020', '1810', 'AMBARAWA');
INSERT INTO `districts` VALUES ('1810030', '1810', 'PAGELARAN');
INSERT INTO `districts` VALUES ('1810031', '1810', 'PAGELARAN UTARA');
INSERT INTO `districts` VALUES ('1810040', '1810', 'PRINGSEWU');
INSERT INTO `districts` VALUES ('1810050', '1810', 'GADING REJO');
INSERT INTO `districts` VALUES ('1810060', '1810', 'SUKOHARJO');
INSERT INTO `districts` VALUES ('1810070', '1810', 'BANYUMAS');
INSERT INTO `districts` VALUES ('1810080', '1810', 'ADI LUWIH');
INSERT INTO `districts` VALUES ('1811010', '1811', 'WAY SERDANG');
INSERT INTO `districts` VALUES ('1811020', '1811', 'SIMPANG PEMATANG');
INSERT INTO `districts` VALUES ('1811030', '1811', 'PANCA JAYA');
INSERT INTO `districts` VALUES ('1811040', '1811', 'TANJUNG RAYA');
INSERT INTO `districts` VALUES ('1811050', '1811', 'MESUJI');
INSERT INTO `districts` VALUES ('1811060', '1811', 'MESUJI TIMUR');
INSERT INTO `districts` VALUES ('1811070', '1811', 'RAWAJITU UTARA');
INSERT INTO `districts` VALUES ('1812010', '1812', 'TULANG BAWANG UDIK');
INSERT INTO `districts` VALUES ('1812020', '1812', 'TUMI JAJAR');
INSERT INTO `districts` VALUES ('1812030', '1812', 'TULANG BAWANG TENGAH');
INSERT INTO `districts` VALUES ('1812040', '1812', 'PAGAR DEWA');
INSERT INTO `districts` VALUES ('1812050', '1812', 'LAMBU KIBANG');
INSERT INTO `districts` VALUES ('1812060', '1812', 'GUNUNG TERANG');
INSERT INTO `districts` VALUES ('1812070', '1812', 'GUNUNG AGUNG');
INSERT INTO `districts` VALUES ('1812080', '1812', 'WAY KENANGA');
INSERT INTO `districts` VALUES ('1813010', '1813', 'LEMONG');
INSERT INTO `districts` VALUES ('1813020', '1813', 'PESISIR UTARA');
INSERT INTO `districts` VALUES ('1813030', '1813', 'PULAU PISANG');
INSERT INTO `districts` VALUES ('1813040', '1813', 'KARYA PENGGAWA');
INSERT INTO `districts` VALUES ('1813050', '1813', 'WAY KRUI');
INSERT INTO `districts` VALUES ('1813060', '1813', 'PESISIR TENGAH');
INSERT INTO `districts` VALUES ('1813070', '1813', 'KRUI SELATAN');
INSERT INTO `districts` VALUES ('1813080', '1813', 'PESISIR SELATAN');
INSERT INTO `districts` VALUES ('1813090', '1813', 'NGAMBUR');
INSERT INTO `districts` VALUES ('1813100', '1813', 'BENGKUNAT');
INSERT INTO `districts` VALUES ('1813110', '1813', 'BENGKUNAT BELIMBING');
INSERT INTO `districts` VALUES ('1871010', '1871', 'TELUK BETUNG BARAT');
INSERT INTO `districts` VALUES ('1871011', '1871', 'TELUKBETUNG TIMUR');
INSERT INTO `districts` VALUES ('1871020', '1871', 'TELUK BETUNG SELATAN');
INSERT INTO `districts` VALUES ('1871021', '1871', 'BUMI WARAS');
INSERT INTO `districts` VALUES ('1871030', '1871', 'PANJANG');
INSERT INTO `districts` VALUES ('1871040', '1871', 'TANJUNG KARANG TIMUR');
INSERT INTO `districts` VALUES ('1871041', '1871', 'KEDAMAIAN');
INSERT INTO `districts` VALUES ('1871050', '1871', 'TELUK BETUNG UTARA');
INSERT INTO `districts` VALUES ('1871060', '1871', 'TANJUNG KARANG PUSAT');
INSERT INTO `districts` VALUES ('1871061', '1871', 'ENGGAL');
INSERT INTO `districts` VALUES ('1871070', '1871', 'TANJUNG KARANG BARAT');
INSERT INTO `districts` VALUES ('1871071', '1871', 'KEMILING');
INSERT INTO `districts` VALUES ('1871072', '1871', 'LANGKAPURA');
INSERT INTO `districts` VALUES ('1871080', '1871', 'KEDATON');
INSERT INTO `districts` VALUES ('1871081', '1871', 'RAJABASA');
INSERT INTO `districts` VALUES ('1871082', '1871', 'TANJUNG SENANG');
INSERT INTO `districts` VALUES ('1871083', '1871', 'LABUHAN RATU');
INSERT INTO `districts` VALUES ('1871090', '1871', 'SUKARAME');
INSERT INTO `districts` VALUES ('1871091', '1871', 'SUKABUMI');
INSERT INTO `districts` VALUES ('1871092', '1871', 'WAY HALIM');
INSERT INTO `districts` VALUES ('1872011', '1872', 'METRO SELATAN');
INSERT INTO `districts` VALUES ('1872012', '1872', 'METRO BARAT');
INSERT INTO `districts` VALUES ('1872021', '1872', 'METRO TIMUR');
INSERT INTO `districts` VALUES ('1872022', '1872', 'METRO PUSAT');
INSERT INTO `districts` VALUES ('1872023', '1872', 'METRO UTARA');
INSERT INTO `districts` VALUES ('1901070', '1901', 'MENDO BARAT');
INSERT INTO `districts` VALUES ('1901080', '1901', 'MERAWANG');
INSERT INTO `districts` VALUES ('1901081', '1901', 'PUDING BESAR');
INSERT INTO `districts` VALUES ('1901090', '1901', 'SUNGAI LIAT');
INSERT INTO `districts` VALUES ('1901091', '1901', 'PEMALI');
INSERT INTO `districts` VALUES ('1901092', '1901', 'BAKAM');
INSERT INTO `districts` VALUES ('1901130', '1901', 'BELINYU');
INSERT INTO `districts` VALUES ('1901131', '1901', 'RIAU SILIP');
INSERT INTO `districts` VALUES ('1902010', '1902', 'MEMBALONG');
INSERT INTO `districts` VALUES ('1902060', '1902', 'TANJUNG PANDAN');
INSERT INTO `districts` VALUES ('1902061', '1902', 'BADAU');
INSERT INTO `districts` VALUES ('1902062', '1902', 'SIJUK');
INSERT INTO `districts` VALUES ('1902063', '1902', 'SELAT NASIK');
INSERT INTO `districts` VALUES ('1903010', '1903', 'KELAPA');
INSERT INTO `districts` VALUES ('1903020', '1903', 'TEMPILANG');
INSERT INTO `districts` VALUES ('1903030', '1903', 'MENTOK');
INSERT INTO `districts` VALUES ('1903040', '1903', 'SIMPANG TERITIP');
INSERT INTO `districts` VALUES ('1903050', '1903', 'JEBUS');
INSERT INTO `districts` VALUES ('1903051', '1903', 'PARITTIGA');
INSERT INTO `districts` VALUES ('1904010', '1904', 'KOBA');
INSERT INTO `districts` VALUES ('1904011', '1904', 'LUBUK BESAR');
INSERT INTO `districts` VALUES ('1904020', '1904', 'PANGKALAN BARU');
INSERT INTO `districts` VALUES ('1904021', '1904', 'NAMANG');
INSERT INTO `districts` VALUES ('1904030', '1904', 'SUNGAI SELAN');
INSERT INTO `districts` VALUES ('1904040', '1904', 'SIMPANG KATIS');
INSERT INTO `districts` VALUES ('1905010', '1905', 'PAYUNG');
INSERT INTO `districts` VALUES ('1905011', '1905', 'PULAU BESAR');
INSERT INTO `districts` VALUES ('1905020', '1905', 'SIMPANG RIMBA');
INSERT INTO `districts` VALUES ('1905030', '1905', 'TOBOALI');
INSERT INTO `districts` VALUES ('1905031', '1905', 'TUKAK SADAI');
INSERT INTO `districts` VALUES ('1905040', '1905', 'AIR GEGAS');
INSERT INTO `districts` VALUES ('1905050', '1905', 'LEPAR PONGOK');
INSERT INTO `districts` VALUES ('1905051', '1905', 'KEPULAUAN PONGOK');
INSERT INTO `districts` VALUES ('1906010', '1906', 'DENDANG');
INSERT INTO `districts` VALUES ('1906011', '1906', 'SIMPANG PESAK');
INSERT INTO `districts` VALUES ('1906020', '1906', 'GANTUNG');
INSERT INTO `districts` VALUES ('1906021', '1906', 'SIMPANG RENGGIANG');
INSERT INTO `districts` VALUES ('1906030', '1906', 'MANGGAR');
INSERT INTO `districts` VALUES ('1906031', '1906', 'DAMAR');
INSERT INTO `districts` VALUES ('1906040', '1906', 'KELAPA KAMPIT');
INSERT INTO `districts` VALUES ('1971010', '1971', 'RANGKUI');
INSERT INTO `districts` VALUES ('1971020', '1971', 'BUKIT INTAN');
INSERT INTO `districts` VALUES ('1971021', '1971', 'GIRIMAYA');
INSERT INTO `districts` VALUES ('1971030', '1971', 'PANGKAL BALAM');
INSERT INTO `districts` VALUES ('1971031', '1971', 'GABEK');
INSERT INTO `districts` VALUES ('1971040', '1971', 'TAMAN SARI');
INSERT INTO `districts` VALUES ('1971041', '1971', 'GERUNGGANG');
INSERT INTO `districts` VALUES ('2101010', '2101', 'MORO');
INSERT INTO `districts` VALUES ('2101011', '2101', 'DURAI');
INSERT INTO `districts` VALUES ('2101020', '2101', 'KUNDUR');
INSERT INTO `districts` VALUES ('2101021', '2101', 'KUNDUR UTARA');
INSERT INTO `districts` VALUES ('2101022', '2101', 'KUNDUR BARAT');
INSERT INTO `districts` VALUES ('2101023', '2101', 'UNGAR');
INSERT INTO `districts` VALUES ('2101024', '2101', 'BELAT');
INSERT INTO `districts` VALUES ('2101030', '2101', 'KARIMUN');
INSERT INTO `districts` VALUES ('2101031', '2101', 'BURU');
INSERT INTO `districts` VALUES ('2101032', '2101', 'MERAL');
INSERT INTO `districts` VALUES ('2101033', '2101', 'TEBING');
INSERT INTO `districts` VALUES ('2101034', '2101', 'MERAL BARAT');
INSERT INTO `districts` VALUES ('2102040', '2102', 'TELUK BINTAN');
INSERT INTO `districts` VALUES ('2102050', '2102', 'BINTAN UTARA');
INSERT INTO `districts` VALUES ('2102051', '2102', 'TELUK SEBONG');
INSERT INTO `districts` VALUES ('2102052', '2102', 'SERI KUALA LOBAM');
INSERT INTO `districts` VALUES ('2102060', '2102', 'BINTAN TIMUR');
INSERT INTO `districts` VALUES ('2102061', '2102', 'GUNUNG KIJANG');
INSERT INTO `districts` VALUES ('2102062', '2102', 'MANTANG');
INSERT INTO `districts` VALUES ('2102063', '2102', 'BINTAN PESISIR');
INSERT INTO `districts` VALUES ('2102064', '2102', 'TOAPAYA');
INSERT INTO `districts` VALUES ('2102070', '2102', 'TAMBELAN');
INSERT INTO `districts` VALUES ('2103030', '2103', 'MIDAI');
INSERT INTO `districts` VALUES ('2103040', '2103', 'BUNGURAN BARAT');
INSERT INTO `districts` VALUES ('2103041', '2103', 'BUNGURAN UTARA');
INSERT INTO `districts` VALUES ('2103042', '2103', 'PULAU LAUT');
INSERT INTO `districts` VALUES ('2103043', '2103', 'PULAU TIGA');
INSERT INTO `districts` VALUES ('2103050', '2103', 'BUNGURAN TIMUR');
INSERT INTO `districts` VALUES ('2103051', '2103', 'BUNGURAN TIMUR LAUT');
INSERT INTO `districts` VALUES ('2103052', '2103', 'BUNGURAN TENGAH');
INSERT INTO `districts` VALUES ('2103053', '2103', 'BUNGURAN SELATAN');
INSERT INTO `districts` VALUES ('2103060', '2103', 'SERASAN');
INSERT INTO `districts` VALUES ('2103061', '2103', 'SUBI');
INSERT INTO `districts` VALUES ('2103062', '2103', 'SERASAN TIMUR');
INSERT INTO `districts` VALUES ('2104010', '2104', 'SINGKEP BARAT');
INSERT INTO `districts` VALUES ('2104011', '2104', 'KEPULAUAN POSEK');
INSERT INTO `districts` VALUES ('2104020', '2104', 'SINGKEP');
INSERT INTO `districts` VALUES ('2104021', '2104', 'SINGKEP SELATAN');
INSERT INTO `districts` VALUES ('2104022', '2104', 'SINGKEP PESISIR');
INSERT INTO `districts` VALUES ('2104030', '2104', 'LINGGA');
INSERT INTO `districts` VALUES ('2104031', '2104', 'SELAYAR');
INSERT INTO `districts` VALUES ('2104032', '2104', 'LINGGA TIMUR');
INSERT INTO `districts` VALUES ('2104040', '2104', 'LINGGA UTARA');
INSERT INTO `districts` VALUES ('2104050', '2104', 'SENAYANG');
INSERT INTO `districts` VALUES ('2105010', '2105', 'JEMAJA');
INSERT INTO `districts` VALUES ('2105020', '2105', 'JEMAJA TIMUR');
INSERT INTO `districts` VALUES ('2105030', '2105', 'SIANTAN SELATAN');
INSERT INTO `districts` VALUES ('2105040', '2105', 'SIANTAN');
INSERT INTO `districts` VALUES ('2105050', '2105', 'SIANTAN TIMUR');
INSERT INTO `districts` VALUES ('2105060', '2105', 'SIANTAN TENGAH');
INSERT INTO `districts` VALUES ('2105070', '2105', 'PALMATAK');
INSERT INTO `districts` VALUES ('2171010', '2171', 'BELAKANG PADANG');
INSERT INTO `districts` VALUES ('2171020', '2171', 'BULANG');
INSERT INTO `districts` VALUES ('2171030', '2171', 'GALANG');
INSERT INTO `districts` VALUES ('2171040', '2171', 'SEI BEDUK');
INSERT INTO `districts` VALUES ('2171041', '2171', 'SAGULUNG');
INSERT INTO `districts` VALUES ('2171050', '2171', 'NONGSA');
INSERT INTO `districts` VALUES ('2171051', '2171', 'BATAM KOTA');
INSERT INTO `districts` VALUES ('2171060', '2171', 'SEKUPANG');
INSERT INTO `districts` VALUES ('2171061', '2171', 'BATU AJI');
INSERT INTO `districts` VALUES ('2171070', '2171', 'LUBUK BAJA');
INSERT INTO `districts` VALUES ('2171080', '2171', 'BATU AMPAR');
INSERT INTO `districts` VALUES ('2171081', '2171', 'BENGKONG');
INSERT INTO `districts` VALUES ('2172010', '2172', 'BUKIT BESTARI');
INSERT INTO `districts` VALUES ('2172020', '2172', 'TANJUNGPINANG TIMUR');
INSERT INTO `districts` VALUES ('2172030', '2172', 'TANJUNGPINANG KOTA');
INSERT INTO `districts` VALUES ('2172040', '2172', 'TANJUNGPINANG BARAT');
INSERT INTO `districts` VALUES ('3101010', '3101', 'KEPULAUAN SERIBU SELATAN');
INSERT INTO `districts` VALUES ('3101020', '3101', 'KEPULAUAN SERIBU UTARA');
INSERT INTO `districts` VALUES ('3171010', '3171', 'JAGAKARSA');
INSERT INTO `districts` VALUES ('3171020', '3171', 'PASAR MINGGU');
INSERT INTO `districts` VALUES ('3171030', '3171', 'CILANDAK');
INSERT INTO `districts` VALUES ('3171040', '3171', 'PESANGGRAHAN');
INSERT INTO `districts` VALUES ('3171050', '3171', 'KEBAYORAN LAMA');
INSERT INTO `districts` VALUES ('3171060', '3171', 'KEBAYORAN BARU');
INSERT INTO `districts` VALUES ('3171070', '3171', 'MAMPANG PRAPATAN');
INSERT INTO `districts` VALUES ('3171080', '3171', 'PANCORAN');
INSERT INTO `districts` VALUES ('3171090', '3171', 'TEBET');
INSERT INTO `districts` VALUES ('3171100', '3171', 'SETIA BUDI');
INSERT INTO `districts` VALUES ('3172010', '3172', 'PASAR REBO');
INSERT INTO `districts` VALUES ('3172020', '3172', 'CIRACAS');
INSERT INTO `districts` VALUES ('3172030', '3172', 'CIPAYUNG');
INSERT INTO `districts` VALUES ('3172040', '3172', 'MAKASAR');
INSERT INTO `districts` VALUES ('3172050', '3172', 'KRAMAT JATI');
INSERT INTO `districts` VALUES ('3172060', '3172', 'JATINEGARA');
INSERT INTO `districts` VALUES ('3172070', '3172', 'DUREN SAWIT');
INSERT INTO `districts` VALUES ('3172080', '3172', 'CAKUNG');
INSERT INTO `districts` VALUES ('3172090', '3172', 'PULO GADUNG');
INSERT INTO `districts` VALUES ('3172100', '3172', 'MATRAMAN');
INSERT INTO `districts` VALUES ('3173010', '3173', 'TANAH ABANG');
INSERT INTO `districts` VALUES ('3173020', '3173', 'MENTENG');
INSERT INTO `districts` VALUES ('3173030', '3173', 'SENEN');
INSERT INTO `districts` VALUES ('3173040', '3173', 'JOHAR BARU');
INSERT INTO `districts` VALUES ('3173050', '3173', 'CEMPAKA PUTIH');
INSERT INTO `districts` VALUES ('3173060', '3173', 'KEMAYORAN');
INSERT INTO `districts` VALUES ('3173070', '3173', 'SAWAH BESAR');
INSERT INTO `districts` VALUES ('3173080', '3173', 'GAMBIR');
INSERT INTO `districts` VALUES ('3174010', '3174', 'KEMBANGAN');
INSERT INTO `districts` VALUES ('3174020', '3174', 'KEBON JERUK');
INSERT INTO `districts` VALUES ('3174030', '3174', 'PALMERAH');
INSERT INTO `districts` VALUES ('3174040', '3174', 'GROGOL PETAMBURAN');
INSERT INTO `districts` VALUES ('3174050', '3174', 'TAMBORA');
INSERT INTO `districts` VALUES ('3174060', '3174', 'TAMAN SARI');
INSERT INTO `districts` VALUES ('3174070', '3174', 'CENGKARENG');
INSERT INTO `districts` VALUES ('3174080', '3174', 'KALI DERES');
INSERT INTO `districts` VALUES ('3175010', '3175', 'PENJARINGAN');
INSERT INTO `districts` VALUES ('3175020', '3175', 'PADEMANGAN');
INSERT INTO `districts` VALUES ('3175030', '3175', 'TANJUNG PRIOK');
INSERT INTO `districts` VALUES ('3175040', '3175', 'KOJA');
INSERT INTO `districts` VALUES ('3175050', '3175', 'KELAPA GADING');
INSERT INTO `districts` VALUES ('3175060', '3175', 'CILINCING');
INSERT INTO `districts` VALUES ('3201010', '3201', 'NANGGUNG');
INSERT INTO `districts` VALUES ('3201020', '3201', 'LEUWILIANG');
INSERT INTO `districts` VALUES ('3201021', '3201', 'LEUWISADENG');
INSERT INTO `districts` VALUES ('3201030', '3201', 'PAMIJAHAN');
INSERT INTO `districts` VALUES ('3201040', '3201', 'CIBUNGBULANG');
INSERT INTO `districts` VALUES ('3201050', '3201', 'CIAMPEA');
INSERT INTO `districts` VALUES ('3201051', '3201', 'TENJOLAYA');
INSERT INTO `districts` VALUES ('3201060', '3201', 'DRAMAGA');
INSERT INTO `districts` VALUES ('3201070', '3201', 'CIOMAS');
INSERT INTO `districts` VALUES ('3201071', '3201', 'TAMANSARI');
INSERT INTO `districts` VALUES ('3201080', '3201', 'CIJERUK');
INSERT INTO `districts` VALUES ('3201081', '3201', 'CIGOMBONG');
INSERT INTO `districts` VALUES ('3201090', '3201', 'CARINGIN');
INSERT INTO `districts` VALUES ('3201100', '3201', 'CIAWI');
INSERT INTO `districts` VALUES ('3201110', '3201', 'CISARUA');
INSERT INTO `districts` VALUES ('3201120', '3201', 'MEGAMENDUNG');
INSERT INTO `districts` VALUES ('3201130', '3201', 'SUKARAJA');
INSERT INTO `districts` VALUES ('3201140', '3201', 'BABAKAN MADANG');
INSERT INTO `districts` VALUES ('3201150', '3201', 'SUKAMAKMUR');
INSERT INTO `districts` VALUES ('3201160', '3201', 'CARIU');
INSERT INTO `districts` VALUES ('3201161', '3201', 'TANJUNGSARI');
INSERT INTO `districts` VALUES ('3201170', '3201', 'JONGGOL');
INSERT INTO `districts` VALUES ('3201180', '3201', 'CILEUNGSI');
INSERT INTO `districts` VALUES ('3201181', '3201', 'KELAPA NUNGGAL');
INSERT INTO `districts` VALUES ('3201190', '3201', 'GUNUNG PUTRI');
INSERT INTO `districts` VALUES ('3201200', '3201', 'CITEUREUP');
INSERT INTO `districts` VALUES ('3201210', '3201', 'CIBINONG');
INSERT INTO `districts` VALUES ('3201220', '3201', 'BOJONG GEDE');
INSERT INTO `districts` VALUES ('3201221', '3201', 'TAJUR HALANG');
INSERT INTO `districts` VALUES ('3201230', '3201', 'KEMANG');
INSERT INTO `districts` VALUES ('3201231', '3201', 'RANCA BUNGUR');
INSERT INTO `districts` VALUES ('3201240', '3201', 'PARUNG');
INSERT INTO `districts` VALUES ('3201241', '3201', 'CISEENG');
INSERT INTO `districts` VALUES ('3201250', '3201', 'GUNUNG SINDUR');
INSERT INTO `districts` VALUES ('3201260', '3201', 'RUMPIN');
INSERT INTO `districts` VALUES ('3201270', '3201', 'CIGUDEG');
INSERT INTO `districts` VALUES ('3201271', '3201', 'SUKAJAYA');
INSERT INTO `districts` VALUES ('3201280', '3201', 'JASINGA');
INSERT INTO `districts` VALUES ('3201290', '3201', 'TENJO');
INSERT INTO `districts` VALUES ('3201300', '3201', 'PARUNG PANJANG');
INSERT INTO `districts` VALUES ('3202010', '3202', 'CIEMAS');
INSERT INTO `districts` VALUES ('3202020', '3202', 'CIRACAP');
INSERT INTO `districts` VALUES ('3202021', '3202', 'WALURAN');
INSERT INTO `districts` VALUES ('3202030', '3202', 'SURADE');
INSERT INTO `districts` VALUES ('3202031', '3202', 'CIBITUNG');
INSERT INTO `districts` VALUES ('3202040', '3202', 'JAMPANG KULON');
INSERT INTO `districts` VALUES ('3202041', '3202', 'CIMANGGU');
INSERT INTO `districts` VALUES ('3202050', '3202', 'KALI BUNDER');
INSERT INTO `districts` VALUES ('3202060', '3202', 'TEGAL BULEUD');
INSERT INTO `districts` VALUES ('3202070', '3202', 'CIDOLOG');
INSERT INTO `districts` VALUES ('3202080', '3202', 'SAGARANTEN');
INSERT INTO `districts` VALUES ('3202081', '3202', 'CIDADAP');
INSERT INTO `districts` VALUES ('3202082', '3202', 'CURUGKEMBAR');
INSERT INTO `districts` VALUES ('3202090', '3202', 'PABUARAN');
INSERT INTO `districts` VALUES ('3202100', '3202', 'LENGKONG');
INSERT INTO `districts` VALUES ('3202110', '3202', 'PALABUHANRATU');
INSERT INTO `districts` VALUES ('3202111', '3202', 'SIMPENAN');
INSERT INTO `districts` VALUES ('3202120', '3202', 'WARUNG KIARA');
INSERT INTO `districts` VALUES ('3202121', '3202', 'BANTARGADUNG');
INSERT INTO `districts` VALUES ('3202130', '3202', 'JAMPANG TENGAH');
INSERT INTO `districts` VALUES ('3202131', '3202', 'PURABAYA');
INSERT INTO `districts` VALUES ('3202140', '3202', 'CIKEMBAR');
INSERT INTO `districts` VALUES ('3202150', '3202', 'NYALINDUNG');
INSERT INTO `districts` VALUES ('3202160', '3202', 'GEGER BITUNG');
INSERT INTO `districts` VALUES ('3202170', '3202', 'SUKARAJA');
INSERT INTO `districts` VALUES ('3202171', '3202', 'KEBONPEDES');
INSERT INTO `districts` VALUES ('3202172', '3202', 'CIREUNGHAS');
INSERT INTO `districts` VALUES ('3202173', '3202', 'SUKALARANG');
INSERT INTO `districts` VALUES ('3202180', '3202', 'SUKABUMI');
INSERT INTO `districts` VALUES ('3202190', '3202', 'KADUDAMPIT');
INSERT INTO `districts` VALUES ('3202200', '3202', 'CISAAT');
INSERT INTO `districts` VALUES ('3202201', '3202', 'GUNUNGGURUH');
INSERT INTO `districts` VALUES ('3202210', '3202', 'CIBADAK');
INSERT INTO `districts` VALUES ('3202211', '3202', 'CICANTAYAN');
INSERT INTO `districts` VALUES ('3202212', '3202', 'CARINGIN');
INSERT INTO `districts` VALUES ('3202220', '3202', 'NAGRAK');
INSERT INTO `districts` VALUES ('3202221', '3202', 'CIAMBAR');
INSERT INTO `districts` VALUES ('3202230', '3202', 'CICURUG');
INSERT INTO `districts` VALUES ('3202240', '3202', 'CIDAHU');
INSERT INTO `districts` VALUES ('3202250', '3202', 'PARAKAN SALAK');
INSERT INTO `districts` VALUES ('3202260', '3202', 'PARUNG KUDA');
INSERT INTO `districts` VALUES ('3202261', '3202', 'BOJONG GENTENG');
INSERT INTO `districts` VALUES ('3202270', '3202', 'KALAPA NUNGGAL');
INSERT INTO `districts` VALUES ('3202280', '3202', 'CIKIDANG');
INSERT INTO `districts` VALUES ('3202290', '3202', 'CISOLOK');
INSERT INTO `districts` VALUES ('3202291', '3202', 'CIKAKAK');
INSERT INTO `districts` VALUES ('3202300', '3202', 'KABANDUNGAN');
INSERT INTO `districts` VALUES ('3203010', '3203', 'AGRABINTA');
INSERT INTO `districts` VALUES ('3203011', '3203', 'LELES');
INSERT INTO `districts` VALUES ('3203020', '3203', 'SINDANGBARANG');
INSERT INTO `districts` VALUES ('3203030', '3203', 'CIDAUN');
INSERT INTO `districts` VALUES ('3203040', '3203', 'NARINGGUL');
INSERT INTO `districts` VALUES ('3203050', '3203', 'CIBINONG');
INSERT INTO `districts` VALUES ('3203051', '3203', 'CIKADU');
INSERT INTO `districts` VALUES ('3203060', '3203', 'TANGGEUNG');
INSERT INTO `districts` VALUES ('3203061', '3203', 'PASIRKUDA');
INSERT INTO `districts` VALUES ('3203070', '3203', 'KADUPANDAK');
INSERT INTO `districts` VALUES ('3203071', '3203', 'CIJATI');
INSERT INTO `districts` VALUES ('3203080', '3203', 'TAKOKAK');
INSERT INTO `districts` VALUES ('3203090', '3203', 'SUKANAGARA');
INSERT INTO `districts` VALUES ('3203100', '3203', 'PAGELARAN');
INSERT INTO `districts` VALUES ('3203110', '3203', 'CAMPAKA');
INSERT INTO `districts` VALUES ('3203111', '3203', 'CAMPAKA MULYA');
INSERT INTO `districts` VALUES ('3203120', '3203', 'CIBEBER');
INSERT INTO `districts` VALUES ('3203130', '3203', 'WARUNGKONDANG');
INSERT INTO `districts` VALUES ('3203131', '3203', 'GEKBRONG');
INSERT INTO `districts` VALUES ('3203140', '3203', 'CILAKU');
INSERT INTO `districts` VALUES ('3203150', '3203', 'SUKALUYU');
INSERT INTO `districts` VALUES ('3203160', '3203', 'BOJONGPICUNG');
INSERT INTO `districts` VALUES ('3203161', '3203', 'HAURWANGI');
INSERT INTO `districts` VALUES ('3203170', '3203', 'CIRANJANG');
INSERT INTO `districts` VALUES ('3203180', '3203', 'MANDE');
INSERT INTO `districts` VALUES ('3203190', '3203', 'KARANGTENGAH');
INSERT INTO `districts` VALUES ('3203200', '3203', 'CIANJUR');
INSERT INTO `districts` VALUES ('3203210', '3203', 'CUGENANG');
INSERT INTO `districts` VALUES ('3203220', '3203', 'PACET');
INSERT INTO `districts` VALUES ('3203221', '3203', 'CIPANAS');
INSERT INTO `districts` VALUES ('3203230', '3203', 'SUKARESMI');
INSERT INTO `districts` VALUES ('3203240', '3203', 'CIKALONGKULON');
INSERT INTO `districts` VALUES ('3204010', '3204', 'CIWIDEY');
INSERT INTO `districts` VALUES ('3204011', '3204', 'RANCABALI');
INSERT INTO `districts` VALUES ('3204020', '3204', 'PASIRJAMBU');
INSERT INTO `districts` VALUES ('3204030', '3204', 'CIMAUNG');
INSERT INTO `districts` VALUES ('3204040', '3204', 'PANGALENGAN');
INSERT INTO `districts` VALUES ('3204050', '3204', 'KERTASARI');
INSERT INTO `districts` VALUES ('3204060', '3204', 'PACET');
INSERT INTO `districts` VALUES ('3204070', '3204', 'IBUN');
INSERT INTO `districts` VALUES ('3204080', '3204', 'PASEH');
INSERT INTO `districts` VALUES ('3204090', '3204', 'CIKANCUNG');
INSERT INTO `districts` VALUES ('3204100', '3204', 'CICALENGKA');
INSERT INTO `districts` VALUES ('3204101', '3204', 'NAGREG');
INSERT INTO `districts` VALUES ('3204110', '3204', 'RANCAEKEK');
INSERT INTO `districts` VALUES ('3204120', '3204', 'MAJALAYA');
INSERT INTO `districts` VALUES ('3204121', '3204', 'SOLOKAN JERUK');
INSERT INTO `districts` VALUES ('3204130', '3204', 'CIPARAY');
INSERT INTO `districts` VALUES ('3204140', '3204', 'BALEENDAH');
INSERT INTO `districts` VALUES ('3204150', '3204', 'ARJASARI');
INSERT INTO `districts` VALUES ('3204160', '3204', 'BANJARAN');
INSERT INTO `districts` VALUES ('3204161', '3204', 'CANGKUANG');
INSERT INTO `districts` VALUES ('3204170', '3204', 'PAMEUNGPEUK');
INSERT INTO `districts` VALUES ('3204180', '3204', 'KATAPANG');
INSERT INTO `districts` VALUES ('3204190', '3204', 'SOREANG');
INSERT INTO `districts` VALUES ('3204191', '3204', 'KUTAWARINGIN');
INSERT INTO `districts` VALUES ('3204250', '3204', 'MARGAASIH');
INSERT INTO `districts` VALUES ('3204260', '3204', 'MARGAHAYU');
INSERT INTO `districts` VALUES ('3204270', '3204', 'DAYEUHKOLOT');
INSERT INTO `districts` VALUES ('3204280', '3204', 'BOJONGSOANG');
INSERT INTO `districts` VALUES ('3204290', '3204', 'CILEUNYI');
INSERT INTO `districts` VALUES ('3204300', '3204', 'CILENGKRANG');
INSERT INTO `districts` VALUES ('3204310', '3204', 'CIMENYAN');
INSERT INTO `districts` VALUES ('3205010', '3205', 'CISEWU');
INSERT INTO `districts` VALUES ('3205011', '3205', 'CARINGIN');
INSERT INTO `districts` VALUES ('3205020', '3205', 'TALEGONG');
INSERT INTO `districts` VALUES ('3205030', '3205', 'BUNGBULANG');
INSERT INTO `districts` VALUES ('3205031', '3205', 'MEKARMUKTI');
INSERT INTO `districts` VALUES ('3205040', '3205', 'PAMULIHAN');
INSERT INTO `districts` VALUES ('3205050', '3205', 'PAKENJENG');
INSERT INTO `districts` VALUES ('3205060', '3205', 'CIKELET');
INSERT INTO `districts` VALUES ('3205070', '3205', 'PAMEUNGPEUK');
INSERT INTO `districts` VALUES ('3205080', '3205', 'CIBALONG');
INSERT INTO `districts` VALUES ('3205090', '3205', 'CISOMPET');
INSERT INTO `districts` VALUES ('3205100', '3205', 'PEUNDEUY');
INSERT INTO `districts` VALUES ('3205110', '3205', 'SINGAJAYA');
INSERT INTO `districts` VALUES ('3205111', '3205', 'CIHURIP');
INSERT INTO `districts` VALUES ('3205120', '3205', 'CIKAJANG');
INSERT INTO `districts` VALUES ('3205130', '3205', 'BANJARWANGI');
INSERT INTO `districts` VALUES ('3205140', '3205', 'CILAWU');
INSERT INTO `districts` VALUES ('3205150', '3205', 'BAYONGBONG');
INSERT INTO `districts` VALUES ('3205151', '3205', 'CIGEDUG');
INSERT INTO `districts` VALUES ('3205160', '3205', 'CISURUPAN');
INSERT INTO `districts` VALUES ('3205161', '3205', 'SUKARESMI');
INSERT INTO `districts` VALUES ('3205170', '3205', 'SAMARANG');
INSERT INTO `districts` VALUES ('3205171', '3205', 'PASIRWANGI');
INSERT INTO `districts` VALUES ('3205181', '3205', 'TAROGONG KIDUL');
INSERT INTO `districts` VALUES ('3205182', '3205', 'TAROGONG KALER');
INSERT INTO `districts` VALUES ('3205190', '3205', 'GARUT KOTA');
INSERT INTO `districts` VALUES ('3205200', '3205', 'KARANGPAWITAN');
INSERT INTO `districts` VALUES ('3205210', '3205', 'WANARAJA');
INSERT INTO `districts` VALUES ('3205211', '3205', 'SUCINARAJA');
INSERT INTO `districts` VALUES ('3205212', '3205', 'PANGATIKAN');
INSERT INTO `districts` VALUES ('3205220', '3205', 'SUKAWENING');
INSERT INTO `districts` VALUES ('3205221', '3205', 'KARANGTENGAH');
INSERT INTO `districts` VALUES ('3205230', '3205', 'BANYURESMI');
INSERT INTO `districts` VALUES ('3205240', '3205', 'LELES');
INSERT INTO `districts` VALUES ('3205250', '3205', 'LEUWIGOONG');
INSERT INTO `districts` VALUES ('3205260', '3205', 'CIBATU');
INSERT INTO `districts` VALUES ('3205261', '3205', 'KERSAMANAH');
INSERT INTO `districts` VALUES ('3205270', '3205', 'CIBIUK');
INSERT INTO `districts` VALUES ('3205280', '3205', 'KADUNGORA');
INSERT INTO `districts` VALUES ('3205290', '3205', 'BLUBUR LIMBANGAN');
INSERT INTO `districts` VALUES ('3205300', '3205', 'SELAAWI');
INSERT INTO `districts` VALUES ('3205310', '3205', 'MALANGBONG');
INSERT INTO `districts` VALUES ('3206010', '3206', 'CIPATUJAH');
INSERT INTO `districts` VALUES ('3206020', '3206', 'KARANGNUNGGAL');
INSERT INTO `districts` VALUES ('3206030', '3206', 'CIKALONG');
INSERT INTO `districts` VALUES ('3206040', '3206', 'PANCATENGAH');
INSERT INTO `districts` VALUES ('3206050', '3206', 'CIKATOMAS');
INSERT INTO `districts` VALUES ('3206060', '3206', 'CIBALONG');
INSERT INTO `districts` VALUES ('3206061', '3206', 'PARUNGPONTENG');
INSERT INTO `districts` VALUES ('3206070', '3206', 'BANTARKALONG');
INSERT INTO `districts` VALUES ('3206071', '3206', 'BOJONGASIH');
INSERT INTO `districts` VALUES ('3206072', '3206', 'CULAMEGA');
INSERT INTO `districts` VALUES ('3206080', '3206', 'BOJONGGAMBIR');
INSERT INTO `districts` VALUES ('3206090', '3206', 'SODONGHILIR');
INSERT INTO `districts` VALUES ('3206100', '3206', 'TARAJU');
INSERT INTO `districts` VALUES ('3206110', '3206', 'SALAWU');
INSERT INTO `districts` VALUES ('3206111', '3206', 'PUSPAHIANG');
INSERT INTO `districts` VALUES ('3206120', '3206', 'TANJUNGJAYA');
INSERT INTO `districts` VALUES ('3206130', '3206', 'SUKARAJA');
INSERT INTO `districts` VALUES ('3206140', '3206', 'SALOPA');
INSERT INTO `districts` VALUES ('3206141', '3206', 'JATIWARAS');
INSERT INTO `districts` VALUES ('3206150', '3206', 'CINEAM');
INSERT INTO `districts` VALUES ('3206151', '3206', 'KARANGJAYA');
INSERT INTO `districts` VALUES ('3206160', '3206', 'MANONJAYA');
INSERT INTO `districts` VALUES ('3206161', '3206', 'GUNUNGTANJUNG');
INSERT INTO `districts` VALUES ('3206190', '3206', 'SINGAPARNA');
INSERT INTO `districts` VALUES ('3206191', '3206', 'SUKARAME');
INSERT INTO `districts` VALUES ('3206192', '3206', 'MANGUNREJA');
INSERT INTO `districts` VALUES ('3206200', '3206', 'CIGALONTANG');
INSERT INTO `districts` VALUES ('3206210', '3206', 'LEUWISARI');
INSERT INTO `districts` VALUES ('3206211', '3206', 'SARIWANGI');
INSERT INTO `districts` VALUES ('3206212', '3206', 'PADAKEMBANG');
INSERT INTO `districts` VALUES ('3206221', '3206', 'SUKARATU');
INSERT INTO `districts` VALUES ('3206230', '3206', 'CISAYONG');
INSERT INTO `districts` VALUES ('3206231', '3206', 'SUKAHENING');
INSERT INTO `districts` VALUES ('3206240', '3206', 'RAJAPOLAH');
INSERT INTO `districts` VALUES ('3206250', '3206', 'JAMANIS');
INSERT INTO `districts` VALUES ('3206260', '3206', 'CIAWI');
INSERT INTO `districts` VALUES ('3206261', '3206', 'KADIPATEN');
INSERT INTO `districts` VALUES ('3206270', '3206', 'PAGERAGEUNG');
INSERT INTO `districts` VALUES ('3206271', '3206', 'SUKARESIK');
INSERT INTO `districts` VALUES ('3207100', '3207', 'BANJARSARI');
INSERT INTO `districts` VALUES ('3207110', '3207', 'LAKBOK');
INSERT INTO `districts` VALUES ('3207111', '3207', 'PURWADADI');
INSERT INTO `districts` VALUES ('3207120', '3207', 'PAMARICAN');
INSERT INTO `districts` VALUES ('3207130', '3207', 'CIDOLOG');
INSERT INTO `districts` VALUES ('3207140', '3207', 'CIMARAGAS');
INSERT INTO `districts` VALUES ('3207150', '3207', 'CIJEUNGJING');
INSERT INTO `districts` VALUES ('3207160', '3207', 'CISAGA');
INSERT INTO `districts` VALUES ('3207170', '3207', 'TAMBAKSARI');
INSERT INTO `districts` VALUES ('3207180', '3207', 'RANCAH');
INSERT INTO `districts` VALUES ('3207190', '3207', 'RAJADESA');
INSERT INTO `districts` VALUES ('3207200', '3207', 'SUKADANA');
INSERT INTO `districts` VALUES ('3207210', '3207', 'CIAMIS');
INSERT INTO `districts` VALUES ('3207211', '3207', 'BAREGBEG');
INSERT INTO `districts` VALUES ('3207220', '3207', 'CIKONENG');
INSERT INTO `districts` VALUES ('3207221', '3207', 'SINDANGKASIH');
INSERT INTO `districts` VALUES ('3207230', '3207', 'CIHAURBEUTI');
INSERT INTO `districts` VALUES ('3207240', '3207', 'SADANANYA');
INSERT INTO `districts` VALUES ('3207250', '3207', 'CIPAKU');
INSERT INTO `districts` VALUES ('3207260', '3207', 'JATINAGARA');
INSERT INTO `districts` VALUES ('3207270', '3207', 'PANAWANGAN');
INSERT INTO `districts` VALUES ('3207280', '3207', 'KAWALI');
INSERT INTO `districts` VALUES ('3207281', '3207', 'LUMBUNG');
INSERT INTO `districts` VALUES ('3207290', '3207', 'PANJALU');
INSERT INTO `districts` VALUES ('3207291', '3207', 'SUKAMANTRI');
INSERT INTO `districts` VALUES ('3207300', '3207', 'PANUMBANGAN');
INSERT INTO `districts` VALUES ('3208010', '3208', 'DARMA');
INSERT INTO `districts` VALUES ('3208020', '3208', 'KADUGEDE');
INSERT INTO `districts` VALUES ('3208021', '3208', 'NUSAHERANG');
INSERT INTO `districts` VALUES ('3208030', '3208', 'CINIRU');
INSERT INTO `districts` VALUES ('3208031', '3208', 'HANTARA');
INSERT INTO `districts` VALUES ('3208040', '3208', 'SELAJAMBE');
INSERT INTO `districts` VALUES ('3208050', '3208', 'SUBANG');
INSERT INTO `districts` VALUES ('3208051', '3208', 'CILEBAK');
INSERT INTO `districts` VALUES ('3208060', '3208', 'CIWARU');
INSERT INTO `districts` VALUES ('3208061', '3208', 'KARANGKANCANA');
INSERT INTO `districts` VALUES ('3208070', '3208', 'CIBINGBIN');
INSERT INTO `districts` VALUES ('3208071', '3208', 'CIBEUREUM');
INSERT INTO `districts` VALUES ('3208080', '3208', 'LURAGUNG');
INSERT INTO `districts` VALUES ('3208081', '3208', 'CIMAHI');
INSERT INTO `districts` VALUES ('3208090', '3208', 'CIDAHU');
INSERT INTO `districts` VALUES ('3208091', '3208', 'KALIMANGGIS');
INSERT INTO `districts` VALUES ('3208100', '3208', 'CIAWIGEBANG');
INSERT INTO `districts` VALUES ('3208101', '3208', 'CIPICUNG');
INSERT INTO `districts` VALUES ('3208110', '3208', 'LEBAKWANGI');
INSERT INTO `districts` VALUES ('3208111', '3208', 'MALEBER');
INSERT INTO `districts` VALUES ('3208120', '3208', 'GARAWANGI');
INSERT INTO `districts` VALUES ('3208121', '3208', 'SINDANGAGUNG');
INSERT INTO `districts` VALUES ('3208130', '3208', 'KUNINGAN');
INSERT INTO `districts` VALUES ('3208140', '3208', 'CIGUGUR');
INSERT INTO `districts` VALUES ('3208150', '3208', 'KRAMATMULYA');
INSERT INTO `districts` VALUES ('3208160', '3208', 'JALAKSANA');
INSERT INTO `districts` VALUES ('3208161', '3208', 'JAPARA');
INSERT INTO `districts` VALUES ('3208170', '3208', 'CILIMUS');
INSERT INTO `districts` VALUES ('3208171', '3208', 'CIGANDAMEKAR');
INSERT INTO `districts` VALUES ('3208180', '3208', 'MANDIRANCAN');
INSERT INTO `districts` VALUES ('3208181', '3208', 'PANCALANG');
INSERT INTO `districts` VALUES ('3208190', '3208', 'PASAWAHAN');
INSERT INTO `districts` VALUES ('3209010', '3209', 'WALED');
INSERT INTO `districts` VALUES ('3209011', '3209', 'PASALEMAN');
INSERT INTO `districts` VALUES ('3209020', '3209', 'CILEDUG');
INSERT INTO `districts` VALUES ('3209021', '3209', 'PABUARAN');
INSERT INTO `districts` VALUES ('3209030', '3209', 'LOSARI');
INSERT INTO `districts` VALUES ('3209031', '3209', 'PABEDILAN');
INSERT INTO `districts` VALUES ('3209040', '3209', 'BABAKAN');
INSERT INTO `districts` VALUES ('3209041', '3209', 'GEBANG');
INSERT INTO `districts` VALUES ('3209050', '3209', 'KARANGSEMBUNG');
INSERT INTO `districts` VALUES ('3209051', '3209', 'KARANGWARENG');
INSERT INTO `districts` VALUES ('3209060', '3209', 'LEMAHABANG');
INSERT INTO `districts` VALUES ('3209061', '3209', 'SUSUKANLEBAK');
INSERT INTO `districts` VALUES ('3209070', '3209', 'SEDONG');
INSERT INTO `districts` VALUES ('3209080', '3209', 'ASTANAJAPURA');
INSERT INTO `districts` VALUES ('3209081', '3209', 'PANGENAN');
INSERT INTO `districts` VALUES ('3209090', '3209', 'MUNDU');
INSERT INTO `districts` VALUES ('3209100', '3209', 'BEBER');
INSERT INTO `districts` VALUES ('3209101', '3209', 'GREGED');
INSERT INTO `districts` VALUES ('3209111', '3209', 'TALUN');
INSERT INTO `districts` VALUES ('3209120', '3209', 'SUMBER');
INSERT INTO `districts` VALUES ('3209121', '3209', 'DUKUPUNTANG');
INSERT INTO `districts` VALUES ('3209130', '3209', 'PALIMANAN');
INSERT INTO `districts` VALUES ('3209140', '3209', 'PLUMBON');
INSERT INTO `districts` VALUES ('3209141', '3209', 'DEPOK');
INSERT INTO `districts` VALUES ('3209150', '3209', 'WERU');
INSERT INTO `districts` VALUES ('3209151', '3209', 'PLERED');
INSERT INTO `districts` VALUES ('3209161', '3209', 'TENGAH TANI');
INSERT INTO `districts` VALUES ('3209162', '3209', 'KEDAWUNG');
INSERT INTO `districts` VALUES ('3209171', '3209', 'GUNUNGJATI');
INSERT INTO `districts` VALUES ('3209180', '3209', 'KAPETAKAN');
INSERT INTO `districts` VALUES ('3209181', '3209', 'SURANENGGALA');
INSERT INTO `districts` VALUES ('3209190', '3209', 'KLANGENAN');
INSERT INTO `districts` VALUES ('3209191', '3209', 'JAMBLANG');
INSERT INTO `districts` VALUES ('3209200', '3209', 'ARJAWINANGUN');
INSERT INTO `districts` VALUES ('3209201', '3209', 'PANGURAGAN');
INSERT INTO `districts` VALUES ('3209210', '3209', 'CIWARINGIN');
INSERT INTO `districts` VALUES ('3209211', '3209', 'GEMPOL');
INSERT INTO `districts` VALUES ('3209220', '3209', 'SUSUKAN');
INSERT INTO `districts` VALUES ('3209230', '3209', 'GEGESIK');
INSERT INTO `districts` VALUES ('3209231', '3209', 'KALIWEDI');
INSERT INTO `districts` VALUES ('3210010', '3210', 'LEMAHSUGIH');
INSERT INTO `districts` VALUES ('3210020', '3210', 'BANTARUJEG');
INSERT INTO `districts` VALUES ('3210021', '3210', 'MALAUSMA');
INSERT INTO `districts` VALUES ('3210030', '3210', 'CIKIJING');
INSERT INTO `districts` VALUES ('3210031', '3210', 'CINGAMBUL');
INSERT INTO `districts` VALUES ('3210040', '3210', 'TALAGA');
INSERT INTO `districts` VALUES ('3210041', '3210', 'BANJARAN');
INSERT INTO `districts` VALUES ('3210050', '3210', 'ARGAPURA');
INSERT INTO `districts` VALUES ('3210060', '3210', 'MAJA');
INSERT INTO `districts` VALUES ('3210070', '3210', 'MAJALENGKA');
INSERT INTO `districts` VALUES ('3210080', '3210', 'CIGASONG');
INSERT INTO `districts` VALUES ('3210090', '3210', 'SUKAHAJI');
INSERT INTO `districts` VALUES ('3210091', '3210', 'SINDANG');
INSERT INTO `districts` VALUES ('3210100', '3210', 'RAJAGALUH');
INSERT INTO `districts` VALUES ('3210110', '3210', 'SINDANGWANGI');
INSERT INTO `districts` VALUES ('3210120', '3210', 'LEUWIMUNDING');
INSERT INTO `districts` VALUES ('3210130', '3210', 'PALASAH');
INSERT INTO `districts` VALUES ('3210140', '3210', 'JATIWANGI');
INSERT INTO `districts` VALUES ('3210150', '3210', 'DAWUAN');
INSERT INTO `districts` VALUES ('3210151', '3210', 'KASOKANDEL');
INSERT INTO `districts` VALUES ('3210160', '3210', 'PANYINGKIRAN');
INSERT INTO `districts` VALUES ('3210170', '3210', 'KADIPATEN');
INSERT INTO `districts` VALUES ('3210180', '3210', 'KERTAJATI');
INSERT INTO `districts` VALUES ('3210190', '3210', 'JATITUJUH');
INSERT INTO `districts` VALUES ('3210200', '3210', 'LIGUNG');
INSERT INTO `districts` VALUES ('3210210', '3210', 'SUMBERJAYA');
INSERT INTO `districts` VALUES ('3211010', '3211', 'JATINANGOR');
INSERT INTO `districts` VALUES ('3211020', '3211', 'CIMANGGUNG');
INSERT INTO `districts` VALUES ('3211030', '3211', 'TANJUNGSARI');
INSERT INTO `districts` VALUES ('3211031', '3211', 'SUKASARI');
INSERT INTO `districts` VALUES ('3211032', '3211', 'PAMULIHAN');
INSERT INTO `districts` VALUES ('3211040', '3211', 'RANCAKALONG');
INSERT INTO `districts` VALUES ('3211050', '3211', 'SUMEDANG SELATAN');
INSERT INTO `districts` VALUES ('3211060', '3211', 'SUMEDANG UTARA');
INSERT INTO `districts` VALUES ('3211061', '3211', 'GANEAS');
INSERT INTO `districts` VALUES ('3211070', '3211', 'SITURAJA');
INSERT INTO `districts` VALUES ('3211071', '3211', 'CISITU');
INSERT INTO `districts` VALUES ('3211080', '3211', 'DARMARAJA');
INSERT INTO `districts` VALUES ('3211090', '3211', 'CIBUGEL');
INSERT INTO `districts` VALUES ('3211100', '3211', 'WADO');
INSERT INTO `districts` VALUES ('3211101', '3211', 'JATINUNGGAL');
INSERT INTO `districts` VALUES ('3211111', '3211', 'JATIGEDE');
INSERT INTO `districts` VALUES ('3211120', '3211', 'TOMO');
INSERT INTO `districts` VALUES ('3211130', '3211', 'UJUNG JAYA');
INSERT INTO `districts` VALUES ('3211140', '3211', 'CONGGEANG');
INSERT INTO `districts` VALUES ('3211150', '3211', 'PASEH');
INSERT INTO `districts` VALUES ('3211160', '3211', 'CIMALAKA');
INSERT INTO `districts` VALUES ('3211161', '3211', 'CISARUA');
INSERT INTO `districts` VALUES ('3211170', '3211', 'TANJUNGKERTA');
INSERT INTO `districts` VALUES ('3211171', '3211', 'TANJUNGMEDAR');
INSERT INTO `districts` VALUES ('3211180', '3211', 'BUAHDUA');
INSERT INTO `districts` VALUES ('3211181', '3211', 'SURIAN');
INSERT INTO `districts` VALUES ('3212010', '3212', 'HAURGEULIS');
INSERT INTO `districts` VALUES ('3212011', '3212', 'GANTAR');
INSERT INTO `districts` VALUES ('3212020', '3212', 'KROYA');
INSERT INTO `districts` VALUES ('3212030', '3212', 'GABUSWETAN');
INSERT INTO `districts` VALUES ('3212040', '3212', 'CIKEDUNG');
INSERT INTO `districts` VALUES ('3212041', '3212', 'TERISI');
INSERT INTO `districts` VALUES ('3212050', '3212', 'LELEA');
INSERT INTO `districts` VALUES ('3212060', '3212', 'BANGODUA');
INSERT INTO `districts` VALUES ('3212061', '3212', 'TUKDANA');
INSERT INTO `districts` VALUES ('3212070', '3212', 'WIDASARI');
INSERT INTO `districts` VALUES ('3212080', '3212', 'KERTASEMAYA');
INSERT INTO `districts` VALUES ('3212081', '3212', 'SUKAGUMIWANG');
INSERT INTO `districts` VALUES ('3212090', '3212', 'KRANGKENG');
INSERT INTO `districts` VALUES ('3212100', '3212', 'KARANGAMPEL');
INSERT INTO `districts` VALUES ('3212101', '3212', 'KEDOKAN BUNDER');
INSERT INTO `districts` VALUES ('3212110', '3212', 'JUNTINYUAT');
INSERT INTO `districts` VALUES ('3212120', '3212', 'SLIYEG');
INSERT INTO `districts` VALUES ('3212130', '3212', 'JATIBARANG');
INSERT INTO `districts` VALUES ('3212140', '3212', 'BALONGAN');
INSERT INTO `districts` VALUES ('3212150', '3212', 'INDRAMAYU');
INSERT INTO `districts` VALUES ('3212160', '3212', 'SINDANG');
INSERT INTO `districts` VALUES ('3212161', '3212', 'CANTIGI');
INSERT INTO `districts` VALUES ('3212162', '3212', 'PASEKAN');
INSERT INTO `districts` VALUES ('3212170', '3212', 'LOHBENER');
INSERT INTO `districts` VALUES ('3212171', '3212', 'ARAHAN');
INSERT INTO `districts` VALUES ('3212180', '3212', 'LOSARANG');
INSERT INTO `districts` VALUES ('3212190', '3212', 'KANDANGHAUR');
INSERT INTO `districts` VALUES ('3212200', '3212', 'BONGAS');
INSERT INTO `districts` VALUES ('3212210', '3212', 'ANJATAN');
INSERT INTO `districts` VALUES ('3212220', '3212', 'SUKRA');
INSERT INTO `districts` VALUES ('3212221', '3212', 'PATROL');
INSERT INTO `districts` VALUES ('3213010', '3213', 'SAGALAHERANG');
INSERT INTO `districts` VALUES ('3213011', '3213', 'SERANGPANJANG');
INSERT INTO `districts` VALUES ('3213020', '3213', 'JALANCAGAK');
INSERT INTO `districts` VALUES ('3213021', '3213', 'CIATER');
INSERT INTO `districts` VALUES ('3213030', '3213', 'CISALAK');
INSERT INTO `districts` VALUES ('3213031', '3213', 'KASOMALANG');
INSERT INTO `districts` VALUES ('3213040', '3213', 'TANJUNGSIANG');
INSERT INTO `districts` VALUES ('3213050', '3213', 'CIJAMBE');
INSERT INTO `districts` VALUES ('3213060', '3213', 'CIBOGO');
INSERT INTO `districts` VALUES ('3213070', '3213', 'SUBANG');
INSERT INTO `districts` VALUES ('3213080', '3213', 'KALIJATI');
INSERT INTO `districts` VALUES ('3213081', '3213', 'DAWUAN');
INSERT INTO `districts` VALUES ('3213090', '3213', 'CIPEUNDEUY');
INSERT INTO `districts` VALUES ('3213100', '3213', 'PABUARAN');
INSERT INTO `districts` VALUES ('3213110', '3213', 'PATOKBEUSI');
INSERT INTO `districts` VALUES ('3213120', '3213', 'PURWADADI');
INSERT INTO `districts` VALUES ('3213130', '3213', 'CIKAUM');
INSERT INTO `districts` VALUES ('3213140', '3213', 'PAGADEN');
INSERT INTO `districts` VALUES ('3213141', '3213', 'PAGADEN BARAT');
INSERT INTO `districts` VALUES ('3213150', '3213', 'CIPUNAGARA');
INSERT INTO `districts` VALUES ('3213160', '3213', 'COMPRENG');
INSERT INTO `districts` VALUES ('3213170', '3213', 'BINONG');
INSERT INTO `districts` VALUES ('3213171', '3213', 'TAMBAKDAHAN');
INSERT INTO `districts` VALUES ('3213180', '3213', 'CIASEM');
INSERT INTO `districts` VALUES ('3213190', '3213', 'PAMANUKAN');
INSERT INTO `districts` VALUES ('3213191', '3213', 'SUKASARI');
INSERT INTO `districts` VALUES ('3213200', '3213', 'PUSAKANAGARA');
INSERT INTO `districts` VALUES ('3213201', '3213', 'PUSAKAJAYA');
INSERT INTO `districts` VALUES ('3213210', '3213', 'LEGONKULON');
INSERT INTO `districts` VALUES ('3213220', '3213', 'BLANAKAN');
INSERT INTO `districts` VALUES ('3214010', '3214', 'JATILUHUR');
INSERT INTO `districts` VALUES ('3214011', '3214', 'SUKASARI');
INSERT INTO `districts` VALUES ('3214020', '3214', 'MANIIS');
INSERT INTO `districts` VALUES ('3214030', '3214', 'TEGAL WARU');
INSERT INTO `districts` VALUES ('3214040', '3214', 'PLERED');
INSERT INTO `districts` VALUES ('3214050', '3214', 'SUKATANI');
INSERT INTO `districts` VALUES ('3214060', '3214', 'DARANGDAN');
INSERT INTO `districts` VALUES ('3214070', '3214', 'BOJONG');
INSERT INTO `districts` VALUES ('3214080', '3214', 'WANAYASA');
INSERT INTO `districts` VALUES ('3214081', '3214', 'KIARAPEDES');
INSERT INTO `districts` VALUES ('3214090', '3214', 'PASAWAHAN');
INSERT INTO `districts` VALUES ('3214091', '3214', 'PONDOK SALAM');
INSERT INTO `districts` VALUES ('3214100', '3214', 'PURWAKARTA');
INSERT INTO `districts` VALUES ('3214101', '3214', 'BABAKANCIKAO');
INSERT INTO `districts` VALUES ('3214110', '3214', 'CAMPAKA');
INSERT INTO `districts` VALUES ('3214111', '3214', 'CIBATU');
INSERT INTO `districts` VALUES ('3214112', '3214', 'BUNGURSARI');
INSERT INTO `districts` VALUES ('3215010', '3215', 'PANGKALAN');
INSERT INTO `districts` VALUES ('3215011', '3215', 'TEGALWARU');
INSERT INTO `districts` VALUES ('3215020', '3215', 'CIAMPEL');
INSERT INTO `districts` VALUES ('3215031', '3215', 'TELUKJAMBE TIMUR');
INSERT INTO `districts` VALUES ('3215032', '3215', 'TELUKJAMBE BARAT');
INSERT INTO `districts` VALUES ('3215040', '3215', 'KLARI');
INSERT INTO `districts` VALUES ('3215050', '3215', 'CIKAMPEK');
INSERT INTO `districts` VALUES ('3215051', '3215', 'PURWASARI');
INSERT INTO `districts` VALUES ('3215060', '3215', 'TIRTAMULYA');
INSERT INTO `districts` VALUES ('3215070', '3215', 'JATISARI');
INSERT INTO `districts` VALUES ('3215071', '3215', 'BANYUSARI');
INSERT INTO `districts` VALUES ('3215072', '3215', 'KOTABARU');
INSERT INTO `districts` VALUES ('3215081', '3215', 'CILAMAYA WETAN');
INSERT INTO `districts` VALUES ('3215082', '3215', 'CILAMAYA KULON');
INSERT INTO `districts` VALUES ('3215090', '3215', 'LEMAHABANG');
INSERT INTO `districts` VALUES ('3215100', '3215', 'TALAGASARI');
INSERT INTO `districts` VALUES ('3215111', '3215', 'MAJALAYA');
INSERT INTO `districts` VALUES ('3215112', '3215', 'KARAWANG TIMUR');
INSERT INTO `districts` VALUES ('3215113', '3215', 'KARAWANG BARAT');
INSERT INTO `districts` VALUES ('3215120', '3215', 'RAWAMERTA');
INSERT INTO `districts` VALUES ('3215130', '3215', 'TEMPURAN');
INSERT INTO `districts` VALUES ('3215140', '3215', 'KUTAWALUYA');
INSERT INTO `districts` VALUES ('3215150', '3215', 'RENGASDENGKLOK');
INSERT INTO `districts` VALUES ('3215151', '3215', 'JAYAKERTA');
INSERT INTO `districts` VALUES ('3215160', '3215', 'PEDES');
INSERT INTO `districts` VALUES ('3215161', '3215', 'CILEBAR');
INSERT INTO `districts` VALUES ('3215170', '3215', 'CIBUAYA');
INSERT INTO `districts` VALUES ('3215180', '3215', 'TIRTAJAYA');
INSERT INTO `districts` VALUES ('3215190', '3215', 'BATUJAYA');
INSERT INTO `districts` VALUES ('3215200', '3215', 'PAKISJAYA');
INSERT INTO `districts` VALUES ('3216010', '3216', 'SETU');
INSERT INTO `districts` VALUES ('3216021', '3216', 'SERANG BARU');
INSERT INTO `districts` VALUES ('3216022', '3216', 'CIKARANG PUSAT');
INSERT INTO `districts` VALUES ('3216023', '3216', 'CIKARANG SELATAN');
INSERT INTO `districts` VALUES ('3216030', '3216', 'CIBARUSAH');
INSERT INTO `districts` VALUES ('3216031', '3216', 'BOJONGMANGU');
INSERT INTO `districts` VALUES ('3216041', '3216', 'CIKARANG TIMUR');
INSERT INTO `districts` VALUES ('3216050', '3216', 'KEDUNGWARINGIN');
INSERT INTO `districts` VALUES ('3216061', '3216', 'CIKARANG UTARA');
INSERT INTO `districts` VALUES ('3216062', '3216', 'KARANGBAHAGIA');
INSERT INTO `districts` VALUES ('3216070', '3216', 'CIBITUNG');
INSERT INTO `districts` VALUES ('3216071', '3216', 'CIKARANG BARAT');
INSERT INTO `districts` VALUES ('3216081', '3216', 'TAMBUN SELATAN');
INSERT INTO `districts` VALUES ('3216082', '3216', 'TAMBUN UTARA');
INSERT INTO `districts` VALUES ('3216090', '3216', 'BABELAN');
INSERT INTO `districts` VALUES ('3216100', '3216', 'TARUMAJAYA');
INSERT INTO `districts` VALUES ('3216110', '3216', 'TAMBELANG');
INSERT INTO `districts` VALUES ('3216111', '3216', 'SUKAWANGI');
INSERT INTO `districts` VALUES ('3216120', '3216', 'SUKATANI');
INSERT INTO `districts` VALUES ('3216121', '3216', 'SUKAKARYA');
INSERT INTO `districts` VALUES ('3216130', '3216', 'PEBAYURAN');
INSERT INTO `districts` VALUES ('3216140', '3216', 'CABANGBUNGIN');
INSERT INTO `districts` VALUES ('3216150', '3216', 'MUARA GEMBONG');
INSERT INTO `districts` VALUES ('3217010', '3217', 'RONGGA');
INSERT INTO `districts` VALUES ('3217020', '3217', 'GUNUNGHALU');
INSERT INTO `districts` VALUES ('3217030', '3217', 'SINDANGKERTA');
INSERT INTO `districts` VALUES ('3217040', '3217', 'CILILIN');
INSERT INTO `districts` VALUES ('3217050', '3217', 'CIHAMPELAS');
INSERT INTO `districts` VALUES ('3217060', '3217', 'CIPONGKOR');
INSERT INTO `districts` VALUES ('3217070', '3217', 'BATUJAJAR');
INSERT INTO `districts` VALUES ('3217071', '3217', 'SAGULING');
INSERT INTO `districts` VALUES ('3217080', '3217', 'CIPATAT');
INSERT INTO `districts` VALUES ('3217090', '3217', 'PADALARANG');
INSERT INTO `districts` VALUES ('3217100', '3217', 'NGAMPRAH');
INSERT INTO `districts` VALUES ('3217110', '3217', 'PARONGPONG');
INSERT INTO `districts` VALUES ('3217120', '3217', 'LEMBANG');
INSERT INTO `districts` VALUES ('3217130', '3217', 'CISARUA');
INSERT INTO `districts` VALUES ('3217140', '3217', 'CIKALONG WETAN');
INSERT INTO `districts` VALUES ('3217150', '3217', 'CIPEUNDEUY');
INSERT INTO `districts` VALUES ('3218010', '3218', 'CIMERAK');
INSERT INTO `districts` VALUES ('3218020', '3218', 'CIJULANG');
INSERT INTO `districts` VALUES ('3218030', '3218', 'CIGUGUR');
INSERT INTO `districts` VALUES ('3218040', '3218', 'LANGKAPLANCAR');
INSERT INTO `districts` VALUES ('3218050', '3218', 'PARIGI');
INSERT INTO `districts` VALUES ('3218060', '3218', 'SIDAMULIH');
INSERT INTO `districts` VALUES ('3218070', '3218', 'PANGANDARAN');
INSERT INTO `districts` VALUES ('3218080', '3218', 'KALIPUCANG');
INSERT INTO `districts` VALUES ('3218090', '3218', 'PADAHERANG');
INSERT INTO `districts` VALUES ('3218100', '3218', 'MANGUNJAYA');
INSERT INTO `districts` VALUES ('3271010', '3271', 'BOGOR SELATAN');
INSERT INTO `districts` VALUES ('3271020', '3271', 'BOGOR TIMUR');
INSERT INTO `districts` VALUES ('3271030', '3271', 'BOGOR UTARA');
INSERT INTO `districts` VALUES ('3271040', '3271', 'BOGOR TENGAH');
INSERT INTO `districts` VALUES ('3271050', '3271', 'BOGOR BARAT');
INSERT INTO `districts` VALUES ('3271060', '3271', 'TANAH SEREAL');
INSERT INTO `districts` VALUES ('3272010', '3272', 'BAROS');
INSERT INTO `districts` VALUES ('3272011', '3272', 'LEMBURSITU');
INSERT INTO `districts` VALUES ('3272012', '3272', 'CIBEUREUM');
INSERT INTO `districts` VALUES ('3272020', '3272', 'CITAMIANG');
INSERT INTO `districts` VALUES ('3272030', '3272', 'WARUDOYONG');
INSERT INTO `districts` VALUES ('3272040', '3272', 'GUNUNG PUYUH');
INSERT INTO `districts` VALUES ('3272050', '3272', 'CIKOLE');
INSERT INTO `districts` VALUES ('3273010', '3273', 'BANDUNG KULON');
INSERT INTO `districts` VALUES ('3273020', '3273', 'BABAKAN CIPARAY');
INSERT INTO `districts` VALUES ('3273030', '3273', 'BOJONGLOA KALER');
INSERT INTO `districts` VALUES ('3273040', '3273', 'BOJONGLOA KIDUL');
INSERT INTO `districts` VALUES ('3273050', '3273', 'ASTANAANYAR');
INSERT INTO `districts` VALUES ('3273060', '3273', 'REGOL');
INSERT INTO `districts` VALUES ('3273070', '3273', 'LENGKONG');
INSERT INTO `districts` VALUES ('3273080', '3273', 'BANDUNG KIDUL');
INSERT INTO `districts` VALUES ('3273090', '3273', 'BUAHBATU');
INSERT INTO `districts` VALUES ('3273100', '3273', 'RANCASARI');
INSERT INTO `districts` VALUES ('3273101', '3273', 'GEDEBAGE');
INSERT INTO `districts` VALUES ('3273110', '3273', 'CIBIRU');
INSERT INTO `districts` VALUES ('3273111', '3273', 'PANYILEUKAN');
INSERT INTO `districts` VALUES ('3273120', '3273', 'UJUNG BERUNG');
INSERT INTO `districts` VALUES ('3273121', '3273', 'CINAMBO');
INSERT INTO `districts` VALUES ('3273130', '3273', 'ARCAMANIK');
INSERT INTO `districts` VALUES ('3273141', '3273', 'ANTAPANI');
INSERT INTO `districts` VALUES ('3273142', '3273', 'MANDALAJATI');
INSERT INTO `districts` VALUES ('3273150', '3273', 'KIARACONDONG');
INSERT INTO `districts` VALUES ('3273160', '3273', 'BATUNUNGGAL');
INSERT INTO `districts` VALUES ('3273170', '3273', 'SUMUR BANDUNG');
INSERT INTO `districts` VALUES ('3273180', '3273', 'ANDIR');
INSERT INTO `districts` VALUES ('3273190', '3273', 'CICENDO');
INSERT INTO `districts` VALUES ('3273200', '3273', 'BANDUNG WETAN');
INSERT INTO `districts` VALUES ('3273210', '3273', 'CIBEUNYING KIDUL');
INSERT INTO `districts` VALUES ('3273220', '3273', 'CIBEUNYING KALER');
INSERT INTO `districts` VALUES ('3273230', '3273', 'COBLONG');
INSERT INTO `districts` VALUES ('3273240', '3273', 'SUKAJADI');
INSERT INTO `districts` VALUES ('3273250', '3273', 'SUKASARI');
INSERT INTO `districts` VALUES ('3273260', '3273', 'CIDADAP');
INSERT INTO `districts` VALUES ('3274010', '3274', 'HARJAMUKTI');
INSERT INTO `districts` VALUES ('3274020', '3274', 'LEMAHWUNGKUK');
INSERT INTO `districts` VALUES ('3274030', '3274', 'PEKALIPAN');
INSERT INTO `districts` VALUES ('3274040', '3274', 'KESAMBI');
INSERT INTO `districts` VALUES ('3274050', '3274', 'KEJAKSAN');
INSERT INTO `districts` VALUES ('3275010', '3275', 'PONDOKGEDE');
INSERT INTO `districts` VALUES ('3275011', '3275', 'JATISAMPURNA');
INSERT INTO `districts` VALUES ('3275012', '3275', 'PONDOKMELATI');
INSERT INTO `districts` VALUES ('3275020', '3275', 'JATIASIH');
INSERT INTO `districts` VALUES ('3275030', '3275', 'BANTARGEBANG');
INSERT INTO `districts` VALUES ('3275031', '3275', 'MUSTIKAJAYA');
INSERT INTO `districts` VALUES ('3275040', '3275', 'BEKASI TIMUR');
INSERT INTO `districts` VALUES ('3275041', '3275', 'RAWALUMBU');
INSERT INTO `districts` VALUES ('3275050', '3275', 'BEKASI SELATAN');
INSERT INTO `districts` VALUES ('3275060', '3275', 'BEKASI BARAT');
INSERT INTO `districts` VALUES ('3275061', '3275', 'MEDAN SATRIA');
INSERT INTO `districts` VALUES ('3275070', '3275', 'BEKASI UTARA');
INSERT INTO `districts` VALUES ('3276010', '3276', 'SAWANGAN');
INSERT INTO `districts` VALUES ('3276011', '3276', 'BOJONGSARI');
INSERT INTO `districts` VALUES ('3276020', '3276', 'PANCORAN MAS');
INSERT INTO `districts` VALUES ('3276021', '3276', 'CIPAYUNG');
INSERT INTO `districts` VALUES ('3276030', '3276', 'SUKMA JAYA');
INSERT INTO `districts` VALUES ('3276031', '3276', 'CILODONG');
INSERT INTO `districts` VALUES ('3276040', '3276', 'CIMANGGIS');
INSERT INTO `districts` VALUES ('3276041', '3276', 'TAPOS');
INSERT INTO `districts` VALUES ('3276050', '3276', 'BEJI');
INSERT INTO `districts` VALUES ('3276060', '3276', 'LIMO');
INSERT INTO `districts` VALUES ('3276061', '3276', 'CINERE');
INSERT INTO `districts` VALUES ('3277010', '3277', 'CIMAHI SELATAN');
INSERT INTO `districts` VALUES ('3277020', '3277', 'CIMAHI TENGAH');
INSERT INTO `districts` VALUES ('3277030', '3277', 'CIMAHI UTARA');
INSERT INTO `districts` VALUES ('3278010', '3278', 'KAWALU');
INSERT INTO `districts` VALUES ('3278020', '3278', 'TAMANSARI');
INSERT INTO `districts` VALUES ('3278030', '3278', 'CIBEUREUM');
INSERT INTO `districts` VALUES ('3278031', '3278', 'PURBARATU');
INSERT INTO `districts` VALUES ('3278040', '3278', 'TAWANG');
INSERT INTO `districts` VALUES ('3278050', '3278', 'CIHIDEUNG');
INSERT INTO `districts` VALUES ('3278060', '3278', 'MANGKUBUMI');
INSERT INTO `districts` VALUES ('3278070', '3278', 'INDIHIANG');
INSERT INTO `districts` VALUES ('3278071', '3278', 'BUNGURSARI');
INSERT INTO `districts` VALUES ('3278080', '3278', 'CIPEDES');
INSERT INTO `districts` VALUES ('3279010', '3279', 'BANJAR');
INSERT INTO `districts` VALUES ('3279020', '3279', 'PURWAHARJA');
INSERT INTO `districts` VALUES ('3279030', '3279', 'PATARUMAN');
INSERT INTO `districts` VALUES ('3279040', '3279', 'LANGENSARI');
INSERT INTO `districts` VALUES ('3301010', '3301', 'DAYEUHLUHUR');
INSERT INTO `districts` VALUES ('3301020', '3301', 'WANAREJA');
INSERT INTO `districts` VALUES ('3301030', '3301', 'MAJENANG');
INSERT INTO `districts` VALUES ('3301040', '3301', 'CIMANGGU');
INSERT INTO `districts` VALUES ('3301050', '3301', 'KARANGPUCUNG');
INSERT INTO `districts` VALUES ('3301060', '3301', 'CIPARI');
INSERT INTO `districts` VALUES ('3301070', '3301', 'SIDAREJA');
INSERT INTO `districts` VALUES ('3301080', '3301', 'KEDUNGREJA');
INSERT INTO `districts` VALUES ('3301090', '3301', 'PATIMUAN');
INSERT INTO `districts` VALUES ('3301100', '3301', 'GANDRUNGMANGU');
INSERT INTO `districts` VALUES ('3301110', '3301', 'BANTARSARI');
INSERT INTO `districts` VALUES ('3301120', '3301', 'KAWUNGANTEN');
INSERT INTO `districts` VALUES ('3301121', '3301', 'KAMPUNG LAUT');
INSERT INTO `districts` VALUES ('3301130', '3301', 'JERUKLEGI');
INSERT INTO `districts` VALUES ('3301140', '3301', 'KESUGIHAN');
INSERT INTO `districts` VALUES ('3301150', '3301', 'ADIPALA');
INSERT INTO `districts` VALUES ('3301160', '3301', 'MAOS');
INSERT INTO `districts` VALUES ('3301170', '3301', 'SAMPANG');
INSERT INTO `districts` VALUES ('3301180', '3301', 'KROYA');
INSERT INTO `districts` VALUES ('3301190', '3301', 'BINANGUN');
INSERT INTO `districts` VALUES ('3301200', '3301', 'NUSAWUNGU');
INSERT INTO `districts` VALUES ('3301710', '3301', 'CILACAP SELATAN');
INSERT INTO `districts` VALUES ('3301720', '3301', 'CILACAP TENGAH');
INSERT INTO `districts` VALUES ('3301730', '3301', 'CILACAP UTARA');
INSERT INTO `districts` VALUES ('3302010', '3302', 'LUMBIR');
INSERT INTO `districts` VALUES ('3302020', '3302', 'WANGON');
INSERT INTO `districts` VALUES ('3302030', '3302', 'JATILAWANG');
INSERT INTO `districts` VALUES ('3302040', '3302', 'RAWALO');
INSERT INTO `districts` VALUES ('3302050', '3302', 'KEBASEN');
INSERT INTO `districts` VALUES ('3302060', '3302', 'KEMRANJEN');
INSERT INTO `districts` VALUES ('3302070', '3302', 'SUMPIUH');
INSERT INTO `districts` VALUES ('3302080', '3302', 'TAMBAK');
INSERT INTO `districts` VALUES ('3302090', '3302', 'SOMAGEDE');
INSERT INTO `districts` VALUES ('3302100', '3302', 'KALIBAGOR');
INSERT INTO `districts` VALUES ('3302110', '3302', 'BANYUMAS');
INSERT INTO `districts` VALUES ('3302120', '3302', 'PATIKRAJA');
INSERT INTO `districts` VALUES ('3302130', '3302', 'PURWOJATI');
INSERT INTO `districts` VALUES ('3302140', '3302', 'AJIBARANG');
INSERT INTO `districts` VALUES ('3302150', '3302', 'GUMELAR');
INSERT INTO `districts` VALUES ('3302160', '3302', 'PEKUNCEN');
INSERT INTO `districts` VALUES ('3302170', '3302', 'CILONGOK');
INSERT INTO `districts` VALUES ('3302180', '3302', 'KARANGLEWAS');
INSERT INTO `districts` VALUES ('3302190', '3302', 'KEDUNG BANTENG');
INSERT INTO `districts` VALUES ('3302200', '3302', 'BATURRADEN');
INSERT INTO `districts` VALUES ('3302210', '3302', 'SUMBANG');
INSERT INTO `districts` VALUES ('3302220', '3302', 'KEMBARAN');
INSERT INTO `districts` VALUES ('3302230', '3302', 'SOKARAJA');
INSERT INTO `districts` VALUES ('3302710', '3302', 'PURWOKERTO SELATAN');
INSERT INTO `districts` VALUES ('3302720', '3302', 'PURWOKERTO BARAT');
INSERT INTO `districts` VALUES ('3302730', '3302', 'PURWOKERTO TIMUR');
INSERT INTO `districts` VALUES ('3302740', '3302', 'PURWOKERTO UTARA');
INSERT INTO `districts` VALUES ('3303010', '3303', 'KEMANGKON');
INSERT INTO `districts` VALUES ('3303020', '3303', 'BUKATEJA');
INSERT INTO `districts` VALUES ('3303030', '3303', 'KEJOBONG');
INSERT INTO `districts` VALUES ('3303040', '3303', 'PENGADEGAN');
INSERT INTO `districts` VALUES ('3303050', '3303', 'KALIGONDANG');
INSERT INTO `districts` VALUES ('3303060', '3303', 'PURBALINGGA');
INSERT INTO `districts` VALUES ('3303070', '3303', 'KALIMANAH');
INSERT INTO `districts` VALUES ('3303080', '3303', 'PADAMARA');
INSERT INTO `districts` VALUES ('3303090', '3303', 'KUTASARI');
INSERT INTO `districts` VALUES ('3303100', '3303', 'BOJONGSARI');
INSERT INTO `districts` VALUES ('3303110', '3303', 'MREBET');
INSERT INTO `districts` VALUES ('3303120', '3303', 'BOBOTSARI');
INSERT INTO `districts` VALUES ('3303130', '3303', 'KARANGREJA');
INSERT INTO `districts` VALUES ('3303131', '3303', 'KARANGJAMBU');
INSERT INTO `districts` VALUES ('3303140', '3303', 'KARANGANYAR');
INSERT INTO `districts` VALUES ('3303141', '3303', 'KERTANEGARA');
INSERT INTO `districts` VALUES ('3303150', '3303', 'KARANGMONCOL');
INSERT INTO `districts` VALUES ('3303160', '3303', 'REMBANG');
INSERT INTO `districts` VALUES ('3304010', '3304', 'SUSUKAN');
INSERT INTO `districts` VALUES ('3304020', '3304', 'PURWAREJA KLAMPOK');
INSERT INTO `districts` VALUES ('3304030', '3304', 'MANDIRAJA');
INSERT INTO `districts` VALUES ('3304040', '3304', 'PURWANEGARA');
INSERT INTO `districts` VALUES ('3304050', '3304', 'BAWANG');
INSERT INTO `districts` VALUES ('3304060', '3304', 'BANJARNEGARA');
INSERT INTO `districts` VALUES ('3304061', '3304', 'PAGEDONGAN');
INSERT INTO `districts` VALUES ('3304070', '3304', 'SIGALUH');
INSERT INTO `districts` VALUES ('3304080', '3304', 'MADUKARA');
INSERT INTO `districts` VALUES ('3304090', '3304', 'BANJARMANGU');
INSERT INTO `districts` VALUES ('3304100', '3304', 'WANADADI');
INSERT INTO `districts` VALUES ('3304110', '3304', 'RAKIT');
INSERT INTO `districts` VALUES ('3304120', '3304', 'PUNGGELAN');
INSERT INTO `districts` VALUES ('3304130', '3304', 'KARANGKOBAR');
INSERT INTO `districts` VALUES ('3304140', '3304', 'PAGENTAN');
INSERT INTO `districts` VALUES ('3304150', '3304', 'PEJAWARAN');
INSERT INTO `districts` VALUES ('3304160', '3304', 'BATUR');
INSERT INTO `districts` VALUES ('3304170', '3304', 'WANAYASA');
INSERT INTO `districts` VALUES ('3304180', '3304', 'KALIBENING');
INSERT INTO `districts` VALUES ('3304181', '3304', 'PANDANARUM');
INSERT INTO `districts` VALUES ('3305010', '3305', 'AYAH');
INSERT INTO `districts` VALUES ('3305020', '3305', 'BUAYAN');
INSERT INTO `districts` VALUES ('3305030', '3305', 'PURING');
INSERT INTO `districts` VALUES ('3305040', '3305', 'PETANAHAN');
INSERT INTO `districts` VALUES ('3305050', '3305', 'KLIRONG');
INSERT INTO `districts` VALUES ('3305060', '3305', 'BULUSPESANTREN');
INSERT INTO `districts` VALUES ('3305070', '3305', 'AMBAL');
INSERT INTO `districts` VALUES ('3305080', '3305', 'MIRIT');
INSERT INTO `districts` VALUES ('3305081', '3305', 'BONOROWO');
INSERT INTO `districts` VALUES ('3305090', '3305', 'PREMBUN');
INSERT INTO `districts` VALUES ('3305091', '3305', 'PADURESO');
INSERT INTO `districts` VALUES ('3305100', '3305', 'KUTOWINANGUN');
INSERT INTO `districts` VALUES ('3305110', '3305', 'ALIAN');
INSERT INTO `districts` VALUES ('3305111', '3305', 'PONCOWARNO');
INSERT INTO `districts` VALUES ('3305120', '3305', 'KEBUMEN');
INSERT INTO `districts` VALUES ('3305130', '3305', 'PEJAGOAN');
INSERT INTO `districts` VALUES ('3305140', '3305', 'SRUWENG');
INSERT INTO `districts` VALUES ('3305150', '3305', 'ADIMULYO');
INSERT INTO `districts` VALUES ('3305160', '3305', 'KUWARASAN');
INSERT INTO `districts` VALUES ('3305170', '3305', 'ROWOKELE');
INSERT INTO `districts` VALUES ('3305180', '3305', 'SEMPOR');
INSERT INTO `districts` VALUES ('3305190', '3305', 'GOMBONG');
INSERT INTO `districts` VALUES ('3305200', '3305', 'KARANGANYAR');
INSERT INTO `districts` VALUES ('3305210', '3305', 'KARANGGAYAM');
INSERT INTO `districts` VALUES ('3305220', '3305', 'SADANG');
INSERT INTO `districts` VALUES ('3305221', '3305', 'KARANGSAMBUNG');
INSERT INTO `districts` VALUES ('3306010', '3306', 'GRABAG');
INSERT INTO `districts` VALUES ('3306020', '3306', 'NGOMBOL');
INSERT INTO `districts` VALUES ('3306030', '3306', 'PURWODADI');
INSERT INTO `districts` VALUES ('3306040', '3306', 'BAGELEN');
INSERT INTO `districts` VALUES ('3306050', '3306', 'KALIGESING');
INSERT INTO `districts` VALUES ('3306060', '3306', 'PURWOREJO');
INSERT INTO `districts` VALUES ('3306070', '3306', 'BANYU URIP');
INSERT INTO `districts` VALUES ('3306080', '3306', 'BAYAN');
INSERT INTO `districts` VALUES ('3306090', '3306', 'KUTOARJO');
INSERT INTO `districts` VALUES ('3306100', '3306', 'BUTUH');
INSERT INTO `districts` VALUES ('3306110', '3306', 'PITURUH');
INSERT INTO `districts` VALUES ('3306120', '3306', 'KEMIRI');
INSERT INTO `districts` VALUES ('3306130', '3306', 'BRUNO');
INSERT INTO `districts` VALUES ('3306140', '3306', 'GEBANG');
INSERT INTO `districts` VALUES ('3306150', '3306', 'LOANO');
INSERT INTO `districts` VALUES ('3306160', '3306', 'BENER');
INSERT INTO `districts` VALUES ('3307010', '3307', 'WADASLINTANG');
INSERT INTO `districts` VALUES ('3307020', '3307', 'KEPIL');
INSERT INTO `districts` VALUES ('3307030', '3307', 'SAPURAN');
INSERT INTO `districts` VALUES ('3307031', '3307', 'KALIBAWANG');
INSERT INTO `districts` VALUES ('3307040', '3307', 'KALIWIRO');
INSERT INTO `districts` VALUES ('3307050', '3307', 'LEKSONO');
INSERT INTO `districts` VALUES ('3307051', '3307', 'SUKOHARJO');
INSERT INTO `districts` VALUES ('3307060', '3307', 'SELOMERTO');
INSERT INTO `districts` VALUES ('3307070', '3307', 'KALIKAJAR');
INSERT INTO `districts` VALUES ('3307080', '3307', 'KERTEK');
INSERT INTO `districts` VALUES ('3307090', '3307', 'WONOSOBO');
INSERT INTO `districts` VALUES ('3307100', '3307', 'WATUMALANG');
INSERT INTO `districts` VALUES ('3307110', '3307', 'MOJOTENGAH');
INSERT INTO `districts` VALUES ('3307120', '3307', 'GARUNG');
INSERT INTO `districts` VALUES ('3307130', '3307', 'KEJAJAR');
INSERT INTO `districts` VALUES ('3308010', '3308', 'SALAMAN');
INSERT INTO `districts` VALUES ('3308020', '3308', 'BOROBUDUR');
INSERT INTO `districts` VALUES ('3308030', '3308', 'NGLUWAR');
INSERT INTO `districts` VALUES ('3308040', '3308', 'SALAM');
INSERT INTO `districts` VALUES ('3308050', '3308', 'SRUMBUNG');
INSERT INTO `districts` VALUES ('3308060', '3308', 'DUKUN');
INSERT INTO `districts` VALUES ('3308070', '3308', 'MUNTILAN');
INSERT INTO `districts` VALUES ('3308080', '3308', 'MUNGKID');
INSERT INTO `districts` VALUES ('3308090', '3308', 'SAWANGAN');
INSERT INTO `districts` VALUES ('3308100', '3308', 'CANDIMULYO');
INSERT INTO `districts` VALUES ('3308110', '3308', 'MERTOYUDAN');
INSERT INTO `districts` VALUES ('3308120', '3308', 'TEMPURAN');
INSERT INTO `districts` VALUES ('3308130', '3308', 'KAJORAN');
INSERT INTO `districts` VALUES ('3308140', '3308', 'KALIANGKRIK');
INSERT INTO `districts` VALUES ('3308150', '3308', 'BANDONGAN');
INSERT INTO `districts` VALUES ('3308160', '3308', 'WINDUSARI');
INSERT INTO `districts` VALUES ('3308170', '3308', 'SECANG');
INSERT INTO `districts` VALUES ('3308180', '3308', 'TEGALREJO');
INSERT INTO `districts` VALUES ('3308190', '3308', 'PAKIS');
INSERT INTO `districts` VALUES ('3308200', '3308', 'GRABAG');
INSERT INTO `districts` VALUES ('3308210', '3308', 'NGABLAK');
INSERT INTO `districts` VALUES ('3309010', '3309', 'SELO');
INSERT INTO `districts` VALUES ('3309020', '3309', 'AMPEL');
INSERT INTO `districts` VALUES ('3309030', '3309', 'CEPOGO');
INSERT INTO `districts` VALUES ('3309040', '3309', 'MUSUK');
INSERT INTO `districts` VALUES ('3309050', '3309', 'BOYOLALI');
INSERT INTO `districts` VALUES ('3309060', '3309', 'MOJOSONGO');
INSERT INTO `districts` VALUES ('3309070', '3309', 'TERAS');
INSERT INTO `districts` VALUES ('3309080', '3309', 'SAWIT');
INSERT INTO `districts` VALUES ('3309090', '3309', 'BANYUDONO');
INSERT INTO `districts` VALUES ('3309100', '3309', 'SAMBI');
INSERT INTO `districts` VALUES ('3309110', '3309', 'NGEMPLAK');
INSERT INTO `districts` VALUES ('3309120', '3309', 'NOGOSARI');
INSERT INTO `districts` VALUES ('3309130', '3309', 'SIMO');
INSERT INTO `districts` VALUES ('3309140', '3309', 'KARANGGEDE');
INSERT INTO `districts` VALUES ('3309150', '3309', 'KLEGO');
INSERT INTO `districts` VALUES ('3309160', '3309', 'ANDONG');
INSERT INTO `districts` VALUES ('3309170', '3309', 'KEMUSU');
INSERT INTO `districts` VALUES ('3309180', '3309', 'WONOSEGORO');
INSERT INTO `districts` VALUES ('3309190', '3309', 'JUWANGI');
INSERT INTO `districts` VALUES ('3310010', '3310', 'PRAMBANAN');
INSERT INTO `districts` VALUES ('3310020', '3310', 'GANTIWARNO');
INSERT INTO `districts` VALUES ('3310030', '3310', 'WEDI');
INSERT INTO `districts` VALUES ('3310040', '3310', 'BAYAT');
INSERT INTO `districts` VALUES ('3310050', '3310', 'CAWAS');
INSERT INTO `districts` VALUES ('3310060', '3310', 'TRUCUK');
INSERT INTO `districts` VALUES ('3310070', '3310', 'KALIKOTES');
INSERT INTO `districts` VALUES ('3310080', '3310', 'KEBONARUM');
INSERT INTO `districts` VALUES ('3310090', '3310', 'JOGONALAN');
INSERT INTO `districts` VALUES ('3310100', '3310', 'MANISRENGGO');
INSERT INTO `districts` VALUES ('3310110', '3310', 'KARANGNONGKO');
INSERT INTO `districts` VALUES ('3310120', '3310', 'NGAWEN');
INSERT INTO `districts` VALUES ('3310130', '3310', 'CEPER');
INSERT INTO `districts` VALUES ('3310140', '3310', 'PEDAN');
INSERT INTO `districts` VALUES ('3310150', '3310', 'KARANGDOWO');
INSERT INTO `districts` VALUES ('3310160', '3310', 'JUWIRING');
INSERT INTO `districts` VALUES ('3310170', '3310', 'WONOSARI');
INSERT INTO `districts` VALUES ('3310180', '3310', 'DELANGGU');
INSERT INTO `districts` VALUES ('3310190', '3310', 'POLANHARJO');
INSERT INTO `districts` VALUES ('3310200', '3310', 'KARANGANOM');
INSERT INTO `districts` VALUES ('3310210', '3310', 'TULUNG');
INSERT INTO `districts` VALUES ('3310220', '3310', 'JATINOM');
INSERT INTO `districts` VALUES ('3310230', '3310', 'KEMALANG');
INSERT INTO `districts` VALUES ('3310710', '3310', 'KLATEN SELATAN');
INSERT INTO `districts` VALUES ('3310720', '3310', 'KLATEN TENGAH');
INSERT INTO `districts` VALUES ('3310730', '3310', 'KLATEN UTARA');
INSERT INTO `districts` VALUES ('3311010', '3311', 'WERU');
INSERT INTO `districts` VALUES ('3311020', '3311', 'BULU');
INSERT INTO `districts` VALUES ('3311030', '3311', 'TAWANGSARI');
INSERT INTO `districts` VALUES ('3311040', '3311', 'SUKOHARJO');
INSERT INTO `districts` VALUES ('3311050', '3311', 'NGUTER');
INSERT INTO `districts` VALUES ('3311060', '3311', 'BENDOSARI');
INSERT INTO `districts` VALUES ('3311070', '3311', 'POLOKARTO');
INSERT INTO `districts` VALUES ('3311080', '3311', 'MOJOLABAN');
INSERT INTO `districts` VALUES ('3311090', '3311', 'GROGOL');
INSERT INTO `districts` VALUES ('3311100', '3311', 'BAKI');
INSERT INTO `districts` VALUES ('3311110', '3311', 'GATAK');
INSERT INTO `districts` VALUES ('3311120', '3311', 'KARTASURA');
INSERT INTO `districts` VALUES ('3312010', '3312', 'PRACIMANTORO');
INSERT INTO `districts` VALUES ('3312020', '3312', 'PARANGGUPITO');
INSERT INTO `districts` VALUES ('3312030', '3312', 'GIRITONTRO');
INSERT INTO `districts` VALUES ('3312040', '3312', 'GIRIWOYO');
INSERT INTO `districts` VALUES ('3312050', '3312', 'BATUWARNO');
INSERT INTO `districts` VALUES ('3312060', '3312', 'KARANGTENGAH');
INSERT INTO `districts` VALUES ('3312070', '3312', 'TIRTOMOYO');
INSERT INTO `districts` VALUES ('3312080', '3312', 'NGUNTORONADI');
INSERT INTO `districts` VALUES ('3312090', '3312', 'BATURETNO');
INSERT INTO `districts` VALUES ('3312100', '3312', 'EROMOKO');
INSERT INTO `districts` VALUES ('3312110', '3312', 'WURYANTORO');
INSERT INTO `districts` VALUES ('3312120', '3312', 'MANYARAN');
INSERT INTO `districts` VALUES ('3312130', '3312', 'SELOGIRI');
INSERT INTO `districts` VALUES ('3312140', '3312', 'WONOGIRI');
INSERT INTO `districts` VALUES ('3312150', '3312', 'NGADIROJO');
INSERT INTO `districts` VALUES ('3312160', '3312', 'SIDOHARJO');
INSERT INTO `districts` VALUES ('3312170', '3312', 'JATIROTO');
INSERT INTO `districts` VALUES ('3312180', '3312', 'KISMANTORO');
INSERT INTO `districts` VALUES ('3312190', '3312', 'PURWANTORO');
INSERT INTO `districts` VALUES ('3312200', '3312', 'BULUKERTO');
INSERT INTO `districts` VALUES ('3312201', '3312', 'PUHPELEM');
INSERT INTO `districts` VALUES ('3312210', '3312', 'SLOGOHIMO');
INSERT INTO `districts` VALUES ('3312220', '3312', 'JATISRONO');
INSERT INTO `districts` VALUES ('3312230', '3312', 'JATIPURNO');
INSERT INTO `districts` VALUES ('3312240', '3312', 'GIRIMARTO');
INSERT INTO `districts` VALUES ('3313010', '3313', 'JATIPURO');
INSERT INTO `districts` VALUES ('3313020', '3313', 'JATIYOSO');
INSERT INTO `districts` VALUES ('3313030', '3313', 'JUMAPOLO');
INSERT INTO `districts` VALUES ('3313040', '3313', 'JUMANTONO');
INSERT INTO `districts` VALUES ('3313050', '3313', 'MATESIH');
INSERT INTO `districts` VALUES ('3313060', '3313', 'TAWANGMANGU');
INSERT INTO `districts` VALUES ('3313070', '3313', 'NGARGOYOSO');
INSERT INTO `districts` VALUES ('3313080', '3313', 'KARANGPANDAN');
INSERT INTO `districts` VALUES ('3313090', '3313', 'KARANGANYAR');
INSERT INTO `districts` VALUES ('3313100', '3313', 'TASIKMADU');
INSERT INTO `districts` VALUES ('3313110', '3313', 'JATEN');
INSERT INTO `districts` VALUES ('3313120', '3313', 'COLOMADU');
INSERT INTO `districts` VALUES ('3313130', '3313', 'GONDANGREJO');
INSERT INTO `districts` VALUES ('3313140', '3313', 'KEBAKKRAMAT');
INSERT INTO `districts` VALUES ('3313150', '3313', 'MOJOGEDANG');
INSERT INTO `districts` VALUES ('3313160', '3313', 'KERJO');
INSERT INTO `districts` VALUES ('3313170', '3313', 'JENAWI');
INSERT INTO `districts` VALUES ('3314010', '3314', 'KALIJAMBE');
INSERT INTO `districts` VALUES ('3314020', '3314', 'PLUPUH');
INSERT INTO `districts` VALUES ('3314030', '3314', 'MASARAN');
INSERT INTO `districts` VALUES ('3314040', '3314', 'KEDAWUNG');
INSERT INTO `districts` VALUES ('3314050', '3314', 'SAMBIREJO');
INSERT INTO `districts` VALUES ('3314060', '3314', 'GONDANG');
INSERT INTO `districts` VALUES ('3314070', '3314', 'SAMBUNG MACAN');
INSERT INTO `districts` VALUES ('3314080', '3314', 'NGRAMPAL');
INSERT INTO `districts` VALUES ('3314090', '3314', 'KARANGMALANG');
INSERT INTO `districts` VALUES ('3314100', '3314', 'SRAGEN');
INSERT INTO `districts` VALUES ('3314110', '3314', 'SIDOHARJO');
INSERT INTO `districts` VALUES ('3314120', '3314', 'TANON');
INSERT INTO `districts` VALUES ('3314130', '3314', 'GEMOLONG');
INSERT INTO `districts` VALUES ('3314140', '3314', 'MIRI');
INSERT INTO `districts` VALUES ('3314150', '3314', 'SUMBERLAWANG');
INSERT INTO `districts` VALUES ('3314160', '3314', 'MONDOKAN');
INSERT INTO `districts` VALUES ('3314170', '3314', 'SUKODONO');
INSERT INTO `districts` VALUES ('3314180', '3314', 'GESI');
INSERT INTO `districts` VALUES ('3314190', '3314', 'TANGEN');
INSERT INTO `districts` VALUES ('3314200', '3314', 'JENAR');
INSERT INTO `districts` VALUES ('3315010', '3315', 'KEDUNGJATI');
INSERT INTO `districts` VALUES ('3315020', '3315', 'KARANGRAYUNG');
INSERT INTO `districts` VALUES ('3315030', '3315', 'PENAWANGAN');
INSERT INTO `districts` VALUES ('3315040', '3315', 'TOROH');
INSERT INTO `districts` VALUES ('3315050', '3315', 'GEYER');
INSERT INTO `districts` VALUES ('3315060', '3315', 'PULOKULON');
INSERT INTO `districts` VALUES ('3315070', '3315', 'KRADENAN');
INSERT INTO `districts` VALUES ('3315080', '3315', 'GABUS');
INSERT INTO `districts` VALUES ('3315090', '3315', 'NGARINGAN');
INSERT INTO `districts` VALUES ('3315100', '3315', 'WIROSARI');
INSERT INTO `districts` VALUES ('3315110', '3315', 'TAWANGHARJO');
INSERT INTO `districts` VALUES ('3315120', '3315', 'GROBOGAN');
INSERT INTO `districts` VALUES ('3315130', '3315', 'PURWODADI');
INSERT INTO `districts` VALUES ('3315140', '3315', 'BRATI');
INSERT INTO `districts` VALUES ('3315150', '3315', 'KLAMBU');
INSERT INTO `districts` VALUES ('3315160', '3315', 'GODONG');
INSERT INTO `districts` VALUES ('3315170', '3315', 'GUBUG');
INSERT INTO `districts` VALUES ('3315180', '3315', 'TEGOWANU');
INSERT INTO `districts` VALUES ('3315190', '3315', 'TANGGUNGHARJO');
INSERT INTO `districts` VALUES ('3316010', '3316', 'JATI');
INSERT INTO `districts` VALUES ('3316020', '3316', 'RANDUBLATUNG');
INSERT INTO `districts` VALUES ('3316030', '3316', 'KRADENAN');
INSERT INTO `districts` VALUES ('3316040', '3316', 'KEDUNGTUBAN');
INSERT INTO `districts` VALUES ('3316050', '3316', 'CEPU');
INSERT INTO `districts` VALUES ('3316060', '3316', 'SAMBONG');
INSERT INTO `districts` VALUES ('3316070', '3316', 'JIKEN');
INSERT INTO `districts` VALUES ('3316080', '3316', 'BOGOREJO');
INSERT INTO `districts` VALUES ('3316090', '3316', 'JEPON');
INSERT INTO `districts` VALUES ('3316100', '3316', 'KOTA BLORA');
INSERT INTO `districts` VALUES ('3316110', '3316', 'BANJAREJO');
INSERT INTO `districts` VALUES ('3316120', '3316', 'TUNJUNGAN');
INSERT INTO `districts` VALUES ('3316130', '3316', 'JAPAH');
INSERT INTO `districts` VALUES ('3316140', '3316', 'NGAWEN');
INSERT INTO `districts` VALUES ('3316150', '3316', 'KUNDURAN');
INSERT INTO `districts` VALUES ('3316160', '3316', 'TODANAN');
INSERT INTO `districts` VALUES ('3317010', '3317', 'SUMBER');
INSERT INTO `districts` VALUES ('3317020', '3317', 'BULU');
INSERT INTO `districts` VALUES ('3317030', '3317', 'GUNEM');
INSERT INTO `districts` VALUES ('3317040', '3317', 'SALE');
INSERT INTO `districts` VALUES ('3317050', '3317', 'SARANG');
INSERT INTO `districts` VALUES ('3317060', '3317', 'SEDAN');
INSERT INTO `districts` VALUES ('3317070', '3317', 'PAMOTAN');
INSERT INTO `districts` VALUES ('3317080', '3317', 'SULANG');
INSERT INTO `districts` VALUES ('3317090', '3317', 'KALIORI');
INSERT INTO `districts` VALUES ('3317100', '3317', 'REMBANG');
INSERT INTO `districts` VALUES ('3317110', '3317', 'PANCUR');
INSERT INTO `districts` VALUES ('3317120', '3317', 'KRAGAN');
INSERT INTO `districts` VALUES ('3317130', '3317', 'SLUKE');
INSERT INTO `districts` VALUES ('3317140', '3317', 'LASEM');
INSERT INTO `districts` VALUES ('3318010', '3318', 'SUKOLILO');
INSERT INTO `districts` VALUES ('3318020', '3318', 'KAYEN');
INSERT INTO `districts` VALUES ('3318030', '3318', 'TAMBAKROMO');
INSERT INTO `districts` VALUES ('3318040', '3318', 'WINONG');
INSERT INTO `districts` VALUES ('3318050', '3318', 'PUCAKWANGI');
INSERT INTO `districts` VALUES ('3318060', '3318', 'JAKEN');
INSERT INTO `districts` VALUES ('3318070', '3318', 'BATANGAN');
INSERT INTO `districts` VALUES ('3318080', '3318', 'JUWANA');
INSERT INTO `districts` VALUES ('3318090', '3318', 'JAKENAN');
INSERT INTO `districts` VALUES ('3318100', '3318', 'PATI');
INSERT INTO `districts` VALUES ('3318110', '3318', 'GABUS');
INSERT INTO `districts` VALUES ('3318120', '3318', 'MARGOREJO');
INSERT INTO `districts` VALUES ('3318130', '3318', 'GEMBONG');
INSERT INTO `districts` VALUES ('3318140', '3318', 'TLOGOWUNGU');
INSERT INTO `districts` VALUES ('3318150', '3318', 'WEDARIJAKSA');
INSERT INTO `districts` VALUES ('3318160', '3318', 'TRANGKIL');
INSERT INTO `districts` VALUES ('3318170', '3318', 'MARGOYOSO');
INSERT INTO `districts` VALUES ('3318180', '3318', 'GUNUNG WUNGKAL');
INSERT INTO `districts` VALUES ('3318190', '3318', 'CLUWAK');
INSERT INTO `districts` VALUES ('3318200', '3318', 'TAYU');
INSERT INTO `districts` VALUES ('3318210', '3318', 'DUKUHSETI');
INSERT INTO `districts` VALUES ('3319010', '3319', 'KALIWUNGU');
INSERT INTO `districts` VALUES ('3319020', '3319', 'KOTA KUDUS');
INSERT INTO `districts` VALUES ('3319030', '3319', 'JATI');
INSERT INTO `districts` VALUES ('3319040', '3319', 'UNDAAN');
INSERT INTO `districts` VALUES ('3319050', '3319', 'MEJOBO');
INSERT INTO `districts` VALUES ('3319060', '3319', 'JEKULO');
INSERT INTO `districts` VALUES ('3319070', '3319', 'BAE');
INSERT INTO `districts` VALUES ('3319080', '3319', 'GEBOG');
INSERT INTO `districts` VALUES ('3319090', '3319', 'DAWE');
INSERT INTO `districts` VALUES ('3320010', '3320', 'KEDUNG');
INSERT INTO `districts` VALUES ('3320020', '3320', 'PECANGAAN');
INSERT INTO `districts` VALUES ('3320021', '3320', 'KALINYAMATAN');
INSERT INTO `districts` VALUES ('3320030', '3320', 'WELAHAN');
INSERT INTO `districts` VALUES ('3320040', '3320', 'MAYONG');
INSERT INTO `districts` VALUES ('3320050', '3320', 'NALUMSARI');
INSERT INTO `districts` VALUES ('3320060', '3320', 'BATEALIT');
INSERT INTO `districts` VALUES ('3320070', '3320', 'TAHUNAN');
INSERT INTO `districts` VALUES ('3320080', '3320', 'JEPARA');
INSERT INTO `districts` VALUES ('3320090', '3320', 'MLONGGO');
INSERT INTO `districts` VALUES ('3320091', '3320', 'PAKIS AJI');
INSERT INTO `districts` VALUES ('3320100', '3320', 'BANGSRI');
INSERT INTO `districts` VALUES ('3320101', '3320', 'KEMBANG');
INSERT INTO `districts` VALUES ('3320110', '3320', 'KELING');
INSERT INTO `districts` VALUES ('3320111', '3320', 'DONOROJO');
INSERT INTO `districts` VALUES ('3320120', '3320', 'KARIMUNJAWA');
INSERT INTO `districts` VALUES ('3321010', '3321', 'MRANGGEN');
INSERT INTO `districts` VALUES ('3321020', '3321', 'KARANGAWEN');
INSERT INTO `districts` VALUES ('3321030', '3321', 'GUNTUR');
INSERT INTO `districts` VALUES ('3321040', '3321', 'SAYUNG');
INSERT INTO `districts` VALUES ('3321050', '3321', 'KARANG TENGAH');
INSERT INTO `districts` VALUES ('3321060', '3321', 'BONANG');
INSERT INTO `districts` VALUES ('3321070', '3321', 'DEMAK');
INSERT INTO `districts` VALUES ('3321080', '3321', 'WONOSALAM');
INSERT INTO `districts` VALUES ('3321090', '3321', 'DEMPET');
INSERT INTO `districts` VALUES ('3321091', '3321', 'KEBONAGUNG');
INSERT INTO `districts` VALUES ('3321100', '3321', 'GAJAH');
INSERT INTO `districts` VALUES ('3321110', '3321', 'KARANGANYAR');
INSERT INTO `districts` VALUES ('3321120', '3321', 'MIJEN');
INSERT INTO `districts` VALUES ('3321130', '3321', 'WEDUNG');
INSERT INTO `districts` VALUES ('3322010', '3322', 'GETASAN');
INSERT INTO `districts` VALUES ('3322020', '3322', 'TENGARAN');
INSERT INTO `districts` VALUES ('3322030', '3322', 'SUSUKAN');
INSERT INTO `districts` VALUES ('3322031', '3322', 'KALIWUNGU');
INSERT INTO `districts` VALUES ('3322040', '3322', 'SURUH');
INSERT INTO `districts` VALUES ('3322050', '3322', 'PABELAN');
INSERT INTO `districts` VALUES ('3322060', '3322', 'TUNTANG');
INSERT INTO `districts` VALUES ('3322070', '3322', 'BANYUBIRU');
INSERT INTO `districts` VALUES ('3322080', '3322', 'JAMBU');
INSERT INTO `districts` VALUES ('3322090', '3322', 'SUMOWONO');
INSERT INTO `districts` VALUES ('3322100', '3322', 'AMBARAWA');
INSERT INTO `districts` VALUES ('3322101', '3322', 'BANDUNGAN');
INSERT INTO `districts` VALUES ('3322110', '3322', 'BAWEN');
INSERT INTO `districts` VALUES ('3322120', '3322', 'BRINGIN');
INSERT INTO `districts` VALUES ('3322121', '3322', 'BANCAK');
INSERT INTO `districts` VALUES ('3322130', '3322', 'PRINGAPUS');
INSERT INTO `districts` VALUES ('3322140', '3322', 'BERGAS');
INSERT INTO `districts` VALUES ('3322151', '3322', 'UNGARAN BARAT');
INSERT INTO `districts` VALUES ('3322152', '3322', 'UNGARAN TIMUR');
INSERT INTO `districts` VALUES ('3323010', '3323', 'PARAKAN');
INSERT INTO `districts` VALUES ('3323011', '3323', 'KLEDUNG');
INSERT INTO `districts` VALUES ('3323012', '3323', 'BANSARI');
INSERT INTO `districts` VALUES ('3323020', '3323', 'BULU');
INSERT INTO `districts` VALUES ('3323030', '3323', 'TEMANGGUNG');
INSERT INTO `districts` VALUES ('3323031', '3323', 'TLOGOMULYO');
INSERT INTO `districts` VALUES ('3323040', '3323', 'TEMBARAK');
INSERT INTO `districts` VALUES ('3323041', '3323', 'SELOPAMPANG');
INSERT INTO `districts` VALUES ('3323050', '3323', 'KRANGGAN');
INSERT INTO `districts` VALUES ('3323060', '3323', 'PRINGSURAT');
INSERT INTO `districts` VALUES ('3323070', '3323', 'KALORAN');
INSERT INTO `districts` VALUES ('3323080', '3323', 'KANDANGAN');
INSERT INTO `districts` VALUES ('3323090', '3323', 'KEDU');
INSERT INTO `districts` VALUES ('3323100', '3323', 'NGADIREJO');
INSERT INTO `districts` VALUES ('3323110', '3323', 'JUMO');
INSERT INTO `districts` VALUES ('3323111', '3323', 'GEMAWANG');
INSERT INTO `districts` VALUES ('3323120', '3323', 'CANDIROTO');
INSERT INTO `districts` VALUES ('3323121', '3323', 'BEJEN');
INSERT INTO `districts` VALUES ('3323130', '3323', 'TRETEP');
INSERT INTO `districts` VALUES ('3323131', '3323', 'WONOBOYO');
INSERT INTO `districts` VALUES ('3324010', '3324', 'PLANTUNGAN');
INSERT INTO `districts` VALUES ('3324020', '3324', 'SUKOREJO');
INSERT INTO `districts` VALUES ('3324030', '3324', 'PAGERRUYUNG');
INSERT INTO `districts` VALUES ('3324040', '3324', 'PATEAN');
INSERT INTO `districts` VALUES ('3324050', '3324', 'SINGOROJO');
INSERT INTO `districts` VALUES ('3324060', '3324', 'LIMBANGAN');
INSERT INTO `districts` VALUES ('3324070', '3324', 'BOJA');
INSERT INTO `districts` VALUES ('3324080', '3324', 'KALIWUNGU');
INSERT INTO `districts` VALUES ('3324081', '3324', 'KALIWUNGU SELATAN');
INSERT INTO `districts` VALUES ('3324090', '3324', 'BRANGSONG');
INSERT INTO `districts` VALUES ('3324100', '3324', 'PEGANDON');
INSERT INTO `districts` VALUES ('3324101', '3324', 'NGAMPEL');
INSERT INTO `districts` VALUES ('3324110', '3324', 'GEMUH');
INSERT INTO `districts` VALUES ('3324111', '3324', 'RINGINARUM');
INSERT INTO `districts` VALUES ('3324120', '3324', 'WELERI');
INSERT INTO `districts` VALUES ('3324130', '3324', 'ROWOSARI');
INSERT INTO `districts` VALUES ('3324140', '3324', 'KANGKUNG');
INSERT INTO `districts` VALUES ('3324150', '3324', 'CEPIRING');
INSERT INTO `districts` VALUES ('3324160', '3324', 'PATEBON');
INSERT INTO `districts` VALUES ('3324170', '3324', 'KOTA KENDAL');
INSERT INTO `districts` VALUES ('3325010', '3325', 'WONOTUNGGAL');
INSERT INTO `districts` VALUES ('3325020', '3325', 'BANDAR');
INSERT INTO `districts` VALUES ('3325030', '3325', 'BLADO');
INSERT INTO `districts` VALUES ('3325040', '3325', 'REBAN');
INSERT INTO `districts` VALUES ('3325050', '3325', 'BAWANG');
INSERT INTO `districts` VALUES ('3325060', '3325', 'TERSONO');
INSERT INTO `districts` VALUES ('3325070', '3325', 'GRINGSING');
INSERT INTO `districts` VALUES ('3325080', '3325', 'LIMPUNG');
INSERT INTO `districts` VALUES ('3325081', '3325', 'BANYUPUTIH');
INSERT INTO `districts` VALUES ('3325090', '3325', 'SUBAH');
INSERT INTO `districts` VALUES ('3325091', '3325', 'PECALUNGAN');
INSERT INTO `districts` VALUES ('3325100', '3325', 'TULIS');
INSERT INTO `districts` VALUES ('3325101', '3325', 'KANDEMAN');
INSERT INTO `districts` VALUES ('3325110', '3325', 'BATANG');
INSERT INTO `districts` VALUES ('3325120', '3325', 'WARUNG ASEM');
INSERT INTO `districts` VALUES ('3326010', '3326', 'KANDANGSERANG');
INSERT INTO `districts` VALUES ('3326020', '3326', 'PANINGGARAN');
INSERT INTO `districts` VALUES ('3326030', '3326', 'LEBAKBARANG');
INSERT INTO `districts` VALUES ('3326040', '3326', 'PETUNGKRIONO');
INSERT INTO `districts` VALUES ('3326050', '3326', 'TALUN');
INSERT INTO `districts` VALUES ('3326060', '3326', 'DORO');
INSERT INTO `districts` VALUES ('3326070', '3326', 'KARANGANYAR');
INSERT INTO `districts` VALUES ('3326080', '3326', 'KAJEN');
INSERT INTO `districts` VALUES ('3326090', '3326', 'KESESI');
INSERT INTO `districts` VALUES ('3326100', '3326', 'SRAGI');
INSERT INTO `districts` VALUES ('3326101', '3326', 'SIWALAN');
INSERT INTO `districts` VALUES ('3326110', '3326', 'BOJONG');
INSERT INTO `districts` VALUES ('3326120', '3326', 'WONOPRINGGO');
INSERT INTO `districts` VALUES ('3326130', '3326', 'KEDUNGWUNI');
INSERT INTO `districts` VALUES ('3326131', '3326', 'KARANGDADAP');
INSERT INTO `districts` VALUES ('3326140', '3326', 'BUARAN');
INSERT INTO `districts` VALUES ('3326150', '3326', 'TIRTO');
INSERT INTO `districts` VALUES ('3326160', '3326', 'WIRADESA');
INSERT INTO `districts` VALUES ('3326161', '3326', 'WONOKERTO');
INSERT INTO `districts` VALUES ('3327010', '3327', 'MOGA');
INSERT INTO `districts` VALUES ('3327011', '3327', 'WARUNGPRING');
INSERT INTO `districts` VALUES ('3327020', '3327', 'PULOSARI');
INSERT INTO `districts` VALUES ('3327030', '3327', 'BELIK');
INSERT INTO `districts` VALUES ('3327040', '3327', 'WATUKUMPUL');
INSERT INTO `districts` VALUES ('3327050', '3327', 'BODEH');
INSERT INTO `districts` VALUES ('3327060', '3327', 'BANTARBOLANG');
INSERT INTO `districts` VALUES ('3327070', '3327', 'RANDUDONGKAL');
INSERT INTO `districts` VALUES ('3327080', '3327', 'PEMALANG');
INSERT INTO `districts` VALUES ('3327090', '3327', 'TAMAN');
INSERT INTO `districts` VALUES ('3327100', '3327', 'PETARUKAN');
INSERT INTO `districts` VALUES ('3327110', '3327', 'AMPELGADING');
INSERT INTO `districts` VALUES ('3327120', '3327', 'COMAL');
INSERT INTO `districts` VALUES ('3327130', '3327', 'ULUJAMI');
INSERT INTO `districts` VALUES ('3328010', '3328', 'MARGASARI');
INSERT INTO `districts` VALUES ('3328020', '3328', 'BUMIJAWA');
INSERT INTO `districts` VALUES ('3328030', '3328', 'BOJONG');
INSERT INTO `districts` VALUES ('3328040', '3328', 'BALAPULANG');
INSERT INTO `districts` VALUES ('3328050', '3328', 'PAGERBARANG');
INSERT INTO `districts` VALUES ('3328060', '3328', 'LEBAKSIU');
INSERT INTO `districts` VALUES ('3328070', '3328', 'JATINEGARA');
INSERT INTO `districts` VALUES ('3328080', '3328', 'KEDUNG BANTENG');
INSERT INTO `districts` VALUES ('3328090', '3328', 'PANGKAH');
INSERT INTO `districts` VALUES ('3328100', '3328', 'SLAWI');
INSERT INTO `districts` VALUES ('3328110', '3328', 'DUKUHWARU');
INSERT INTO `districts` VALUES ('3328120', '3328', 'ADIWERNA');
INSERT INTO `districts` VALUES ('3328130', '3328', 'DUKUHTURI');
INSERT INTO `districts` VALUES ('3328140', '3328', 'TALANG');
INSERT INTO `districts` VALUES ('3328150', '3328', 'TARUB');
INSERT INTO `districts` VALUES ('3328160', '3328', 'KRAMAT');
INSERT INTO `districts` VALUES ('3328170', '3328', 'SURADADI');
INSERT INTO `districts` VALUES ('3328180', '3328', 'WARUREJA');
INSERT INTO `districts` VALUES ('3329010', '3329', 'SALEM');
INSERT INTO `districts` VALUES ('3329020', '3329', 'BANTARKAWUNG');
INSERT INTO `districts` VALUES ('3329030', '3329', 'BUMIAYU');
INSERT INTO `districts` VALUES ('3329040', '3329', 'PAGUYANGAN');
INSERT INTO `districts` VALUES ('3329050', '3329', 'SIRAMPOG');
INSERT INTO `districts` VALUES ('3329060', '3329', 'TONJONG');
INSERT INTO `districts` VALUES ('3329070', '3329', 'LARANGAN');
INSERT INTO `districts` VALUES ('3329080', '3329', 'KETANGGUNGAN');
INSERT INTO `districts` VALUES ('3329090', '3329', 'BANJARHARJO');
INSERT INTO `districts` VALUES ('3329100', '3329', 'LOSARI');
INSERT INTO `districts` VALUES ('3329110', '3329', 'TANJUNG');
INSERT INTO `districts` VALUES ('3329120', '3329', 'KERSANA');
INSERT INTO `districts` VALUES ('3329130', '3329', 'BULAKAMBA');
INSERT INTO `districts` VALUES ('3329140', '3329', 'WANASARI');
INSERT INTO `districts` VALUES ('3329150', '3329', 'SONGGOM');
INSERT INTO `districts` VALUES ('3329160', '3329', 'JATIBARANG');
INSERT INTO `districts` VALUES ('3329170', '3329', 'BREBES');
INSERT INTO `districts` VALUES ('3371010', '3371', 'MAGELANG SELATAN');
INSERT INTO `districts` VALUES ('3371011', '3371', 'MAGELANG TENGAH');
INSERT INTO `districts` VALUES ('3371020', '3371', 'MAGELANG UTARA');
INSERT INTO `districts` VALUES ('3372010', '3372', 'LAWEYAN');
INSERT INTO `districts` VALUES ('3372020', '3372', 'SERENGAN');
INSERT INTO `districts` VALUES ('3372030', '3372', 'PASAR KLIWON');
INSERT INTO `districts` VALUES ('3372040', '3372', 'JEBRES');
INSERT INTO `districts` VALUES ('3372050', '3372', 'BANJARSARI');
INSERT INTO `districts` VALUES ('3373010', '3373', 'ARGOMULYO');
INSERT INTO `districts` VALUES ('3373020', '3373', 'TINGKIR');
INSERT INTO `districts` VALUES ('3373030', '3373', 'SIDOMUKTI');
INSERT INTO `districts` VALUES ('3373040', '3373', 'SIDOREJO');
INSERT INTO `districts` VALUES ('3374010', '3374', 'MIJEN');
INSERT INTO `districts` VALUES ('3374020', '3374', 'GUNUNG PATI');
INSERT INTO `districts` VALUES ('3374030', '3374', 'BANYUMANIK');
INSERT INTO `districts` VALUES ('3374040', '3374', 'GAJAH MUNGKUR');
INSERT INTO `districts` VALUES ('3374050', '3374', 'SEMARANG SELATAN');
INSERT INTO `districts` VALUES ('3374060', '3374', 'CANDISARI');
INSERT INTO `districts` VALUES ('3374070', '3374', 'TEMBALANG');
INSERT INTO `districts` VALUES ('3374080', '3374', 'PEDURUNGAN');
INSERT INTO `districts` VALUES ('3374090', '3374', 'GENUK');
INSERT INTO `districts` VALUES ('3374100', '3374', 'GAYAMSARI');
INSERT INTO `districts` VALUES ('3374110', '3374', 'SEMARANG TIMUR');
INSERT INTO `districts` VALUES ('3374120', '3374', 'SEMARANG UTARA');
INSERT INTO `districts` VALUES ('3374130', '3374', 'SEMARANG TENGAH');
INSERT INTO `districts` VALUES ('3374140', '3374', 'SEMARANG BARAT');
INSERT INTO `districts` VALUES ('3374150', '3374', 'TUGU');
INSERT INTO `districts` VALUES ('3374160', '3374', 'NGALIYAN');
INSERT INTO `districts` VALUES ('3375010', '3375', 'PEKALONGAN BARAT');
INSERT INTO `districts` VALUES ('3375020', '3375', 'PEKALONGAN TIMUR');
INSERT INTO `districts` VALUES ('3375030', '3375', 'PEKALONGAN SELATAN');
INSERT INTO `districts` VALUES ('3375040', '3375', 'PEKALONGAN UTARA');
INSERT INTO `districts` VALUES ('3376010', '3376', 'TEGAL SELATAN');
INSERT INTO `districts` VALUES ('3376020', '3376', 'TEGAL TIMUR');
INSERT INTO `districts` VALUES ('3376030', '3376', 'TEGAL BARAT');
INSERT INTO `districts` VALUES ('3376040', '3376', 'MARGADANA');
INSERT INTO `districts` VALUES ('3401010', '3401', 'TEMON');
INSERT INTO `districts` VALUES ('3401020', '3401', 'WATES');
INSERT INTO `districts` VALUES ('3401030', '3401', 'PANJATAN');
INSERT INTO `districts` VALUES ('3401040', '3401', 'GALUR');
INSERT INTO `districts` VALUES ('3401050', '3401', 'LENDAH');
INSERT INTO `districts` VALUES ('3401060', '3401', 'SENTOLO');
INSERT INTO `districts` VALUES ('3401070', '3401', 'PENGASIH');
INSERT INTO `districts` VALUES ('3401080', '3401', 'KOKAP');
INSERT INTO `districts` VALUES ('3401090', '3401', 'GIRIMULYO');
INSERT INTO `districts` VALUES ('3401100', '3401', 'NANGGULAN');
INSERT INTO `districts` VALUES ('3401110', '3401', 'KALIBAWANG');
INSERT INTO `districts` VALUES ('3401120', '3401', 'SAMIGALUH');
INSERT INTO `districts` VALUES ('3402010', '3402', 'SRANDAKAN');
INSERT INTO `districts` VALUES ('3402020', '3402', 'SANDEN');
INSERT INTO `districts` VALUES ('3402030', '3402', 'KRETEK');
INSERT INTO `districts` VALUES ('3402040', '3402', 'PUNDONG');
INSERT INTO `districts` VALUES ('3402050', '3402', 'BAMBANG LIPURO');
INSERT INTO `districts` VALUES ('3402060', '3402', 'PANDAK');
INSERT INTO `districts` VALUES ('3402070', '3402', 'BANTUL');
INSERT INTO `districts` VALUES ('3402080', '3402', 'JETIS');
INSERT INTO `districts` VALUES ('3402090', '3402', 'IMOGIRI');
INSERT INTO `districts` VALUES ('3402100', '3402', 'DLINGO');
INSERT INTO `districts` VALUES ('3402110', '3402', 'PLERET');
INSERT INTO `districts` VALUES ('3402120', '3402', 'PIYUNGAN');
INSERT INTO `districts` VALUES ('3402130', '3402', 'BANGUNTAPAN');
INSERT INTO `districts` VALUES ('3402140', '3402', 'SEWON');
INSERT INTO `districts` VALUES ('3402150', '3402', 'KASIHAN');
INSERT INTO `districts` VALUES ('3402160', '3402', 'PAJANGAN');
INSERT INTO `districts` VALUES ('3402170', '3402', 'SEDAYU');
INSERT INTO `districts` VALUES ('3403010', '3403', 'PANGGANG');
INSERT INTO `districts` VALUES ('3403011', '3403', 'PURWOSARI');
INSERT INTO `districts` VALUES ('3403020', '3403', 'PALIYAN');
INSERT INTO `districts` VALUES ('3403030', '3403', 'SAPTO SARI');
INSERT INTO `districts` VALUES ('3403040', '3403', 'TEPUS');
INSERT INTO `districts` VALUES ('3403041', '3403', 'TANJUNGSARI');
INSERT INTO `districts` VALUES ('3403050', '3403', 'RONGKOP');
INSERT INTO `districts` VALUES ('3403051', '3403', 'GIRISUBO');
INSERT INTO `districts` VALUES ('3403060', '3403', 'SEMANU');
INSERT INTO `districts` VALUES ('3403070', '3403', 'PONJONG');
INSERT INTO `districts` VALUES ('3403080', '3403', 'KARANGMOJO');
INSERT INTO `districts` VALUES ('3403090', '3403', 'WONOSARI');
INSERT INTO `districts` VALUES ('3403100', '3403', 'PLAYEN');
INSERT INTO `districts` VALUES ('3403110', '3403', 'PATUK');
INSERT INTO `districts` VALUES ('3403120', '3403', 'GEDANG SARI');
INSERT INTO `districts` VALUES ('3403130', '3403', 'NGLIPAR');
INSERT INTO `districts` VALUES ('3403140', '3403', 'NGAWEN');
INSERT INTO `districts` VALUES ('3403150', '3403', 'SEMIN');
INSERT INTO `districts` VALUES ('3404010', '3404', 'MOYUDAN');
INSERT INTO `districts` VALUES ('3404020', '3404', 'MINGGIR');
INSERT INTO `districts` VALUES ('3404030', '3404', 'SEYEGAN');
INSERT INTO `districts` VALUES ('3404040', '3404', 'GODEAN');
INSERT INTO `districts` VALUES ('3404050', '3404', 'GAMPING');
INSERT INTO `districts` VALUES ('3404060', '3404', 'MLATI');
INSERT INTO `districts` VALUES ('3404070', '3404', 'DEPOK');
INSERT INTO `districts` VALUES ('3404080', '3404', 'BERBAH');
INSERT INTO `districts` VALUES ('3404090', '3404', 'PRAMBANAN');
INSERT INTO `districts` VALUES ('3404100', '3404', 'KALASAN');
INSERT INTO `districts` VALUES ('3404110', '3404', 'NGEMPLAK');
INSERT INTO `districts` VALUES ('3404120', '3404', 'NGAGLIK');
INSERT INTO `districts` VALUES ('3404130', '3404', 'SLEMAN');
INSERT INTO `districts` VALUES ('3404140', '3404', 'TEMPEL');
INSERT INTO `districts` VALUES ('3404150', '3404', 'TURI');
INSERT INTO `districts` VALUES ('3404160', '3404', 'PAKEM');
INSERT INTO `districts` VALUES ('3404170', '3404', 'CANGKRINGAN');
INSERT INTO `districts` VALUES ('3471010', '3471', 'MANTRIJERON');
INSERT INTO `districts` VALUES ('3471020', '3471', 'KRATON');
INSERT INTO `districts` VALUES ('3471030', '3471', 'MERGANGSAN');
INSERT INTO `districts` VALUES ('3471040', '3471', 'UMBULHARJO');
INSERT INTO `districts` VALUES ('3471050', '3471', 'KOTAGEDE');
INSERT INTO `districts` VALUES ('3471060', '3471', 'GONDOKUSUMAN');
INSERT INTO `districts` VALUES ('3471070', '3471', 'DANUREJAN');
INSERT INTO `districts` VALUES ('3471080', '3471', 'PAKUALAMAN');
INSERT INTO `districts` VALUES ('3471090', '3471', 'GONDOMANAN');
INSERT INTO `districts` VALUES ('3471100', '3471', 'NGAMPILAN');
INSERT INTO `districts` VALUES ('3471110', '3471', 'WIROBRAJAN');
INSERT INTO `districts` VALUES ('3471120', '3471', 'GEDONG TENGEN');
INSERT INTO `districts` VALUES ('3471130', '3471', 'JETIS');
INSERT INTO `districts` VALUES ('3471140', '3471', 'TEGALREJO');
INSERT INTO `districts` VALUES ('3501010', '3501', 'DONOROJO');
INSERT INTO `districts` VALUES ('3501020', '3501', 'PUNUNG');
INSERT INTO `districts` VALUES ('3501030', '3501', 'PRINGKUKU');
INSERT INTO `districts` VALUES ('3501040', '3501', 'PACITAN');
INSERT INTO `districts` VALUES ('3501050', '3501', 'KEBONAGUNG');
INSERT INTO `districts` VALUES ('3501060', '3501', 'ARJOSARI');
INSERT INTO `districts` VALUES ('3501070', '3501', 'NAWANGAN');
INSERT INTO `districts` VALUES ('3501080', '3501', 'BANDAR');
INSERT INTO `districts` VALUES ('3501090', '3501', 'TEGALOMBO');
INSERT INTO `districts` VALUES ('3501100', '3501', 'TULAKAN');
INSERT INTO `districts` VALUES ('3501110', '3501', 'NGADIROJO');
INSERT INTO `districts` VALUES ('3501120', '3501', 'SUDIMORO');
INSERT INTO `districts` VALUES ('3502010', '3502', 'NGRAYUN');
INSERT INTO `districts` VALUES ('3502020', '3502', 'SLAHUNG');
INSERT INTO `districts` VALUES ('3502030', '3502', 'BUNGKAL');
INSERT INTO `districts` VALUES ('3502040', '3502', 'SAMBIT');
INSERT INTO `districts` VALUES ('3502050', '3502', 'SAWOO');
INSERT INTO `districts` VALUES ('3502060', '3502', 'SOOKO');
INSERT INTO `districts` VALUES ('3502061', '3502', 'PUDAK');
INSERT INTO `districts` VALUES ('3502070', '3502', 'PULUNG');
INSERT INTO `districts` VALUES ('3502080', '3502', 'MLARAK');
INSERT INTO `districts` VALUES ('3502090', '3502', 'SIMAN');
INSERT INTO `districts` VALUES ('3502100', '3502', 'JETIS');
INSERT INTO `districts` VALUES ('3502110', '3502', 'BALONG');
INSERT INTO `districts` VALUES ('3502120', '3502', 'KAUMAN');
INSERT INTO `districts` VALUES ('3502130', '3502', 'JAMBON');
INSERT INTO `districts` VALUES ('3502140', '3502', 'BADEGAN');
INSERT INTO `districts` VALUES ('3502150', '3502', 'SAMPUNG');
INSERT INTO `districts` VALUES ('3502160', '3502', 'SUKOREJO');
INSERT INTO `districts` VALUES ('3502170', '3502', 'PONOROGO');
INSERT INTO `districts` VALUES ('3502180', '3502', 'BABADAN');
INSERT INTO `districts` VALUES ('3502190', '3502', 'JENANGAN');
INSERT INTO `districts` VALUES ('3502200', '3502', 'NGEBEL');
INSERT INTO `districts` VALUES ('3503010', '3503', 'PANGGUL');
INSERT INTO `districts` VALUES ('3503020', '3503', 'MUNJUNGAN');
INSERT INTO `districts` VALUES ('3503030', '3503', 'WATULIMO');
INSERT INTO `districts` VALUES ('3503040', '3503', 'KAMPAK');
INSERT INTO `districts` VALUES ('3503050', '3503', 'DONGKO');
INSERT INTO `districts` VALUES ('3503060', '3503', 'PULE');
INSERT INTO `districts` VALUES ('3503070', '3503', 'KARANGAN');
INSERT INTO `districts` VALUES ('3503071', '3503', 'SURUH');
INSERT INTO `districts` VALUES ('3503080', '3503', 'GANDUSARI');
INSERT INTO `districts` VALUES ('3503090', '3503', 'DURENAN');
INSERT INTO `districts` VALUES ('3503100', '3503', 'POGALAN');
INSERT INTO `districts` VALUES ('3503110', '3503', 'TRENGGALEK');
INSERT INTO `districts` VALUES ('3503120', '3503', 'TUGU');
INSERT INTO `districts` VALUES ('3503130', '3503', 'BENDUNGAN');
INSERT INTO `districts` VALUES ('3504010', '3504', 'BESUKI');
INSERT INTO `districts` VALUES ('3504020', '3504', 'BANDUNG');
INSERT INTO `districts` VALUES ('3504030', '3504', 'PAKEL');
INSERT INTO `districts` VALUES ('3504040', '3504', 'CAMPUR DARAT');
INSERT INTO `districts` VALUES ('3504050', '3504', 'TANGGUNG GUNUNG');
INSERT INTO `districts` VALUES ('3504060', '3504', 'KALIDAWIR');
INSERT INTO `districts` VALUES ('3504070', '3504', 'PUCANG LABAN');
INSERT INTO `districts` VALUES ('3504080', '3504', 'REJOTANGAN');
INSERT INTO `districts` VALUES ('3504090', '3504', 'NGUNUT');
INSERT INTO `districts` VALUES ('3504100', '3504', 'SUMBERGEMPOL');
INSERT INTO `districts` VALUES ('3504110', '3504', 'BOYOLANGU');
INSERT INTO `districts` VALUES ('3504120', '3504', 'TULUNGAGUNG');
INSERT INTO `districts` VALUES ('3504130', '3504', 'KEDUNGWARU');
INSERT INTO `districts` VALUES ('3504140', '3504', 'NGANTRU');
INSERT INTO `districts` VALUES ('3504150', '3504', 'KARANGREJO');
INSERT INTO `districts` VALUES ('3504160', '3504', 'KAUMAN');
INSERT INTO `districts` VALUES ('3504170', '3504', 'GONDANG');
INSERT INTO `districts` VALUES ('3504180', '3504', 'PAGER WOJO');
INSERT INTO `districts` VALUES ('3504190', '3504', 'SENDANG');
INSERT INTO `districts` VALUES ('3505010', '3505', 'BAKUNG');
INSERT INTO `districts` VALUES ('3505020', '3505', 'WONOTIRTO');
INSERT INTO `districts` VALUES ('3505030', '3505', 'PANGGUNGREJO');
INSERT INTO `districts` VALUES ('3505040', '3505', 'WATES');
INSERT INTO `districts` VALUES ('3505050', '3505', 'BINANGUN');
INSERT INTO `districts` VALUES ('3505060', '3505', 'SUTOJAYAN');
INSERT INTO `districts` VALUES ('3505070', '3505', 'KADEMANGAN');
INSERT INTO `districts` VALUES ('3505080', '3505', 'KANIGORO');
INSERT INTO `districts` VALUES ('3505090', '3505', 'TALUN');
INSERT INTO `districts` VALUES ('3505100', '3505', 'SELOPURO');
INSERT INTO `districts` VALUES ('3505110', '3505', 'KESAMBEN');
INSERT INTO `districts` VALUES ('3505120', '3505', 'SELOREJO');
INSERT INTO `districts` VALUES ('3505130', '3505', 'DOKO');
INSERT INTO `districts` VALUES ('3505140', '3505', 'WLINGI');
INSERT INTO `districts` VALUES ('3505150', '3505', 'GANDUSARI');
INSERT INTO `districts` VALUES ('3505160', '3505', 'GARUM');
INSERT INTO `districts` VALUES ('3505170', '3505', 'NGLEGOK');
INSERT INTO `districts` VALUES ('3505180', '3505', 'SANANKULON');
INSERT INTO `districts` VALUES ('3505190', '3505', 'PONGGOK');
INSERT INTO `districts` VALUES ('3505200', '3505', 'SRENGAT');
INSERT INTO `districts` VALUES ('3505210', '3505', 'WONODADI');
INSERT INTO `districts` VALUES ('3505220', '3505', 'UDANAWU');
INSERT INTO `districts` VALUES ('3506010', '3506', 'MOJO');
INSERT INTO `districts` VALUES ('3506020', '3506', 'SEMEN');
INSERT INTO `districts` VALUES ('3506030', '3506', 'NGADILUWIH');
INSERT INTO `districts` VALUES ('3506040', '3506', 'KRAS');
INSERT INTO `districts` VALUES ('3506050', '3506', 'RINGINREJO');
INSERT INTO `districts` VALUES ('3506060', '3506', 'KANDAT');
INSERT INTO `districts` VALUES ('3506070', '3506', 'WATES');
INSERT INTO `districts` VALUES ('3506080', '3506', 'NGANCAR');
INSERT INTO `districts` VALUES ('3506090', '3506', 'PLOSOKLATEN');
INSERT INTO `districts` VALUES ('3506100', '3506', 'GURAH');
INSERT INTO `districts` VALUES ('3506110', '3506', 'PUNCU');
INSERT INTO `districts` VALUES ('3506120', '3506', 'KEPUNG');
INSERT INTO `districts` VALUES ('3506130', '3506', 'KANDANGAN');
INSERT INTO `districts` VALUES ('3506140', '3506', 'PARE');
INSERT INTO `districts` VALUES ('3506141', '3506', 'BADAS');
INSERT INTO `districts` VALUES ('3506150', '3506', 'KUNJANG');
INSERT INTO `districts` VALUES ('3506160', '3506', 'PLEMAHAN');
INSERT INTO `districts` VALUES ('3506170', '3506', 'PURWOASRI');
INSERT INTO `districts` VALUES ('3506180', '3506', 'PAPAR');
INSERT INTO `districts` VALUES ('3506190', '3506', 'PAGU');
INSERT INTO `districts` VALUES ('3506191', '3506', 'KAYEN KIDUL');
INSERT INTO `districts` VALUES ('3506200', '3506', 'GAMPENGREJO');
INSERT INTO `districts` VALUES ('3506201', '3506', 'NGASEM');
INSERT INTO `districts` VALUES ('3506210', '3506', 'BANYAKAN');
INSERT INTO `districts` VALUES ('3506220', '3506', 'GROGOL');
INSERT INTO `districts` VALUES ('3506230', '3506', 'TAROKAN');
INSERT INTO `districts` VALUES ('3507010', '3507', 'DONOMULYO');
INSERT INTO `districts` VALUES ('3507020', '3507', 'KALIPARE');
INSERT INTO `districts` VALUES ('3507030', '3507', 'PAGAK');
INSERT INTO `districts` VALUES ('3507040', '3507', 'BANTUR');
INSERT INTO `districts` VALUES ('3507050', '3507', 'GEDANGAN');
INSERT INTO `districts` VALUES ('3507060', '3507', 'SUMBERMANJING');
INSERT INTO `districts` VALUES ('3507070', '3507', 'DAMPIT');
INSERT INTO `districts` VALUES ('3507080', '3507', 'TIRTO YUDO');
INSERT INTO `districts` VALUES ('3507090', '3507', 'AMPELGADING');
INSERT INTO `districts` VALUES ('3507100', '3507', 'PONCOKUSUMO');
INSERT INTO `districts` VALUES ('3507110', '3507', 'WAJAK');
INSERT INTO `districts` VALUES ('3507120', '3507', 'TUREN');
INSERT INTO `districts` VALUES ('3507130', '3507', 'BULULAWANG');
INSERT INTO `districts` VALUES ('3507140', '3507', 'GONDANGLEGI');
INSERT INTO `districts` VALUES ('3507150', '3507', 'PAGELARAN');
INSERT INTO `districts` VALUES ('3507160', '3507', 'KEPANJEN');
INSERT INTO `districts` VALUES ('3507170', '3507', 'SUMBER PUCUNG');
INSERT INTO `districts` VALUES ('3507180', '3507', 'KROMENGAN');
INSERT INTO `districts` VALUES ('3507190', '3507', 'NGAJUM');
INSERT INTO `districts` VALUES ('3507200', '3507', 'WONOSARI');
INSERT INTO `districts` VALUES ('3507210', '3507', 'WAGIR');
INSERT INTO `districts` VALUES ('3507220', '3507', 'PAKISAJI');
INSERT INTO `districts` VALUES ('3507230', '3507', 'TAJINAN');
INSERT INTO `districts` VALUES ('3507240', '3507', 'TUMPANG');
INSERT INTO `districts` VALUES ('3507250', '3507', 'PAKIS');
INSERT INTO `districts` VALUES ('3507260', '3507', 'JABUNG');
INSERT INTO `districts` VALUES ('3507270', '3507', 'LAWANG');
INSERT INTO `districts` VALUES ('3507280', '3507', 'SINGOSARI');
INSERT INTO `districts` VALUES ('3507290', '3507', 'KARANGPLOSO');
INSERT INTO `districts` VALUES ('3507300', '3507', 'DAU');
INSERT INTO `districts` VALUES ('3507310', '3507', 'PUJON');
INSERT INTO `districts` VALUES ('3507320', '3507', 'NGANTANG');
INSERT INTO `districts` VALUES ('3507330', '3507', 'KASEMBON');
INSERT INTO `districts` VALUES ('3508010', '3508', 'TEMPURSARI');
INSERT INTO `districts` VALUES ('3508020', '3508', 'PRONOJIWO');
INSERT INTO `districts` VALUES ('3508030', '3508', 'CANDIPURO');
INSERT INTO `districts` VALUES ('3508040', '3508', 'PASIRIAN');
INSERT INTO `districts` VALUES ('3508050', '3508', 'TEMPEH');
INSERT INTO `districts` VALUES ('3508060', '3508', 'LUMAJANG');
INSERT INTO `districts` VALUES ('3508061', '3508', 'SUMBERSUKO');
INSERT INTO `districts` VALUES ('3508070', '3508', 'TEKUNG');
INSERT INTO `districts` VALUES ('3508080', '3508', 'KUNIR');
INSERT INTO `districts` VALUES ('3508090', '3508', 'YOSOWILANGUN');
INSERT INTO `districts` VALUES ('3508100', '3508', 'ROWOKANGKUNG');
INSERT INTO `districts` VALUES ('3508110', '3508', 'JATIROTO');
INSERT INTO `districts` VALUES ('3508120', '3508', 'RANDUAGUNG');
INSERT INTO `districts` VALUES ('3508130', '3508', 'SUKODONO');
INSERT INTO `districts` VALUES ('3508140', '3508', 'PADANG');
INSERT INTO `districts` VALUES ('3508150', '3508', 'PASRUJAMBE');
INSERT INTO `districts` VALUES ('3508160', '3508', 'SENDURO');
INSERT INTO `districts` VALUES ('3508170', '3508', 'GUCIALIT');
INSERT INTO `districts` VALUES ('3508180', '3508', 'KEDUNGJAJANG');
INSERT INTO `districts` VALUES ('3508190', '3508', 'KLAKAH');
INSERT INTO `districts` VALUES ('3508200', '3508', 'RANUYOSO');
INSERT INTO `districts` VALUES ('3509010', '3509', 'KENCONG');
INSERT INTO `districts` VALUES ('3509020', '3509', 'GUMUK MAS');
INSERT INTO `districts` VALUES ('3509030', '3509', 'PUGER');
INSERT INTO `districts` VALUES ('3509040', '3509', 'WULUHAN');
INSERT INTO `districts` VALUES ('3509050', '3509', 'AMBULU');
INSERT INTO `districts` VALUES ('3509060', '3509', 'TEMPUREJO');
INSERT INTO `districts` VALUES ('3509070', '3509', 'SILO');
INSERT INTO `districts` VALUES ('3509080', '3509', 'MAYANG');
INSERT INTO `districts` VALUES ('3509090', '3509', 'MUMBULSARI');
INSERT INTO `districts` VALUES ('3509100', '3509', 'JENGGAWAH');
INSERT INTO `districts` VALUES ('3509110', '3509', 'AJUNG');
INSERT INTO `districts` VALUES ('3509120', '3509', 'RAMBIPUJI');
INSERT INTO `districts` VALUES ('3509130', '3509', 'BALUNG');
INSERT INTO `districts` VALUES ('3509140', '3509', 'UMBULSARI');
INSERT INTO `districts` VALUES ('3509150', '3509', 'SEMBORO');
INSERT INTO `districts` VALUES ('3509160', '3509', 'JOMBANG');
INSERT INTO `districts` VALUES ('3509170', '3509', 'SUMBER BARU');
INSERT INTO `districts` VALUES ('3509180', '3509', 'TANGGUL');
INSERT INTO `districts` VALUES ('3509190', '3509', 'BANGSALSARI');
INSERT INTO `districts` VALUES ('3509200', '3509', 'PANTI');
INSERT INTO `districts` VALUES ('3509210', '3509', 'SUKORAMBI');
INSERT INTO `districts` VALUES ('3509220', '3509', 'ARJASA');
INSERT INTO `districts` VALUES ('3509230', '3509', 'PAKUSARI');
INSERT INTO `districts` VALUES ('3509240', '3509', 'KALISAT');
INSERT INTO `districts` VALUES ('3509250', '3509', 'LEDOKOMBO');
INSERT INTO `districts` VALUES ('3509260', '3509', 'SUMBERJAMBE');
INSERT INTO `districts` VALUES ('3509270', '3509', 'SUKOWONO');
INSERT INTO `districts` VALUES ('3509280', '3509', 'JELBUK');
INSERT INTO `districts` VALUES ('3509710', '3509', 'KALIWATES');
INSERT INTO `districts` VALUES ('3509720', '3509', 'SUMBERSARI');
INSERT INTO `districts` VALUES ('3509730', '3509', 'PATRANG');
INSERT INTO `districts` VALUES ('3510010', '3510', 'PESANGGARAN');
INSERT INTO `districts` VALUES ('3510011', '3510', 'SILIRAGUNG');
INSERT INTO `districts` VALUES ('3510020', '3510', 'BANGOREJO');
INSERT INTO `districts` VALUES ('3510030', '3510', 'PURWOHARJO');
INSERT INTO `districts` VALUES ('3510040', '3510', 'TEGALDLIMO');
INSERT INTO `districts` VALUES ('3510050', '3510', 'MUNCAR');
INSERT INTO `districts` VALUES ('3510060', '3510', 'CLURING');
INSERT INTO `districts` VALUES ('3510070', '3510', 'GAMBIRAN');
INSERT INTO `districts` VALUES ('3510071', '3510', 'TEGALSARI');
INSERT INTO `districts` VALUES ('3510080', '3510', 'GLENMORE');
INSERT INTO `districts` VALUES ('3510090', '3510', 'KALIBARU');
INSERT INTO `districts` VALUES ('3510100', '3510', 'GENTENG');
INSERT INTO `districts` VALUES ('3510110', '3510', 'SRONO');
INSERT INTO `districts` VALUES ('3510120', '3510', 'ROGOJAMPI');
INSERT INTO `districts` VALUES ('3510130', '3510', 'KABAT');
INSERT INTO `districts` VALUES ('3510140', '3510', 'SINGOJURUH');
INSERT INTO `districts` VALUES ('3510150', '3510', 'SEMPU');
INSERT INTO `districts` VALUES ('3510160', '3510', 'SONGGON');
INSERT INTO `districts` VALUES ('3510170', '3510', 'GLAGAH');
INSERT INTO `districts` VALUES ('3510171', '3510', 'LICIN');
INSERT INTO `districts` VALUES ('3510180', '3510', 'BANYUWANGI');
INSERT INTO `districts` VALUES ('3510190', '3510', 'GIRI');
INSERT INTO `districts` VALUES ('3510200', '3510', 'KALIPURO');
INSERT INTO `districts` VALUES ('3510210', '3510', 'WONGSOREJO');
INSERT INTO `districts` VALUES ('3511010', '3511', 'MAESAN');
INSERT INTO `districts` VALUES ('3511020', '3511', 'GRUJUGAN');
INSERT INTO `districts` VALUES ('3511030', '3511', 'TAMANAN');
INSERT INTO `districts` VALUES ('3511031', '3511', 'JAMBESARI DARUS SHOLAH');
INSERT INTO `districts` VALUES ('3511040', '3511', 'PUJER');
INSERT INTO `districts` VALUES ('3511050', '3511', 'TLOGOSARI');
INSERT INTO `districts` VALUES ('3511060', '3511', 'SUKOSARI');
INSERT INTO `districts` VALUES ('3511061', '3511', 'SUMBER WRINGIN');
INSERT INTO `districts` VALUES ('3511070', '3511', 'TAPEN');
INSERT INTO `districts` VALUES ('3511080', '3511', 'WONOSARI');
INSERT INTO `districts` VALUES ('3511090', '3511', 'TENGGARANG');
INSERT INTO `districts` VALUES ('3511100', '3511', 'BONDOWOSO');
INSERT INTO `districts` VALUES ('3511110', '3511', 'CURAH DAMI');
INSERT INTO `districts` VALUES ('3511111', '3511', 'BINAKAL');
INSERT INTO `districts` VALUES ('3511120', '3511', 'PAKEM');
INSERT INTO `districts` VALUES ('3511130', '3511', 'WRINGIN');
INSERT INTO `districts` VALUES ('3511140', '3511', 'TEGALAMPEL');
INSERT INTO `districts` VALUES ('3511141', '3511', 'TAMAN KROCOK');
INSERT INTO `districts` VALUES ('3511150', '3511', 'KLABANG');
INSERT INTO `districts` VALUES ('3511151', '3511', 'SEMPOL');
INSERT INTO `districts` VALUES ('3511152', '3511', 'BOTOLINGGO');
INSERT INTO `districts` VALUES ('3511160', '3511', 'PRAJEKAN');
INSERT INTO `districts` VALUES ('3511170', '3511', 'CERMEE');
INSERT INTO `districts` VALUES ('3512010', '3512', 'SUMBERMALANG');
INSERT INTO `districts` VALUES ('3512020', '3512', 'JATIBANTENG');
INSERT INTO `districts` VALUES ('3512030', '3512', 'BANYUGLUGUR');
INSERT INTO `districts` VALUES ('3512040', '3512', 'BESUKI');
INSERT INTO `districts` VALUES ('3512050', '3512', 'SUBOH');
INSERT INTO `districts` VALUES ('3512060', '3512', 'MLANDINGAN');
INSERT INTO `districts` VALUES ('3512070', '3512', 'BUNGATAN');
INSERT INTO `districts` VALUES ('3512080', '3512', 'KENDIT');
INSERT INTO `districts` VALUES ('3512090', '3512', 'PANARUKAN');
INSERT INTO `districts` VALUES ('3512100', '3512', 'SITUBONDO');
INSERT INTO `districts` VALUES ('3512110', '3512', 'MANGARAN');
INSERT INTO `districts` VALUES ('3512120', '3512', 'PANJI');
INSERT INTO `districts` VALUES ('3512130', '3512', 'KAPONGAN');
INSERT INTO `districts` VALUES ('3512140', '3512', 'ARJASA');
INSERT INTO `districts` VALUES ('3512150', '3512', 'JANGKAR');
INSERT INTO `districts` VALUES ('3512160', '3512', 'ASEMBAGUS');
INSERT INTO `districts` VALUES ('3512170', '3512', 'BANYUPUTIH');
INSERT INTO `districts` VALUES ('3513010', '3513', 'SUKAPURA');
INSERT INTO `districts` VALUES ('3513020', '3513', 'SUMBER');
INSERT INTO `districts` VALUES ('3513030', '3513', 'KURIPAN');
INSERT INTO `districts` VALUES ('3513040', '3513', 'BANTARAN');
INSERT INTO `districts` VALUES ('3513050', '3513', 'LECES');
INSERT INTO `districts` VALUES ('3513060', '3513', 'TEGALSIWALAN');
INSERT INTO `districts` VALUES ('3513070', '3513', 'BANYUANYAR');
INSERT INTO `districts` VALUES ('3513080', '3513', 'TIRIS');
INSERT INTO `districts` VALUES ('3513090', '3513', 'KRUCIL');
INSERT INTO `districts` VALUES ('3513100', '3513', 'GADING');
INSERT INTO `districts` VALUES ('3513110', '3513', 'PAKUNIRAN');
INSERT INTO `districts` VALUES ('3513120', '3513', 'KOTAANYAR');
INSERT INTO `districts` VALUES ('3513130', '3513', 'PAITON');
INSERT INTO `districts` VALUES ('3513140', '3513', 'BESUK');
INSERT INTO `districts` VALUES ('3513150', '3513', 'KRAKSAAN');
INSERT INTO `districts` VALUES ('3513160', '3513', 'KREJENGAN');
INSERT INTO `districts` VALUES ('3513170', '3513', 'PAJARAKAN');
INSERT INTO `districts` VALUES ('3513180', '3513', 'MARON');
INSERT INTO `districts` VALUES ('3513190', '3513', 'GENDING');
INSERT INTO `districts` VALUES ('3513200', '3513', 'DRINGU');
INSERT INTO `districts` VALUES ('3513210', '3513', 'WONOMERTO');
INSERT INTO `districts` VALUES ('3513220', '3513', 'LUMBANG');
INSERT INTO `districts` VALUES ('3513230', '3513', 'TONGAS');
INSERT INTO `districts` VALUES ('3513240', '3513', 'SUMBERASIH');
INSERT INTO `districts` VALUES ('3514010', '3514', 'PURWODADI');
INSERT INTO `districts` VALUES ('3514020', '3514', 'TUTUR');
INSERT INTO `districts` VALUES ('3514030', '3514', 'PUSPO');
INSERT INTO `districts` VALUES ('3514040', '3514', 'TOSARI');
INSERT INTO `districts` VALUES ('3514050', '3514', 'LUMBANG');
INSERT INTO `districts` VALUES ('3514060', '3514', 'PASREPAN');
INSERT INTO `districts` VALUES ('3514070', '3514', 'KEJAYAN');
INSERT INTO `districts` VALUES ('3514080', '3514', 'WONOREJO');
INSERT INTO `districts` VALUES ('3514090', '3514', 'PURWOSARI');
INSERT INTO `districts` VALUES ('3514100', '3514', 'PRIGEN');
INSERT INTO `districts` VALUES ('3514110', '3514', 'SUKOREJO');
INSERT INTO `districts` VALUES ('3514120', '3514', 'PANDAAN');
INSERT INTO `districts` VALUES ('3514130', '3514', 'GEMPOL');
INSERT INTO `districts` VALUES ('3514140', '3514', 'BEJI');
INSERT INTO `districts` VALUES ('3514150', '3514', 'BANGIL');
INSERT INTO `districts` VALUES ('3514160', '3514', 'REMBANG');
INSERT INTO `districts` VALUES ('3514170', '3514', 'KRATON');
INSERT INTO `districts` VALUES ('3514180', '3514', 'POHJENTREK');
INSERT INTO `districts` VALUES ('3514190', '3514', 'GONDANG WETAN');
INSERT INTO `districts` VALUES ('3514200', '3514', 'REJOSO');
INSERT INTO `districts` VALUES ('3514210', '3514', 'WINONGAN');
INSERT INTO `districts` VALUES ('3514220', '3514', 'GRATI');
INSERT INTO `districts` VALUES ('3514230', '3514', 'LEKOK');
INSERT INTO `districts` VALUES ('3514240', '3514', 'NGULING');
INSERT INTO `districts` VALUES ('3515010', '3515', 'TARIK');
INSERT INTO `districts` VALUES ('3515020', '3515', 'PRAMBON');
INSERT INTO `districts` VALUES ('3515030', '3515', 'KREMBUNG');
INSERT INTO `districts` VALUES ('3515040', '3515', 'PORONG');
INSERT INTO `districts` VALUES ('3515050', '3515', 'JABON');
INSERT INTO `districts` VALUES ('3515060', '3515', 'TANGGULANGIN');
INSERT INTO `districts` VALUES ('3515070', '3515', 'CANDI');
INSERT INTO `districts` VALUES ('3515080', '3515', 'TULANGAN');
INSERT INTO `districts` VALUES ('3515090', '3515', 'WONOAYU');
INSERT INTO `districts` VALUES ('3515100', '3515', 'SUKODONO');
INSERT INTO `districts` VALUES ('3515110', '3515', 'SIDOARJO');
INSERT INTO `districts` VALUES ('3515120', '3515', 'BUDURAN');
INSERT INTO `districts` VALUES ('3515130', '3515', 'SEDATI');
INSERT INTO `districts` VALUES ('3515140', '3515', 'WARU');
INSERT INTO `districts` VALUES ('3515150', '3515', 'GEDANGAN');
INSERT INTO `districts` VALUES ('3515160', '3515', 'TAMAN');
INSERT INTO `districts` VALUES ('3515170', '3515', 'KRIAN');
INSERT INTO `districts` VALUES ('3515180', '3515', 'BALONG BENDO');
INSERT INTO `districts` VALUES ('3516010', '3516', 'JATIREJO');
INSERT INTO `districts` VALUES ('3516020', '3516', 'GONDANG');
INSERT INTO `districts` VALUES ('3516030', '3516', 'PACET');
INSERT INTO `districts` VALUES ('3516040', '3516', 'TRAWAS');
INSERT INTO `districts` VALUES ('3516050', '3516', 'NGORO');
INSERT INTO `districts` VALUES ('3516060', '3516', 'PUNGGING');
INSERT INTO `districts` VALUES ('3516070', '3516', 'KUTOREJO');
INSERT INTO `districts` VALUES ('3516080', '3516', 'MOJOSARI');
INSERT INTO `districts` VALUES ('3516090', '3516', 'BANGSAL');
INSERT INTO `districts` VALUES ('3516091', '3516', 'MOJOANYAR');
INSERT INTO `districts` VALUES ('3516100', '3516', 'DLANGGU');
INSERT INTO `districts` VALUES ('3516110', '3516', 'PURI');
INSERT INTO `districts` VALUES ('3516120', '3516', 'TROWULAN');
INSERT INTO `districts` VALUES ('3516130', '3516', 'SOOKO');
INSERT INTO `districts` VALUES ('3516140', '3516', 'GEDEK');
INSERT INTO `districts` VALUES ('3516150', '3516', 'KEMLAGI');
INSERT INTO `districts` VALUES ('3516160', '3516', 'JETIS');
INSERT INTO `districts` VALUES ('3516170', '3516', 'DAWAR BLANDONG');
INSERT INTO `districts` VALUES ('3517010', '3517', 'BANDAR KEDUNG MULYO');
INSERT INTO `districts` VALUES ('3517020', '3517', 'PERAK');
INSERT INTO `districts` VALUES ('3517030', '3517', 'GUDO');
INSERT INTO `districts` VALUES ('3517040', '3517', 'DIWEK');
INSERT INTO `districts` VALUES ('3517050', '3517', 'NGORO');
INSERT INTO `districts` VALUES ('3517060', '3517', 'MOJOWARNO');
INSERT INTO `districts` VALUES ('3517070', '3517', 'BARENG');
INSERT INTO `districts` VALUES ('3517080', '3517', 'WONOSALAM');
INSERT INTO `districts` VALUES ('3517090', '3517', 'MOJOAGUNG');
INSERT INTO `districts` VALUES ('3517100', '3517', 'SUMOBITO');
INSERT INTO `districts` VALUES ('3517110', '3517', 'JOGO ROTO');
INSERT INTO `districts` VALUES ('3517120', '3517', 'PETERONGAN');
INSERT INTO `districts` VALUES ('3517130', '3517', 'JOMBANG');
INSERT INTO `districts` VALUES ('3517140', '3517', 'MEGALUH');
INSERT INTO `districts` VALUES ('3517150', '3517', 'TEMBELANG');
INSERT INTO `districts` VALUES ('3517160', '3517', 'KESAMBEN');
INSERT INTO `districts` VALUES ('3517170', '3517', 'KUDU');
INSERT INTO `districts` VALUES ('3517171', '3517', 'NGUSIKAN');
INSERT INTO `districts` VALUES ('3517180', '3517', 'PLOSO');
INSERT INTO `districts` VALUES ('3517190', '3517', 'KABUH');
INSERT INTO `districts` VALUES ('3517200', '3517', 'PLANDAAN');
INSERT INTO `districts` VALUES ('3518010', '3518', 'SAWAHAN');
INSERT INTO `districts` VALUES ('3518020', '3518', 'NGETOS');
INSERT INTO `districts` VALUES ('3518030', '3518', 'BERBEK');
INSERT INTO `districts` VALUES ('3518040', '3518', 'LOCERET');
INSERT INTO `districts` VALUES ('3518050', '3518', 'PACE');
INSERT INTO `districts` VALUES ('3518060', '3518', 'TANJUNGANOM');
INSERT INTO `districts` VALUES ('3518070', '3518', 'PRAMBON');
INSERT INTO `districts` VALUES ('3518080', '3518', 'NGRONGGOT');
INSERT INTO `districts` VALUES ('3518090', '3518', 'KERTOSONO');
INSERT INTO `districts` VALUES ('3518100', '3518', 'PATIANROWO');
INSERT INTO `districts` VALUES ('3518110', '3518', 'BARON');
INSERT INTO `districts` VALUES ('3518120', '3518', 'GONDANG');
INSERT INTO `districts` VALUES ('3518130', '3518', 'SUKOMORO');
INSERT INTO `districts` VALUES ('3518140', '3518', 'NGANJUK');
INSERT INTO `districts` VALUES ('3518150', '3518', 'BAGOR');
INSERT INTO `districts` VALUES ('3518160', '3518', 'WILANGAN');
INSERT INTO `districts` VALUES ('3518170', '3518', 'REJOSO');
INSERT INTO `districts` VALUES ('3518180', '3518', 'NGLUYU');
INSERT INTO `districts` VALUES ('3518190', '3518', 'LENGKONG');
INSERT INTO `districts` VALUES ('3518200', '3518', 'JATIKALEN');
INSERT INTO `districts` VALUES ('3519010', '3519', 'KEBONSARI');
INSERT INTO `districts` VALUES ('3519020', '3519', 'GEGER');
INSERT INTO `districts` VALUES ('3519030', '3519', 'DOLOPO');
INSERT INTO `districts` VALUES ('3519040', '3519', 'DAGANGAN');
INSERT INTO `districts` VALUES ('3519050', '3519', 'WUNGU');
INSERT INTO `districts` VALUES ('3519060', '3519', 'KARE');
INSERT INTO `districts` VALUES ('3519070', '3519', 'GEMARANG');
INSERT INTO `districts` VALUES ('3519080', '3519', 'SARADAN');
INSERT INTO `districts` VALUES ('3519090', '3519', 'PILANGKENCENG');
INSERT INTO `districts` VALUES ('3519100', '3519', 'MEJAYAN');
INSERT INTO `districts` VALUES ('3519110', '3519', 'WONOASRI');
INSERT INTO `districts` VALUES ('3519120', '3519', 'BALEREJO');
INSERT INTO `districts` VALUES ('3519130', '3519', 'MADIUN');
INSERT INTO `districts` VALUES ('3519140', '3519', 'SAWAHAN');
INSERT INTO `districts` VALUES ('3519150', '3519', 'JIWAN');
INSERT INTO `districts` VALUES ('3520010', '3520', 'PONCOL');
INSERT INTO `districts` VALUES ('3520020', '3520', 'PARANG');
INSERT INTO `districts` VALUES ('3520030', '3520', 'LEMBEYAN');
INSERT INTO `districts` VALUES ('3520040', '3520', 'TAKERAN');
INSERT INTO `districts` VALUES ('3520041', '3520', 'NGUNTORONADI');
INSERT INTO `districts` VALUES ('3520050', '3520', 'KAWEDANAN');
INSERT INTO `districts` VALUES ('3520060', '3520', 'MAGETAN');
INSERT INTO `districts` VALUES ('3520061', '3520', 'NGARIBOYO');
INSERT INTO `districts` VALUES ('3520070', '3520', 'PLAOSAN');
INSERT INTO `districts` VALUES ('3520071', '3520', 'SIDOREJO');
INSERT INTO `districts` VALUES ('3520080', '3520', 'PANEKAN');
INSERT INTO `districts` VALUES ('3520090', '3520', 'SUKOMORO');
INSERT INTO `districts` VALUES ('3520100', '3520', 'BENDO');
INSERT INTO `districts` VALUES ('3520110', '3520', 'MAOSPATI');
INSERT INTO `districts` VALUES ('3520120', '3520', 'KARANGREJO');
INSERT INTO `districts` VALUES ('3520121', '3520', 'KARAS');
INSERT INTO `districts` VALUES ('3520130', '3520', 'BARAT');
INSERT INTO `districts` VALUES ('3520131', '3520', 'KARTOHARJO');
INSERT INTO `districts` VALUES ('3521010', '3521', 'SINE');
INSERT INTO `districts` VALUES ('3521020', '3521', 'NGRAMBE');
INSERT INTO `districts` VALUES ('3521030', '3521', 'JOGOROGO');
INSERT INTO `districts` VALUES ('3521040', '3521', 'KENDAL');
INSERT INTO `districts` VALUES ('3521050', '3521', 'GENENG');
INSERT INTO `districts` VALUES ('3521051', '3521', 'GERIH');
INSERT INTO `districts` VALUES ('3521060', '3521', 'KWADUNGAN');
INSERT INTO `districts` VALUES ('3521070', '3521', 'PANGKUR');
INSERT INTO `districts` VALUES ('3521080', '3521', 'KARANGJATI');
INSERT INTO `districts` VALUES ('3521090', '3521', 'BRINGIN');
INSERT INTO `districts` VALUES ('3521100', '3521', 'PADAS');
INSERT INTO `districts` VALUES ('3521101', '3521', 'KASREMAN');
INSERT INTO `districts` VALUES ('3521110', '3521', 'NGAWI');
INSERT INTO `districts` VALUES ('3521120', '3521', 'PARON');
INSERT INTO `districts` VALUES ('3521130', '3521', 'KEDUNGGALAR');
INSERT INTO `districts` VALUES ('3521140', '3521', 'PITU');
INSERT INTO `districts` VALUES ('3521150', '3521', 'WIDODAREN');
INSERT INTO `districts` VALUES ('3521160', '3521', 'MANTINGAN');
INSERT INTO `districts` VALUES ('3521170', '3521', 'KARANGANYAR');
INSERT INTO `districts` VALUES ('3522010', '3522', 'MARGOMULYO');
INSERT INTO `districts` VALUES ('3522020', '3522', 'NGRAHO');
INSERT INTO `districts` VALUES ('3522030', '3522', 'TAMBAKREJO');
INSERT INTO `districts` VALUES ('3522040', '3522', 'NGAMBON');
INSERT INTO `districts` VALUES ('3522041', '3522', 'SEKAR');
INSERT INTO `districts` VALUES ('3522050', '3522', 'BUBULAN');
INSERT INTO `districts` VALUES ('3522051', '3522', 'GONDANG');
INSERT INTO `districts` VALUES ('3522060', '3522', 'TEMAYANG');
INSERT INTO `districts` VALUES ('3522070', '3522', 'SUGIHWARAS');
INSERT INTO `districts` VALUES ('3522080', '3522', 'KEDUNGADEM');
INSERT INTO `districts` VALUES ('3522090', '3522', 'KEPOH BARU');
INSERT INTO `districts` VALUES ('3522100', '3522', 'BAURENO');
INSERT INTO `districts` VALUES ('3522110', '3522', 'KANOR');
INSERT INTO `districts` VALUES ('3522120', '3522', 'SUMBEREJO');
INSERT INTO `districts` VALUES ('3522130', '3522', 'BALEN');
INSERT INTO `districts` VALUES ('3522140', '3522', 'SUKOSEWU');
INSERT INTO `districts` VALUES ('3522150', '3522', 'KAPAS');
INSERT INTO `districts` VALUES ('3522160', '3522', 'BOJONEGORO');
INSERT INTO `districts` VALUES ('3522170', '3522', 'TRUCUK');
INSERT INTO `districts` VALUES ('3522180', '3522', 'DANDER');
INSERT INTO `districts` VALUES ('3522190', '3522', 'NGASEM');
INSERT INTO `districts` VALUES ('3522191', '3522', 'GAYAM');
INSERT INTO `districts` VALUES ('3522200', '3522', 'KALITIDU');
INSERT INTO `districts` VALUES ('3522210', '3522', 'MALO');
INSERT INTO `districts` VALUES ('3522220', '3522', 'PURWOSARI');
INSERT INTO `districts` VALUES ('3522230', '3522', 'PADANGAN');
INSERT INTO `districts` VALUES ('3522240', '3522', 'KASIMAN');
INSERT INTO `districts` VALUES ('3522241', '3522', 'KEDEWAN');
INSERT INTO `districts` VALUES ('3523010', '3523', 'KENDURUAN');
INSERT INTO `districts` VALUES ('3523020', '3523', 'BANGILAN');
INSERT INTO `districts` VALUES ('3523030', '3523', 'SENORI');
INSERT INTO `districts` VALUES ('3523040', '3523', 'SINGGAHAN');
INSERT INTO `districts` VALUES ('3523050', '3523', 'MONTONG');
INSERT INTO `districts` VALUES ('3523060', '3523', 'PARENGAN');
INSERT INTO `districts` VALUES ('3523070', '3523', 'SOKO');
INSERT INTO `districts` VALUES ('3523080', '3523', 'RENGEL');
INSERT INTO `districts` VALUES ('3523081', '3523', 'GRABAGAN');
INSERT INTO `districts` VALUES ('3523090', '3523', 'PLUMPANG');
INSERT INTO `districts` VALUES ('3523100', '3523', 'WIDANG');
INSERT INTO `districts` VALUES ('3523110', '3523', 'PALANG');
INSERT INTO `districts` VALUES ('3523120', '3523', 'SEMANDING');
INSERT INTO `districts` VALUES ('3523130', '3523', 'TUBAN');
INSERT INTO `districts` VALUES ('3523140', '3523', 'JENU');
INSERT INTO `districts` VALUES ('3523150', '3523', 'MERAKURAK');
INSERT INTO `districts` VALUES ('3523160', '3523', 'KEREK');
INSERT INTO `districts` VALUES ('3523170', '3523', 'TAMBAKBOYO');
INSERT INTO `districts` VALUES ('3523180', '3523', 'JATIROGO');
INSERT INTO `districts` VALUES ('3523190', '3523', 'BANCAR');
INSERT INTO `districts` VALUES ('3524010', '3524', 'SUKORAME');
INSERT INTO `districts` VALUES ('3524020', '3524', 'BLULUK');
INSERT INTO `districts` VALUES ('3524030', '3524', 'NGIMBANG');
INSERT INTO `districts` VALUES ('3524040', '3524', 'SAMBENG');
INSERT INTO `districts` VALUES ('3524050', '3524', 'MANTUP');
INSERT INTO `districts` VALUES ('3524060', '3524', 'KEMBANGBAHU');
INSERT INTO `districts` VALUES ('3524070', '3524', 'SUGIO');
INSERT INTO `districts` VALUES ('3524080', '3524', 'KEDUNGPRING');
INSERT INTO `districts` VALUES ('3524090', '3524', 'MODO');
INSERT INTO `districts` VALUES ('3524100', '3524', 'BABAT');
INSERT INTO `districts` VALUES ('3524110', '3524', 'PUCUK');
INSERT INTO `districts` VALUES ('3524120', '3524', 'SUKODADI');
INSERT INTO `districts` VALUES ('3524130', '3524', 'LAMONGAN');
INSERT INTO `districts` VALUES ('3524140', '3524', 'TIKUNG');
INSERT INTO `districts` VALUES ('3524141', '3524', 'SARIREJO');
INSERT INTO `districts` VALUES ('3524150', '3524', 'DEKET');
INSERT INTO `districts` VALUES ('3524160', '3524', 'GLAGAH');
INSERT INTO `districts` VALUES ('3524170', '3524', 'KARANGBINANGUN');
INSERT INTO `districts` VALUES ('3524180', '3524', 'TURI');
INSERT INTO `districts` VALUES ('3524190', '3524', 'KALITENGAH');
INSERT INTO `districts` VALUES ('3524200', '3524', 'KARANG GENENG');
INSERT INTO `districts` VALUES ('3524210', '3524', 'SEKARAN');
INSERT INTO `districts` VALUES ('3524220', '3524', 'MADURAN');
INSERT INTO `districts` VALUES ('3524230', '3524', 'LAREN');
INSERT INTO `districts` VALUES ('3524240', '3524', 'SOLOKURO');
INSERT INTO `districts` VALUES ('3524250', '3524', 'PACIRAN');
INSERT INTO `districts` VALUES ('3524260', '3524', 'BRONDONG');
INSERT INTO `districts` VALUES ('3525010', '3525', 'WRINGINANOM');
INSERT INTO `districts` VALUES ('3525020', '3525', 'DRIYOREJO');
INSERT INTO `districts` VALUES ('3525030', '3525', 'KEDAMEAN');
INSERT INTO `districts` VALUES ('3525040', '3525', 'MENGANTI');
INSERT INTO `districts` VALUES ('3525050', '3525', 'CERME');
INSERT INTO `districts` VALUES ('3525060', '3525', 'BENJENG');
INSERT INTO `districts` VALUES ('3525070', '3525', 'BALONGPANGGANG');
INSERT INTO `districts` VALUES ('3525080', '3525', 'DUDUKSAMPEYAN');
INSERT INTO `districts` VALUES ('3525090', '3525', 'KEBOMAS');
INSERT INTO `districts` VALUES ('3525100', '3525', 'GRESIK');
INSERT INTO `districts` VALUES ('3525110', '3525', 'MANYAR');
INSERT INTO `districts` VALUES ('3525120', '3525', 'BUNGAH');
INSERT INTO `districts` VALUES ('3525130', '3525', 'SIDAYU');
INSERT INTO `districts` VALUES ('3525140', '3525', 'DUKUN');
INSERT INTO `districts` VALUES ('3525150', '3525', 'PANCENG');
INSERT INTO `districts` VALUES ('3525160', '3525', 'UJUNGPANGKAH');
INSERT INTO `districts` VALUES ('3525170', '3525', 'SANGKAPURA');
INSERT INTO `districts` VALUES ('3525180', '3525', 'TAMBAK');
INSERT INTO `districts` VALUES ('3526010', '3526', 'KAMAL');
INSERT INTO `districts` VALUES ('3526020', '3526', 'LABANG');
INSERT INTO `districts` VALUES ('3526030', '3526', 'KWANYAR');
INSERT INTO `districts` VALUES ('3526040', '3526', 'MODUNG');
INSERT INTO `districts` VALUES ('3526050', '3526', 'BLEGA');
INSERT INTO `districts` VALUES ('3526060', '3526', 'KONANG');
INSERT INTO `districts` VALUES ('3526070', '3526', 'GALIS');
INSERT INTO `districts` VALUES ('3526080', '3526', 'TANAH MERAH');
INSERT INTO `districts` VALUES ('3526090', '3526', 'TRAGAH');
INSERT INTO `districts` VALUES ('3526100', '3526', 'SOCAH');
INSERT INTO `districts` VALUES ('3526110', '3526', 'BANGKALAN');
INSERT INTO `districts` VALUES ('3526120', '3526', 'BURNEH');
INSERT INTO `districts` VALUES ('3526130', '3526', 'AROSBAYA');
INSERT INTO `districts` VALUES ('3526140', '3526', 'GEGER');
INSERT INTO `districts` VALUES ('3526150', '3526', 'KOKOP');
INSERT INTO `districts` VALUES ('3526160', '3526', 'TANJUNGBUMI');
INSERT INTO `districts` VALUES ('3526170', '3526', 'SEPULU');
INSERT INTO `districts` VALUES ('3526180', '3526', 'KLAMPIS');
INSERT INTO `districts` VALUES ('3527010', '3527', 'SRESEH');
INSERT INTO `districts` VALUES ('3527020', '3527', 'TORJUN');
INSERT INTO `districts` VALUES ('3527021', '3527', 'PANGARENGAN');
INSERT INTO `districts` VALUES ('3527030', '3527', 'SAMPANG');
INSERT INTO `districts` VALUES ('3527040', '3527', 'CAMPLONG');
INSERT INTO `districts` VALUES ('3527050', '3527', 'OMBEN');
INSERT INTO `districts` VALUES ('3527060', '3527', 'KEDUNGDUNG');
INSERT INTO `districts` VALUES ('3527070', '3527', 'JRENGIK');
INSERT INTO `districts` VALUES ('3527080', '3527', 'TAMBELANGAN');
INSERT INTO `districts` VALUES ('3527090', '3527', 'BANYUATES');
INSERT INTO `districts` VALUES ('3527100', '3527', 'ROBATAL');
INSERT INTO `districts` VALUES ('3527101', '3527', 'KARANG PENANG');
INSERT INTO `districts` VALUES ('3527110', '3527', 'KETAPANG');
INSERT INTO `districts` VALUES ('3527120', '3527', 'SOKOBANAH');
INSERT INTO `districts` VALUES ('3528010', '3528', 'TLANAKAN');
INSERT INTO `districts` VALUES ('3528020', '3528', 'PADEMAWU');
INSERT INTO `districts` VALUES ('3528030', '3528', 'GALIS');
INSERT INTO `districts` VALUES ('3528040', '3528', 'LARANGAN');
INSERT INTO `districts` VALUES ('3528050', '3528', 'PAMEKASAN');
INSERT INTO `districts` VALUES ('3528060', '3528', 'PROPPO');
INSERT INTO `districts` VALUES ('3528070', '3528', 'PALENGAAN');
INSERT INTO `districts` VALUES ('3528080', '3528', 'PEGANTENAN');
INSERT INTO `districts` VALUES ('3528090', '3528', 'KADUR');
INSERT INTO `districts` VALUES ('3528100', '3528', 'PAKONG');
INSERT INTO `districts` VALUES ('3528110', '3528', 'WARU');
INSERT INTO `districts` VALUES ('3528120', '3528', 'BATU MARMAR');
INSERT INTO `districts` VALUES ('3528130', '3528', 'PASEAN');
INSERT INTO `districts` VALUES ('3529010', '3529', 'PRAGAAN');
INSERT INTO `districts` VALUES ('3529020', '3529', 'BLUTO');
INSERT INTO `districts` VALUES ('3529030', '3529', 'SARONGGI');
INSERT INTO `districts` VALUES ('3529040', '3529', 'GILIGENTENG');
INSERT INTO `districts` VALUES ('3529050', '3529', 'TALANGO');
INSERT INTO `districts` VALUES ('3529060', '3529', 'KALIANGET');
INSERT INTO `districts` VALUES ('3529070', '3529', 'KOTA SUMENEP');
INSERT INTO `districts` VALUES ('3529071', '3529', 'BATUAN');
INSERT INTO `districts` VALUES ('3529080', '3529', 'LENTENG');
INSERT INTO `districts` VALUES ('3529090', '3529', 'GANDING');
INSERT INTO `districts` VALUES ('3529100', '3529', 'GULUK GULUK');
INSERT INTO `districts` VALUES ('3529110', '3529', 'PASONGSONGAN');
INSERT INTO `districts` VALUES ('3529120', '3529', 'AMBUNTEN');
INSERT INTO `districts` VALUES ('3529130', '3529', 'RUBARU');
INSERT INTO `districts` VALUES ('3529140', '3529', 'DASUK');
INSERT INTO `districts` VALUES ('3529150', '3529', 'MANDING');
INSERT INTO `districts` VALUES ('3529160', '3529', 'BATUPUTIH');
INSERT INTO `districts` VALUES ('3529170', '3529', 'GAPURA');
INSERT INTO `districts` VALUES ('3529180', '3529', 'BATANG BATANG');
INSERT INTO `districts` VALUES ('3529190', '3529', 'DUNGKEK');
INSERT INTO `districts` VALUES ('3529200', '3529', 'NONGGUNONG');
INSERT INTO `districts` VALUES ('3529210', '3529', 'GAYAM');
INSERT INTO `districts` VALUES ('3529220', '3529', 'RAAS');
INSERT INTO `districts` VALUES ('3529230', '3529', 'SAPEKEN');
INSERT INTO `districts` VALUES ('3529240', '3529', 'ARJASA');
INSERT INTO `districts` VALUES ('3529241', '3529', 'KANGAYAN');
INSERT INTO `districts` VALUES ('3529250', '3529', 'MASALEMBU');
INSERT INTO `districts` VALUES ('3571010', '3571', 'MOJOROTO');
INSERT INTO `districts` VALUES ('3571020', '3571', 'KOTA KEDIRI');
INSERT INTO `districts` VALUES ('3571030', '3571', 'PESANTREN');
INSERT INTO `districts` VALUES ('3572010', '3572', 'SUKOREJO');
INSERT INTO `districts` VALUES ('3572020', '3572', 'KEPANJENKIDUL');
INSERT INTO `districts` VALUES ('3572030', '3572', 'SANANWETAN');
INSERT INTO `districts` VALUES ('3573010', '3573', 'KEDUNGKANDANG');
INSERT INTO `districts` VALUES ('3573020', '3573', 'SUKUN');
INSERT INTO `districts` VALUES ('3573030', '3573', 'KLOJEN');
INSERT INTO `districts` VALUES ('3573040', '3573', 'BLIMBING');
INSERT INTO `districts` VALUES ('3573050', '3573', 'LOWOKWARU');
INSERT INTO `districts` VALUES ('3574010', '3574', 'KADEMANGAN');
INSERT INTO `districts` VALUES ('3574011', '3574', 'KEDOPOK');
INSERT INTO `districts` VALUES ('3574020', '3574', 'WONOASIH');
INSERT INTO `districts` VALUES ('3574030', '3574', 'MAYANGAN');
INSERT INTO `districts` VALUES ('3574031', '3574', 'KANIGARAN');
INSERT INTO `districts` VALUES ('3575010', '3575', 'GADINGREJO');
INSERT INTO `districts` VALUES ('3575020', '3575', 'PURWOREJO');
INSERT INTO `districts` VALUES ('3575030', '3575', 'BUGULKIDUL');
INSERT INTO `districts` VALUES ('3575031', '3575', 'PANGGUNGREJO');
INSERT INTO `districts` VALUES ('3576010', '3576', 'PRAJURIT KULON');
INSERT INTO `districts` VALUES ('3576020', '3576', 'MAGERSARI');
INSERT INTO `districts` VALUES ('3577010', '3577', 'MANGU HARJO');
INSERT INTO `districts` VALUES ('3577020', '3577', 'TAMAN');
INSERT INTO `districts` VALUES ('3577030', '3577', 'KARTOHARJO');
INSERT INTO `districts` VALUES ('3578010', '3578', 'KARANG PILANG');
INSERT INTO `districts` VALUES ('3578020', '3578', 'JAMBANGAN');
INSERT INTO `districts` VALUES ('3578030', '3578', 'GAYUNGAN');
INSERT INTO `districts` VALUES ('3578040', '3578', 'WONOCOLO');
INSERT INTO `districts` VALUES ('3578050', '3578', 'TENGGILIS MEJOYO');
INSERT INTO `districts` VALUES ('3578060', '3578', 'GUNUNG ANYAR');
INSERT INTO `districts` VALUES ('3578070', '3578', 'RUNGKUT');
INSERT INTO `districts` VALUES ('3578080', '3578', 'SUKOLILO');
INSERT INTO `districts` VALUES ('3578090', '3578', 'MULYOREJO');
INSERT INTO `districts` VALUES ('3578100', '3578', 'GUBENG');
INSERT INTO `districts` VALUES ('3578110', '3578', 'WONOKROMO');
INSERT INTO `districts` VALUES ('3578120', '3578', 'DUKUH PAKIS');
INSERT INTO `districts` VALUES ('3578130', '3578', 'WIYUNG');
INSERT INTO `districts` VALUES ('3578140', '3578', 'LAKARSANTRI');
INSERT INTO `districts` VALUES ('3578141', '3578', 'SAMBIKEREP');
INSERT INTO `districts` VALUES ('3578150', '3578', 'TANDES');
INSERT INTO `districts` VALUES ('3578160', '3578', 'SUKO MANUNGGAL');
INSERT INTO `districts` VALUES ('3578170', '3578', 'SAWAHAN');
INSERT INTO `districts` VALUES ('3578180', '3578', 'TEGALSARI');
INSERT INTO `districts` VALUES ('3578190', '3578', 'GENTENG');
INSERT INTO `districts` VALUES ('3578200', '3578', 'TAMBAKSARI');
INSERT INTO `districts` VALUES ('3578210', '3578', 'KENJERAN');
INSERT INTO `districts` VALUES ('3578211', '3578', 'BULAK');
INSERT INTO `districts` VALUES ('3578220', '3578', 'SIMOKERTO');
INSERT INTO `districts` VALUES ('3578230', '3578', 'SEMAMPIR');
INSERT INTO `districts` VALUES ('3578240', '3578', 'PABEAN CANTIAN');
INSERT INTO `districts` VALUES ('3578250', '3578', 'BUBUTAN');
INSERT INTO `districts` VALUES ('3578260', '3578', 'KREMBANGAN');
INSERT INTO `districts` VALUES ('3578270', '3578', 'ASEMROWO');
INSERT INTO `districts` VALUES ('3578280', '3578', 'BENOWO');
INSERT INTO `districts` VALUES ('3578281', '3578', 'PAKAL');
INSERT INTO `districts` VALUES ('3579010', '3579', 'BATU');
INSERT INTO `districts` VALUES ('3579020', '3579', 'JUNREJO');
INSERT INTO `districts` VALUES ('3579030', '3579', 'BUMIAJI');
INSERT INTO `districts` VALUES ('3601010', '3601', 'SUMUR');
INSERT INTO `districts` VALUES ('3601020', '3601', 'CIMANGGU');
INSERT INTO `districts` VALUES ('3601030', '3601', 'CIBALIUNG');
INSERT INTO `districts` VALUES ('3601031', '3601', 'CIBITUNG');
INSERT INTO `districts` VALUES ('3601040', '3601', 'CIKEUSIK');
INSERT INTO `districts` VALUES ('3601050', '3601', 'CIGEULIS');
INSERT INTO `districts` VALUES ('3601060', '3601', 'PANIMBANG');
INSERT INTO `districts` VALUES ('3601061', '3601', 'SOBANG');
INSERT INTO `districts` VALUES ('3601070', '3601', 'MUNJUL');
INSERT INTO `districts` VALUES ('3601071', '3601', 'ANGSANA');
INSERT INTO `districts` VALUES ('3601072', '3601', 'SINDANGRESMI');
INSERT INTO `districts` VALUES ('3601080', '3601', 'PICUNG');
INSERT INTO `districts` VALUES ('3601090', '3601', 'BOJONG');
INSERT INTO `districts` VALUES ('3601100', '3601', 'SAKETI');
INSERT INTO `districts` VALUES ('3601101', '3601', 'CISATA');
INSERT INTO `districts` VALUES ('3601110', '3601', 'PAGELARAN');
INSERT INTO `districts` VALUES ('3601111', '3601', 'PATIA');
INSERT INTO `districts` VALUES ('3601112', '3601', 'SUKARESMI');
INSERT INTO `districts` VALUES ('3601120', '3601', 'LABUAN');
INSERT INTO `districts` VALUES ('3601121', '3601', 'CARITA');
INSERT INTO `districts` VALUES ('3601130', '3601', 'JIPUT');
INSERT INTO `districts` VALUES ('3601131', '3601', 'CIKEDAL');
INSERT INTO `districts` VALUES ('3601140', '3601', 'MENES');
INSERT INTO `districts` VALUES ('3601141', '3601', 'PULOSARI');
INSERT INTO `districts` VALUES ('3601150', '3601', 'MANDALAWANGI');
INSERT INTO `districts` VALUES ('3601160', '3601', 'CIMANUK');
INSERT INTO `districts` VALUES ('3601161', '3601', 'CIPEUCANG');
INSERT INTO `districts` VALUES ('3601170', '3601', 'BANJAR');
INSERT INTO `districts` VALUES ('3601171', '3601', 'KADUHEJO');
INSERT INTO `districts` VALUES ('3601172', '3601', 'MEKARJAYA');
INSERT INTO `districts` VALUES ('3601180', '3601', 'PANDEGLANG');
INSERT INTO `districts` VALUES ('3601181', '3601', 'MAJASARI');
INSERT INTO `districts` VALUES ('3601190', '3601', 'CADASARI');
INSERT INTO `districts` VALUES ('3601191', '3601', 'KARANGTANJUNG');
INSERT INTO `districts` VALUES ('3601192', '3601', 'KORONCONG');
INSERT INTO `districts` VALUES ('3602010', '3602', 'MALINGPING');
INSERT INTO `districts` VALUES ('3602011', '3602', 'WANASALAM');
INSERT INTO `districts` VALUES ('3602020', '3602', 'PANGGARANGAN');
INSERT INTO `districts` VALUES ('3602021', '3602', 'CIHARA');
INSERT INTO `districts` VALUES ('3602030', '3602', 'BAYAH');
INSERT INTO `districts` VALUES ('3602031', '3602', 'CILOGRANG');
INSERT INTO `districts` VALUES ('3602040', '3602', 'CIBEBER');
INSERT INTO `districts` VALUES ('3602050', '3602', 'CIJAKU');
INSERT INTO `districts` VALUES ('3602051', '3602', 'CIGEMBLONG');
INSERT INTO `districts` VALUES ('3602060', '3602', 'BANJARSARI');
INSERT INTO `districts` VALUES ('3602070', '3602', 'CILELES');
INSERT INTO `districts` VALUES ('3602080', '3602', 'GUNUNG KENCANA');
INSERT INTO `districts` VALUES ('3602090', '3602', 'BOJONGMANIK');
INSERT INTO `districts` VALUES ('3602091', '3602', 'CIRINTEN');
INSERT INTO `districts` VALUES ('3602100', '3602', 'LEUWIDAMAR');
INSERT INTO `districts` VALUES ('3602110', '3602', 'MUNCANG');
INSERT INTO `districts` VALUES ('3602111', '3602', 'SOBANG');
INSERT INTO `districts` VALUES ('3602120', '3602', 'CIPANAS');
INSERT INTO `districts` VALUES ('3602121', '3602', 'LEBAKGEDONG');
INSERT INTO `districts` VALUES ('3602130', '3602', 'SAJIRA');
INSERT INTO `districts` VALUES ('3602140', '3602', 'CIMARGA');
INSERT INTO `districts` VALUES ('3602150', '3602', 'CIKULUR');
INSERT INTO `districts` VALUES ('3602160', '3602', 'WARUNGGUNUNG');
INSERT INTO `districts` VALUES ('3602170', '3602', 'CIBADAK');
INSERT INTO `districts` VALUES ('3602180', '3602', 'RANGKASBITUNG');
INSERT INTO `districts` VALUES ('3602181', '3602', 'KALANGANYAR');
INSERT INTO `districts` VALUES ('3602190', '3602', 'MAJA');
INSERT INTO `districts` VALUES ('3602191', '3602', 'CURUGBITUNG');
INSERT INTO `districts` VALUES ('3603010', '3603', 'CISOKA');
INSERT INTO `districts` VALUES ('3603011', '3603', 'SOLEAR');
INSERT INTO `districts` VALUES ('3603020', '3603', 'TIGARAKSA');
INSERT INTO `districts` VALUES ('3603021', '3603', 'JAMBE');
INSERT INTO `districts` VALUES ('3603030', '3603', 'CIKUPA');
INSERT INTO `districts` VALUES ('3603040', '3603', 'PANONGAN');
INSERT INTO `districts` VALUES ('3603050', '3603', 'CURUG');
INSERT INTO `districts` VALUES ('3603051', '3603', 'KELAPA DUA');
INSERT INTO `districts` VALUES ('3603060', '3603', 'LEGOK');
INSERT INTO `districts` VALUES ('3603070', '3603', 'PAGEDANGAN');
INSERT INTO `districts` VALUES ('3603081', '3603', 'CISAUK');
INSERT INTO `districts` VALUES ('3603120', '3603', 'PASARKEMIS');
INSERT INTO `districts` VALUES ('3603121', '3603', 'SINDANG JAYA');
INSERT INTO `districts` VALUES ('3603130', '3603', 'BALARAJA');
INSERT INTO `districts` VALUES ('3603131', '3603', 'JAYANTI');
INSERT INTO `districts` VALUES ('3603132', '3603', 'SUKAMULYA');
INSERT INTO `districts` VALUES ('3603140', '3603', 'KRESEK');
INSERT INTO `districts` VALUES ('3603141', '3603', 'GUNUNG KALER');
INSERT INTO `districts` VALUES ('3603150', '3603', 'KRONJO');
INSERT INTO `districts` VALUES ('3603151', '3603', 'MEKAR BARU');
INSERT INTO `districts` VALUES ('3603160', '3603', 'MAUK');
INSERT INTO `districts` VALUES ('3603161', '3603', 'KEMIRI');
INSERT INTO `districts` VALUES ('3603162', '3603', 'SUKADIRI');
INSERT INTO `districts` VALUES ('3603170', '3603', 'RAJEG');
INSERT INTO `districts` VALUES ('3603180', '3603', 'SEPATAN');
INSERT INTO `districts` VALUES ('3603181', '3603', 'SEPATAN TIMUR');
INSERT INTO `districts` VALUES ('3603190', '3603', 'PAKUHAJI');
INSERT INTO `districts` VALUES ('3603200', '3603', 'TELUKNAGA');
INSERT INTO `districts` VALUES ('3603210', '3603', 'KOSAMBI');
INSERT INTO `districts` VALUES ('3604010', '3604', 'CINANGKA');
INSERT INTO `districts` VALUES ('3604020', '3604', 'PADARINCANG');
INSERT INTO `districts` VALUES ('3604030', '3604', 'CIOMAS');
INSERT INTO `districts` VALUES ('3604040', '3604', 'PABUARAN');
INSERT INTO `districts` VALUES ('3604041', '3604', 'GUNUNG SARI');
INSERT INTO `districts` VALUES ('3604050', '3604', 'BAROS');
INSERT INTO `districts` VALUES ('3604060', '3604', 'PETIR');
INSERT INTO `districts` VALUES ('3604061', '3604', 'TUNJUNG TEJA');
INSERT INTO `districts` VALUES ('3604080', '3604', 'CIKEUSAL');
INSERT INTO `districts` VALUES ('3604090', '3604', 'PAMARAYAN');
INSERT INTO `districts` VALUES ('3604091', '3604', 'BANDUNG');
INSERT INTO `districts` VALUES ('3604100', '3604', 'JAWILAN');
INSERT INTO `districts` VALUES ('3604110', '3604', 'KOPO');
INSERT INTO `districts` VALUES ('3604120', '3604', 'CIKANDE');
INSERT INTO `districts` VALUES ('3604121', '3604', 'KIBIN');
INSERT INTO `districts` VALUES ('3604130', '3604', 'KRAGILAN');
INSERT INTO `districts` VALUES ('3604180', '3604', 'WARINGINKURUNG');
INSERT INTO `districts` VALUES ('3604190', '3604', 'MANCAK');
INSERT INTO `districts` VALUES ('3604200', '3604', 'ANYAR');
INSERT INTO `districts` VALUES ('3604210', '3604', 'BOJONEGARA');
INSERT INTO `districts` VALUES ('3604211', '3604', 'PULO AMPEL');
INSERT INTO `districts` VALUES ('3604220', '3604', 'KRAMATWATU');
INSERT INTO `districts` VALUES ('3604240', '3604', 'CIRUAS');
INSERT INTO `districts` VALUES ('3604250', '3604', 'PONTANG');
INSERT INTO `districts` VALUES ('3604251', '3604', 'LEBAK WANGI');
INSERT INTO `districts` VALUES ('3604260', '3604', 'CARENANG');
INSERT INTO `districts` VALUES ('3604261', '3604', 'BINUANG');
INSERT INTO `districts` VALUES ('3604270', '3604', 'TIRTAYASA');
INSERT INTO `districts` VALUES ('3604271', '3604', 'TANARA');
INSERT INTO `districts` VALUES ('3671010', '3671', 'CILEDUG');
INSERT INTO `districts` VALUES ('3671011', '3671', 'LARANGAN');
INSERT INTO `districts` VALUES ('3671012', '3671', 'KARANG TENGAH');
INSERT INTO `districts` VALUES ('3671020', '3671', 'CIPONDOH');
INSERT INTO `districts` VALUES ('3671021', '3671', 'PINANG');
INSERT INTO `districts` VALUES ('3671030', '3671', 'TANGERANG');
INSERT INTO `districts` VALUES ('3671031', '3671', 'KARAWACI');
INSERT INTO `districts` VALUES ('3671040', '3671', 'JATI UWUNG');
INSERT INTO `districts` VALUES ('3671041', '3671', 'CIBODAS');
INSERT INTO `districts` VALUES ('3671042', '3671', 'PERIUK');
INSERT INTO `districts` VALUES ('3671050', '3671', 'BATUCEPER');
INSERT INTO `districts` VALUES ('3671051', '3671', 'NEGLASARI');
INSERT INTO `districts` VALUES ('3671060', '3671', 'BENDA');
INSERT INTO `districts` VALUES ('3672010', '3672', 'CIWANDAN');
INSERT INTO `districts` VALUES ('3672011', '3672', 'CITANGKIL');
INSERT INTO `districts` VALUES ('3672020', '3672', 'PULOMERAK');
INSERT INTO `districts` VALUES ('3672021', '3672', 'PURWAKARTA');
INSERT INTO `districts` VALUES ('3672022', '3672', 'GROGOL');
INSERT INTO `districts` VALUES ('3672030', '3672', 'CILEGON');
INSERT INTO `districts` VALUES ('3672031', '3672', 'JOMBANG');
INSERT INTO `districts` VALUES ('3672040', '3672', 'CIBEBER');
INSERT INTO `districts` VALUES ('3673010', '3673', 'CURUG');
INSERT INTO `districts` VALUES ('3673020', '3673', 'WALANTAKA');
INSERT INTO `districts` VALUES ('3673030', '3673', 'CIPOCOK JAYA');
INSERT INTO `districts` VALUES ('3673040', '3673', 'SERANG');
INSERT INTO `districts` VALUES ('3673050', '3673', 'TAKTAKAN');
INSERT INTO `districts` VALUES ('3673060', '3673', 'KASEMEN');
INSERT INTO `districts` VALUES ('3674010', '3674', 'SETU');
INSERT INTO `districts` VALUES ('3674020', '3674', 'SERPONG');
INSERT INTO `districts` VALUES ('3674030', '3674', 'PAMULANG');
INSERT INTO `districts` VALUES ('3674040', '3674', 'CIPUTAT');
INSERT INTO `districts` VALUES ('3674050', '3674', 'CIPUTAT TIMUR');
INSERT INTO `districts` VALUES ('3674060', '3674', 'PONDOK AREN');
INSERT INTO `districts` VALUES ('3674070', '3674', 'SERPONG UTARA');
INSERT INTO `districts` VALUES ('5101010', '5101', 'MELAYA');
INSERT INTO `districts` VALUES ('5101020', '5101', 'NEGARA');
INSERT INTO `districts` VALUES ('5101021', '5101', 'JEMBRANA');
INSERT INTO `districts` VALUES ('5101030', '5101', 'MENDOYO');
INSERT INTO `districts` VALUES ('5101040', '5101', 'PEKUTATAN');
INSERT INTO `districts` VALUES ('5102010', '5102', 'SELEMADEG');
INSERT INTO `districts` VALUES ('5102011', '5102', 'SELEMADEG TIMUR');
INSERT INTO `districts` VALUES ('5102012', '5102', 'SELEMADEG BARAT');
INSERT INTO `districts` VALUES ('5102020', '5102', 'KERAMBITAN');
INSERT INTO `districts` VALUES ('5102030', '5102', 'TABANAN');
INSERT INTO `districts` VALUES ('5102040', '5102', 'KEDIRI');
INSERT INTO `districts` VALUES ('5102050', '5102', 'MARGA');
INSERT INTO `districts` VALUES ('5102060', '5102', 'BATURITI');
INSERT INTO `districts` VALUES ('5102070', '5102', 'PENEBEL');
INSERT INTO `districts` VALUES ('5102080', '5102', 'PUPUAN');
INSERT INTO `districts` VALUES ('5103010', '5103', 'KUTA SELATAN');
INSERT INTO `districts` VALUES ('5103020', '5103', 'KUTA');
INSERT INTO `districts` VALUES ('5103030', '5103', 'KUTA UTARA');
INSERT INTO `districts` VALUES ('5103040', '5103', 'MENGWI');
INSERT INTO `districts` VALUES ('5103050', '5103', 'ABIANSEMAL');
INSERT INTO `districts` VALUES ('5103060', '5103', 'PETANG');
INSERT INTO `districts` VALUES ('5104010', '5104', 'SUKAWATI');
INSERT INTO `districts` VALUES ('5104020', '5104', 'BLAHBATUH');
INSERT INTO `districts` VALUES ('5104030', '5104', 'GIANYAR');
INSERT INTO `districts` VALUES ('5104040', '5104', 'TAMPAKSIRING');
INSERT INTO `districts` VALUES ('5104050', '5104', 'UBUD');
INSERT INTO `districts` VALUES ('5104060', '5104', 'TEGALLALANG');
INSERT INTO `districts` VALUES ('5104070', '5104', 'PAYANGAN');
INSERT INTO `districts` VALUES ('5105010', '5105', 'NUSAPENIDA');
INSERT INTO `districts` VALUES ('5105020', '5105', 'BANJARANGKAN');
INSERT INTO `districts` VALUES ('5105030', '5105', 'KLUNGKUNG');
INSERT INTO `districts` VALUES ('5105040', '5105', 'DAWAN');
INSERT INTO `districts` VALUES ('5106010', '5106', 'SUSUT');
INSERT INTO `districts` VALUES ('5106020', '5106', 'BANGLI');
INSERT INTO `districts` VALUES ('5106030', '5106', 'TEMBUKU');
INSERT INTO `districts` VALUES ('5106040', '5106', 'KINTAMANI');
INSERT INTO `districts` VALUES ('5107010', '5107', 'RENDANG');
INSERT INTO `districts` VALUES ('5107020', '5107', 'SIDEMEN');
INSERT INTO `districts` VALUES ('5107030', '5107', 'MANGGIS');
INSERT INTO `districts` VALUES ('5107040', '5107', 'KARANGASEM');
INSERT INTO `districts` VALUES ('5107050', '5107', 'ABANG');
INSERT INTO `districts` VALUES ('5107060', '5107', 'BEBANDEM');
INSERT INTO `districts` VALUES ('5107070', '5107', 'SELAT');
INSERT INTO `districts` VALUES ('5107080', '5107', 'KUBU');
INSERT INTO `districts` VALUES ('5108010', '5108', 'GEROKGAK');
INSERT INTO `districts` VALUES ('5108020', '5108', 'SERIRIT');
INSERT INTO `districts` VALUES ('5108030', '5108', 'BUSUNGBIU');
INSERT INTO `districts` VALUES ('5108040', '5108', 'BANJAR');
INSERT INTO `districts` VALUES ('5108050', '5108', 'SUKASADA');
INSERT INTO `districts` VALUES ('5108060', '5108', 'BULELENG');
INSERT INTO `districts` VALUES ('5108070', '5108', 'SAWAN');
INSERT INTO `districts` VALUES ('5108080', '5108', 'KUBUTAMBAHAN');
INSERT INTO `districts` VALUES ('5108090', '5108', 'TEJAKULA');
INSERT INTO `districts` VALUES ('5171010', '5171', 'DENPASAR SELATAN');
INSERT INTO `districts` VALUES ('5171020', '5171', 'DENPASAR TIMUR');
INSERT INTO `districts` VALUES ('5171030', '5171', 'DENPASAR BARAT');
INSERT INTO `districts` VALUES ('5171031', '5171', 'DENPASAR UTARA');
INSERT INTO `districts` VALUES ('5201010', '5201', 'SEKOTONG');
INSERT INTO `districts` VALUES ('5201011', '5201', 'LEMBAR');
INSERT INTO `districts` VALUES ('5201020', '5201', 'GERUNG');
INSERT INTO `districts` VALUES ('5201030', '5201', 'LABU API');
INSERT INTO `districts` VALUES ('5201040', '5201', 'KEDIRI');
INSERT INTO `districts` VALUES ('5201041', '5201', 'KURIPAN');
INSERT INTO `districts` VALUES ('5201050', '5201', 'NARMADA');
INSERT INTO `districts` VALUES ('5201051', '5201', 'LINGSAR');
INSERT INTO `districts` VALUES ('5201060', '5201', 'GUNUNG SARI');
INSERT INTO `districts` VALUES ('5201061', '5201', 'BATU LAYAR');
INSERT INTO `districts` VALUES ('5202010', '5202', 'PRAYA BARAT');
INSERT INTO `districts` VALUES ('5202011', '5202', 'PRAYA BARAT DAYA');
INSERT INTO `districts` VALUES ('5202020', '5202', 'PUJUT');
INSERT INTO `districts` VALUES ('5202030', '5202', 'PRAYA TIMUR');
INSERT INTO `districts` VALUES ('5202040', '5202', 'JANAPRIA');
INSERT INTO `districts` VALUES ('5202050', '5202', 'KOPANG');
INSERT INTO `districts` VALUES ('5202060', '5202', 'PRAYA');
INSERT INTO `districts` VALUES ('5202061', '5202', 'PRAYA TENGAH');
INSERT INTO `districts` VALUES ('5202070', '5202', 'JONGGAT');
INSERT INTO `districts` VALUES ('5202080', '5202', 'PRINGGARATA');
INSERT INTO `districts` VALUES ('5202090', '5202', 'BATUKLIANG');
INSERT INTO `districts` VALUES ('5202091', '5202', 'BATUKLIANG UTARA');
INSERT INTO `districts` VALUES ('5203010', '5203', 'KERUAK');
INSERT INTO `districts` VALUES ('5203011', '5203', 'JEROWARU');
INSERT INTO `districts` VALUES ('5203020', '5203', 'SAKRA');
INSERT INTO `districts` VALUES ('5203021', '5203', 'SAKRA BARAT');
INSERT INTO `districts` VALUES ('5203022', '5203', 'SAKRA TIMUR');
INSERT INTO `districts` VALUES ('5203030', '5203', 'TERARA');
INSERT INTO `districts` VALUES ('5203031', '5203', 'MONTONG GADING');
INSERT INTO `districts` VALUES ('5203040', '5203', 'SIKUR');
INSERT INTO `districts` VALUES ('5203050', '5203', 'MASBAGIK');
INSERT INTO `districts` VALUES ('5203051', '5203', 'PRINGGASELA');
INSERT INTO `districts` VALUES ('5203060', '5203', 'SUKAMULIA');
INSERT INTO `districts` VALUES ('5203061', '5203', 'SURALAGA');
INSERT INTO `districts` VALUES ('5203070', '5203', 'SELONG');
INSERT INTO `districts` VALUES ('5203071', '5203', 'LABUHAN HAJI');
INSERT INTO `districts` VALUES ('5203080', '5203', 'PRINGGABAYA');
INSERT INTO `districts` VALUES ('5203081', '5203', 'SUELA');
INSERT INTO `districts` VALUES ('5203090', '5203', 'AIKMEL');
INSERT INTO `districts` VALUES ('5203091', '5203', 'WANASABA');
INSERT INTO `districts` VALUES ('5203092', '5203', 'SEMBALUN');
INSERT INTO `districts` VALUES ('5203100', '5203', 'SAMBELIA');
INSERT INTO `districts` VALUES ('5204020', '5204', 'LUNYUK');
INSERT INTO `districts` VALUES ('5204021', '5204', 'ORONG TELU');
INSERT INTO `districts` VALUES ('5204050', '5204', 'ALAS');
INSERT INTO `districts` VALUES ('5204051', '5204', 'ALAS BARAT');
INSERT INTO `districts` VALUES ('5204052', '5204', 'BUER');
INSERT INTO `districts` VALUES ('5204061', '5204', 'UTAN');
INSERT INTO `districts` VALUES ('5204062', '5204', 'RHEE');
INSERT INTO `districts` VALUES ('5204070', '5204', 'BATULANTEH');
INSERT INTO `districts` VALUES ('5204080', '5204', 'SUMBAWA');
INSERT INTO `districts` VALUES ('5204081', '5204', 'LABUHAN BADAS');
INSERT INTO `districts` VALUES ('5204082', '5204', 'UNTER IWES');
INSERT INTO `districts` VALUES ('5204090', '5204', 'MOYOHILIR');
INSERT INTO `districts` VALUES ('5204091', '5204', 'MOYO UTARA');
INSERT INTO `districts` VALUES ('5204100', '5204', 'MOYOHULU');
INSERT INTO `districts` VALUES ('5204110', '5204', 'ROPANG');
INSERT INTO `districts` VALUES ('5204111', '5204', 'LENANGGUAR');
INSERT INTO `districts` VALUES ('5204112', '5204', 'LANTUNG');
INSERT INTO `districts` VALUES ('5204121', '5204', 'LAPE');
INSERT INTO `districts` VALUES ('5204122', '5204', 'LOPOK');
INSERT INTO `districts` VALUES ('5204130', '5204', 'PLAMPANG');
INSERT INTO `districts` VALUES ('5204131', '5204', 'LABANGKA');
INSERT INTO `districts` VALUES ('5204132', '5204', 'MARONGE');
INSERT INTO `districts` VALUES ('5204140', '5204', 'EMPANG');
INSERT INTO `districts` VALUES ('5204141', '5204', 'TARANO');
INSERT INTO `districts` VALUES ('5205010', '5205', 'HU\'U');
INSERT INTO `districts` VALUES ('5205011', '5205', 'PAJO');
INSERT INTO `districts` VALUES ('5205020', '5205', 'DOMPU');
INSERT INTO `districts` VALUES ('5205030', '5205', 'WOJA');
INSERT INTO `districts` VALUES ('5205040', '5205', 'KILO');
INSERT INTO `districts` VALUES ('5205050', '5205', 'KEMPO');
INSERT INTO `districts` VALUES ('5205051', '5205', 'MANGGALEWA');
INSERT INTO `districts` VALUES ('5205060', '5205', 'PEKAT');
INSERT INTO `districts` VALUES ('5206010', '5206', 'MONTA');
INSERT INTO `districts` VALUES ('5206011', '5206', 'PARADO');
INSERT INTO `districts` VALUES ('5206020', '5206', 'BOLO');
INSERT INTO `districts` VALUES ('5206021', '5206', 'MADA PANGGA');
INSERT INTO `districts` VALUES ('5206030', '5206', 'WOHA');
INSERT INTO `districts` VALUES ('5206040', '5206', 'BELO');
INSERT INTO `districts` VALUES ('5206041', '5206', 'PALIBELO');
INSERT INTO `districts` VALUES ('5206050', '5206', 'WAWO');
INSERT INTO `districts` VALUES ('5206051', '5206', 'LANGGUDU');
INSERT INTO `districts` VALUES ('5206052', '5206', 'LAMBITU');
INSERT INTO `districts` VALUES ('5206060', '5206', 'SAPE');
INSERT INTO `districts` VALUES ('5206061', '5206', 'LAMBU');
INSERT INTO `districts` VALUES ('5206070', '5206', 'WERA');
INSERT INTO `districts` VALUES ('5206071', '5206', 'AMBALAWI');
INSERT INTO `districts` VALUES ('5206080', '5206', 'DONGGO');
INSERT INTO `districts` VALUES ('5206081', '5206', 'SOROMANDI');
INSERT INTO `districts` VALUES ('5206090', '5206', 'SANGGAR');
INSERT INTO `districts` VALUES ('5206091', '5206', 'TAMBORA');
INSERT INTO `districts` VALUES ('5207010', '5207', 'SEKONGKANG');
INSERT INTO `districts` VALUES ('5207020', '5207', 'JEREWEH');
INSERT INTO `districts` VALUES ('5207021', '5207', 'MALUK');
INSERT INTO `districts` VALUES ('5207030', '5207', 'TALIWANG');
INSERT INTO `districts` VALUES ('5207031', '5207', 'BRANG ENE');
INSERT INTO `districts` VALUES ('5207040', '5207', 'BRANG REA');
INSERT INTO `districts` VALUES ('5207050', '5207', 'SETELUK');
INSERT INTO `districts` VALUES ('5207051', '5207', 'POTO TANO');
INSERT INTO `districts` VALUES ('5208010', '5208', 'PEMENANG');
INSERT INTO `districts` VALUES ('5208020', '5208', 'TANJUNG');
INSERT INTO `districts` VALUES ('5208030', '5208', 'GANGGA');
INSERT INTO `districts` VALUES ('5208040', '5208', 'KAYANGAN');
INSERT INTO `districts` VALUES ('5208050', '5208', 'BAYAN');
INSERT INTO `districts` VALUES ('5271010', '5271', 'AMPENAN');
INSERT INTO `districts` VALUES ('5271011', '5271', 'SEKARBELA');
INSERT INTO `districts` VALUES ('5271020', '5271', 'MATARAM');
INSERT INTO `districts` VALUES ('5271021', '5271', 'SELAPARANG');
INSERT INTO `districts` VALUES ('5271030', '5271', 'CAKRANEGARA');
INSERT INTO `districts` VALUES ('5271031', '5271', 'SANDUBAYA');
INSERT INTO `districts` VALUES ('5272010', '5272', 'RASANAE BARAT');
INSERT INTO `districts` VALUES ('5272011', '5272', 'MPUNDA');
INSERT INTO `districts` VALUES ('5272020', '5272', 'RASANAE TIMUR');
INSERT INTO `districts` VALUES ('5272021', '5272', 'RABA');
INSERT INTO `districts` VALUES ('5272030', '5272', 'ASAKOTA');
INSERT INTO `districts` VALUES ('5301021', '5301', 'LAMBOYA');
INSERT INTO `districts` VALUES ('5301022', '5301', 'WANOKAKA');
INSERT INTO `districts` VALUES ('5301023', '5301', 'LABOYA BARAT');
INSERT INTO `districts` VALUES ('5301050', '5301', 'LOLI');
INSERT INTO `districts` VALUES ('5301060', '5301', 'KOTA WAIKABUBAK');
INSERT INTO `districts` VALUES ('5301072', '5301', 'TANA RIGHU');
INSERT INTO `districts` VALUES ('5302010', '5302', 'LEWA');
INSERT INTO `districts` VALUES ('5302011', '5302', 'NGGAHA ORIANGU');
INSERT INTO `districts` VALUES ('5302012', '5302', 'LEWA TIDAHU');
INSERT INTO `districts` VALUES ('5302013', '5302', 'KATALA HAMU LINGU');
INSERT INTO `districts` VALUES ('5302020', '5302', 'TABUNDUNG');
INSERT INTO `districts` VALUES ('5302021', '5302', 'PINUPAHAR');
INSERT INTO `districts` VALUES ('5302030', '5302', 'PABERIWAI');
INSERT INTO `districts` VALUES ('5302031', '5302', 'KARERA');
INSERT INTO `districts` VALUES ('5302032', '5302', 'MATAWAI LA PAWU');
INSERT INTO `districts` VALUES ('5302033', '5302', 'KAHAUNGU ETI');
INSERT INTO `districts` VALUES ('5302034', '5302', 'MAHU');
INSERT INTO `districts` VALUES ('5302035', '5302', 'NGADU NGALA');
INSERT INTO `districts` VALUES ('5302040', '5302', 'PAHUNGA LODU');
INSERT INTO `districts` VALUES ('5302041', '5302', 'WULA WAIJELU');
INSERT INTO `districts` VALUES ('5302051', '5302', 'RINDI');
INSERT INTO `districts` VALUES ('5302052', '5302', 'UMALULU');
INSERT INTO `districts` VALUES ('5302060', '5302', 'PANDAWAI');
INSERT INTO `districts` VALUES ('5302061', '5302', 'KAMBATA MAPAMBUHANG');
INSERT INTO `districts` VALUES ('5302070', '5302', 'KOTA WAINGAPU');
INSERT INTO `districts` VALUES ('5302071', '5302', 'KAMBERA');
INSERT INTO `districts` VALUES ('5302080', '5302', 'HAHARU');
INSERT INTO `districts` VALUES ('5302081', '5302', 'KANATANG');
INSERT INTO `districts` VALUES ('5303100', '5303', 'SEMAU');
INSERT INTO `districts` VALUES ('5303101', '5303', 'SEMAU SELATAN');
INSERT INTO `districts` VALUES ('5303110', '5303', 'KUPANG BARAT');
INSERT INTO `districts` VALUES ('5303111', '5303', 'NEKAMESE');
INSERT INTO `districts` VALUES ('5303120', '5303', 'KUPANG TENGAH');
INSERT INTO `districts` VALUES ('5303121', '5303', 'TAEBENU');
INSERT INTO `districts` VALUES ('5303130', '5303', 'AMARASI');
INSERT INTO `districts` VALUES ('5303131', '5303', 'AMARASI BARAT');
INSERT INTO `districts` VALUES ('5303132', '5303', 'AMARASI SELATAN');
INSERT INTO `districts` VALUES ('5303133', '5303', 'AMARASI TIMUR');
INSERT INTO `districts` VALUES ('5303140', '5303', 'KUPANG TIMUR');
INSERT INTO `districts` VALUES ('5303141', '5303', 'AMABI OEFETO TIMUR');
INSERT INTO `districts` VALUES ('5303142', '5303', 'AMABI OEFETO');
INSERT INTO `districts` VALUES ('5303150', '5303', 'SULAMU');
INSERT INTO `districts` VALUES ('5303160', '5303', 'FATULEU');
INSERT INTO `districts` VALUES ('5303161', '5303', 'FATULEU TENGAH');
INSERT INTO `districts` VALUES ('5303162', '5303', 'FATULEU BARAT');
INSERT INTO `districts` VALUES ('5303170', '5303', 'TAKARI');
INSERT INTO `districts` VALUES ('5303180', '5303', 'AMFOANG SELATAN');
INSERT INTO `districts` VALUES ('5303181', '5303', 'AMFOANG BARAT DAYA');
INSERT INTO `districts` VALUES ('5303182', '5303', 'AMFOANG TENGAH');
INSERT INTO `districts` VALUES ('5303190', '5303', 'AMFOANG UTARA');
INSERT INTO `districts` VALUES ('5303191', '5303', 'AMFOANG BARAT LAUT');
INSERT INTO `districts` VALUES ('5303192', '5303', 'AMFOANG TIMUR');
INSERT INTO `districts` VALUES ('5304010', '5304', 'MOLLO UTARA');
INSERT INTO `districts` VALUES ('5304011', '5304', 'FATUMNASI');
INSERT INTO `districts` VALUES ('5304012', '5304', 'TOBU');
INSERT INTO `districts` VALUES ('5304013', '5304', 'NUNBENA');
INSERT INTO `districts` VALUES ('5304020', '5304', 'MOLLO SELATAN');
INSERT INTO `districts` VALUES ('5304021', '5304', 'POLEN');
INSERT INTO `districts` VALUES ('5304022', '5304', 'MOLLO BARAT');
INSERT INTO `districts` VALUES ('5304023', '5304', 'MOLLO TENGAH');
INSERT INTO `districts` VALUES ('5304030', '5304', 'KOTA SOE');
INSERT INTO `districts` VALUES ('5304040', '5304', 'AMANUBAN BARAT');
INSERT INTO `districts` VALUES ('5304041', '5304', 'BATU PUTIH');
INSERT INTO `districts` VALUES ('5304042', '5304', 'KUATNANA');
INSERT INTO `districts` VALUES ('5304050', '5304', 'AMANUBAN SELATAN');
INSERT INTO `districts` VALUES ('5304051', '5304', 'NOEBEBA');
INSERT INTO `districts` VALUES ('5304060', '5304', 'KUAN FATU');
INSERT INTO `districts` VALUES ('5304061', '5304', 'KUALIN');
INSERT INTO `districts` VALUES ('5304070', '5304', 'AMANUBAN TENGAH');
INSERT INTO `districts` VALUES ('5304071', '5304', 'KOLBANO');
INSERT INTO `districts` VALUES ('5304072', '5304', 'OENINO');
INSERT INTO `districts` VALUES ('5304080', '5304', 'AMANUBAN TIMUR');
INSERT INTO `districts` VALUES ('5304081', '5304', 'FAUTMOLO');
INSERT INTO `districts` VALUES ('5304082', '5304', 'FATUKOPA');
INSERT INTO `districts` VALUES ('5304090', '5304', 'KIE');
INSERT INTO `districts` VALUES ('5304091', '5304', 'KOT\'OLIN');
INSERT INTO `districts` VALUES ('5304100', '5304', 'AMANATUN SELATAN');
INSERT INTO `districts` VALUES ('5304101', '5304', 'BOKING');
INSERT INTO `districts` VALUES ('5304102', '5304', 'NUNKOLO');
INSERT INTO `districts` VALUES ('5304103', '5304', 'NOEBANA');
INSERT INTO `districts` VALUES ('5304104', '5304', 'SANTIAN');
INSERT INTO `districts` VALUES ('5304110', '5304', 'AMANATUN UTARA');
INSERT INTO `districts` VALUES ('5304111', '5304', 'TOIANAS');
INSERT INTO `districts` VALUES ('5304112', '5304', 'KOKBAUN');
INSERT INTO `districts` VALUES ('5305010', '5305', 'MIOMAFFO BARAT');
INSERT INTO `districts` VALUES ('5305011', '5305', 'MIOMAFFO TENGAH');
INSERT INTO `districts` VALUES ('5305012', '5305', 'MUSI');
INSERT INTO `districts` VALUES ('5305013', '5305', 'MUTIS');
INSERT INTO `districts` VALUES ('5305020', '5305', 'MIOMAFFO TIMUR');
INSERT INTO `districts` VALUES ('5305021', '5305', 'NOEMUTI');
INSERT INTO `districts` VALUES ('5305022', '5305', 'BIKOMI SELATAN');
INSERT INTO `districts` VALUES ('5305023', '5305', 'BIKOMI TENGAH');
INSERT INTO `districts` VALUES ('5305024', '5305', 'BIKOMI NILULAT');
INSERT INTO `districts` VALUES ('5305025', '5305', 'BIKOMI UTARA');
INSERT INTO `districts` VALUES ('5305026', '5305', 'NAIBENU');
INSERT INTO `districts` VALUES ('5305027', '5305', 'NOEMUTI TIMUR');
INSERT INTO `districts` VALUES ('5305030', '5305', 'KOTA KEFAMENANU');
INSERT INTO `districts` VALUES ('5305040', '5305', 'INSANA');
INSERT INTO `districts` VALUES ('5305041', '5305', 'INSANA UTARA');
INSERT INTO `districts` VALUES ('5305042', '5305', 'INSANA BARAT');
INSERT INTO `districts` VALUES ('5305043', '5305', 'INSANA TENGAH');
INSERT INTO `districts` VALUES ('5305044', '5305', 'INSANA FAFINESU');
INSERT INTO `districts` VALUES ('5305050', '5305', 'BIBOKI SELATAN');
INSERT INTO `districts` VALUES ('5305051', '5305', 'BIBOKI TANPAH');
INSERT INTO `districts` VALUES ('5305052', '5305', 'BIBOKI MOENLEU');
INSERT INTO `districts` VALUES ('5305060', '5305', 'BIBOKI UTARA');
INSERT INTO `districts` VALUES ('5305061', '5305', 'BIBOKI ANLEU');
INSERT INTO `districts` VALUES ('5305062', '5305', 'BIBOKI FEOTLEU');
INSERT INTO `districts` VALUES ('5306032', '5306', 'RAI MANUK');
INSERT INTO `districts` VALUES ('5306050', '5306', 'TASIFETO BARAT');
INSERT INTO `districts` VALUES ('5306051', '5306', 'KAKULUK MESAK');
INSERT INTO `districts` VALUES ('5306052', '5306', 'NANAET DUBESI');
INSERT INTO `districts` VALUES ('5306060', '5306', 'ATAMBUA');
INSERT INTO `districts` VALUES ('5306061', '5306', 'ATAMBUA BARAT');
INSERT INTO `districts` VALUES ('5306062', '5306', 'ATAMBUA SELATAN');
INSERT INTO `districts` VALUES ('5306070', '5306', 'TASIFETO TIMUR');
INSERT INTO `districts` VALUES ('5306071', '5306', 'RAIHAT');
INSERT INTO `districts` VALUES ('5306072', '5306', 'LASIOLAT');
INSERT INTO `districts` VALUES ('5306080', '5306', 'LAMAKNEN');
INSERT INTO `districts` VALUES ('5306081', '5306', 'LAMAKNEN SELATAN');
INSERT INTO `districts` VALUES ('5307010', '5307', 'PANTAR');
INSERT INTO `districts` VALUES ('5307011', '5307', 'PANTAR BARAT');
INSERT INTO `districts` VALUES ('5307012', '5307', 'PANTAR TIMUR');
INSERT INTO `districts` VALUES ('5307013', '5307', 'PANTAR BARAT LAUT');
INSERT INTO `districts` VALUES ('5307014', '5307', 'PANTAR TENGAH');
INSERT INTO `districts` VALUES ('5307020', '5307', 'ALOR BARAT DAYA');
INSERT INTO `districts` VALUES ('5307021', '5307', 'MATARU');
INSERT INTO `districts` VALUES ('5307030', '5307', 'ALOR SELATAN');
INSERT INTO `districts` VALUES ('5307040', '5307', 'ALOR TIMUR');
INSERT INTO `districts` VALUES ('5307041', '5307', 'ALOR TIMUR LAUT');
INSERT INTO `districts` VALUES ('5307042', '5307', 'PUREMAN');
INSERT INTO `districts` VALUES ('5307050', '5307', 'TELUK MUTIARA');
INSERT INTO `districts` VALUES ('5307051', '5307', 'KABOLA');
INSERT INTO `districts` VALUES ('5307060', '5307', 'ALOR BARAT LAUT');
INSERT INTO `districts` VALUES ('5307061', '5307', 'ALOR TENGAH UTARA');
INSERT INTO `districts` VALUES ('5307062', '5307', 'PULAU PURA');
INSERT INTO `districts` VALUES ('5307063', '5307', 'LEMBUR');
INSERT INTO `districts` VALUES ('5308010', '5308', 'NAGAWUTUNG');
INSERT INTO `districts` VALUES ('5308011', '5308', 'WULANDONI');
INSERT INTO `districts` VALUES ('5308020', '5308', 'ATADEI');
INSERT INTO `districts` VALUES ('5308030', '5308', 'ILE APE');
INSERT INTO `districts` VALUES ('5308031', '5308', 'ILE APE TIMUR');
INSERT INTO `districts` VALUES ('5308040', '5308', 'LEBATUKAN');
INSERT INTO `districts` VALUES ('5308050', '5308', 'NUBATUKAN');
INSERT INTO `districts` VALUES ('5308060', '5308', 'OMESURI');
INSERT INTO `districts` VALUES ('5308070', '5308', 'BUYASARI');
INSERT INTO `districts` VALUES ('5309010', '5309', 'WULANGGITANG');
INSERT INTO `districts` VALUES ('5309011', '5309', 'TITEHENA');
INSERT INTO `districts` VALUES ('5309012', '5309', 'ILEBURA');
INSERT INTO `districts` VALUES ('5309020', '5309', 'TANJUNG BUNGA');
INSERT INTO `districts` VALUES ('5309021', '5309', 'LEWO LEMA');
INSERT INTO `districts` VALUES ('5309030', '5309', 'LARANTUKA');
INSERT INTO `districts` VALUES ('5309031', '5309', 'ILE MANDIRI');
INSERT INTO `districts` VALUES ('5309032', '5309', 'DEMON PAGONG');
INSERT INTO `districts` VALUES ('5309040', '5309', 'SOLOR BARAT');
INSERT INTO `districts` VALUES ('5309041', '5309', 'SOLOR SELATAN');
INSERT INTO `districts` VALUES ('5309050', '5309', 'SOLOR TIMUR');
INSERT INTO `districts` VALUES ('5309060', '5309', 'ADONARA BARAT');
INSERT INTO `districts` VALUES ('5309061', '5309', 'WOTAN ULU MADO');
INSERT INTO `districts` VALUES ('5309062', '5309', 'ADONARA TENGAH');
INSERT INTO `districts` VALUES ('5309070', '5309', 'ADONARA TIMUR');
INSERT INTO `districts` VALUES ('5309071', '5309', 'ILE BOLENG');
INSERT INTO `districts` VALUES ('5309072', '5309', 'WITIHAMA');
INSERT INTO `districts` VALUES ('5309073', '5309', 'KELUBAGOLIT');
INSERT INTO `districts` VALUES ('5309074', '5309', 'ADONARA');
INSERT INTO `districts` VALUES ('5310010', '5310', 'PAGA');
INSERT INTO `districts` VALUES ('5310011', '5310', 'MEGO');
INSERT INTO `districts` VALUES ('5310012', '5310', 'TANA WAWO');
INSERT INTO `districts` VALUES ('5310020', '5310', 'LELA');
INSERT INTO `districts` VALUES ('5310030', '5310', 'BOLA');
INSERT INTO `districts` VALUES ('5310031', '5310', 'DORENG');
INSERT INTO `districts` VALUES ('5310032', '5310', 'MAPITARA');
INSERT INTO `districts` VALUES ('5310040', '5310', 'TALIBURA');
INSERT INTO `districts` VALUES ('5310041', '5310', 'WAIGETE');
INSERT INTO `districts` VALUES ('5310042', '5310', 'WAIBLAMA');
INSERT INTO `districts` VALUES ('5310050', '5310', 'KEWAPANTE');
INSERT INTO `districts` VALUES ('5310051', '5310', 'HEWOKLOANG');
INSERT INTO `districts` VALUES ('5310052', '5310', 'KANGAE');
INSERT INTO `districts` VALUES ('5310061', '5310', 'PALUE');
INSERT INTO `districts` VALUES ('5310062', '5310', 'KOTING');
INSERT INTO `districts` VALUES ('5310063', '5310', 'NELLE');
INSERT INTO `districts` VALUES ('5310070', '5310', 'NITA');
INSERT INTO `districts` VALUES ('5310071', '5310', 'MAGEPANDA');
INSERT INTO `districts` VALUES ('5310080', '5310', 'ALOK');
INSERT INTO `districts` VALUES ('5310081', '5310', 'ALOK BARAT');
INSERT INTO `districts` VALUES ('5310082', '5310', 'ALOK TIMUR');
INSERT INTO `districts` VALUES ('5311010', '5311', 'NANGAPANDA');
INSERT INTO `districts` VALUES ('5311011', '5311', 'PULAU ENDE');
INSERT INTO `districts` VALUES ('5311012', '5311', 'MAUKARO');
INSERT INTO `districts` VALUES ('5311020', '5311', 'ENDE');
INSERT INTO `districts` VALUES ('5311030', '5311', 'ENDE SELATAN');
INSERT INTO `districts` VALUES ('5311031', '5311', 'ENDE TIMUR');
INSERT INTO `districts` VALUES ('5311032', '5311', 'ENDE TENGAH');
INSERT INTO `districts` VALUES ('5311033', '5311', 'ENDE UTARA');
INSERT INTO `districts` VALUES ('5311040', '5311', 'NDONA');
INSERT INTO `districts` VALUES ('5311041', '5311', 'NDONA TIMUR');
INSERT INTO `districts` VALUES ('5311050', '5311', 'WOLOWARU');
INSERT INTO `districts` VALUES ('5311051', '5311', 'WOLOJITA');
INSERT INTO `districts` VALUES ('5311052', '5311', 'LIO TIMUR');
INSERT INTO `districts` VALUES ('5311053', '5311', 'KELIMUTU');
INSERT INTO `districts` VALUES ('5311054', '5311', 'NDORI');
INSERT INTO `districts` VALUES ('5311060', '5311', 'MAUROLE');
INSERT INTO `districts` VALUES ('5311061', '5311', 'KOTABARU');
INSERT INTO `districts` VALUES ('5311062', '5311', 'DETUKELI');
INSERT INTO `districts` VALUES ('5311063', '5311', 'LEPEMBUSU KELISOKE');
INSERT INTO `districts` VALUES ('5311070', '5311', 'DETUSOKO');
INSERT INTO `districts` VALUES ('5311071', '5311', 'WEWARIA');
INSERT INTO `districts` VALUES ('5312010', '5312', 'AIMERE');
INSERT INTO `districts` VALUES ('5312011', '5312', 'JEREBUU');
INSERT INTO `districts` VALUES ('5312012', '5312', 'INERIE');
INSERT INTO `districts` VALUES ('5312020', '5312', 'BAJAWA');
INSERT INTO `districts` VALUES ('5312030', '5312', 'GOLEWA');
INSERT INTO `districts` VALUES ('5312031', '5312', 'GOLEWA SELATAN');
INSERT INTO `districts` VALUES ('5312032', '5312', 'GOLEWA BARAT');
INSERT INTO `districts` VALUES ('5312070', '5312', 'BAJAWA UTARA');
INSERT INTO `districts` VALUES ('5312071', '5312', 'SOA');
INSERT INTO `districts` VALUES ('5312080', '5312', 'RIUNG');
INSERT INTO `districts` VALUES ('5312081', '5312', 'RIUNG BARAT');
INSERT INTO `districts` VALUES ('5312082', '5312', 'WOLOMEZE');
INSERT INTO `districts` VALUES ('5313040', '5313', 'SATAR MESE');
INSERT INTO `districts` VALUES ('5313041', '5313', 'SATAR MESE BARAT');
INSERT INTO `districts` VALUES ('5313042', '5313', 'SATAR MESE UTARA');
INSERT INTO `districts` VALUES ('5313110', '5313', 'LANGKE REMBONG');
INSERT INTO `districts` VALUES ('5313120', '5313', 'RUTENG');
INSERT INTO `districts` VALUES ('5313121', '5313', 'WAE RII');
INSERT INTO `districts` VALUES ('5313122', '5313', 'LELAK');
INSERT INTO `districts` VALUES ('5313123', '5313', 'RAHONG UTARA');
INSERT INTO `districts` VALUES ('5313130', '5313', 'CIBAL');
INSERT INTO `districts` VALUES ('5313131', '5313', 'CIBAL BARAT');
INSERT INTO `districts` VALUES ('5313140', '5313', 'REOK');
INSERT INTO `districts` VALUES ('5313141', '5313', 'REOK BARAT');
INSERT INTO `districts` VALUES ('5314010', '5314', 'ROTE BARAT DAYA');
INSERT INTO `districts` VALUES ('5314020', '5314', 'ROTE BARAT LAUT');
INSERT INTO `districts` VALUES ('5314030', '5314', 'LOBALAIN');
INSERT INTO `districts` VALUES ('5314040', '5314', 'ROTE TENGAH');
INSERT INTO `districts` VALUES ('5314041', '5314', 'ROTE SELATAN');
INSERT INTO `districts` VALUES ('5314050', '5314', 'PANTAI BARU');
INSERT INTO `districts` VALUES ('5314060', '5314', 'ROTE TIMUR');
INSERT INTO `districts` VALUES ('5314061', '5314', 'LANDU LEKO');
INSERT INTO `districts` VALUES ('5314070', '5314', 'ROTE BARAT');
INSERT INTO `districts` VALUES ('5314071', '5314', 'NDAO NUSE');
INSERT INTO `districts` VALUES ('5315010', '5315', 'KOMODO');
INSERT INTO `districts` VALUES ('5315011', '5315', 'BOLENG');
INSERT INTO `districts` VALUES ('5315020', '5315', 'SANO NGGOANG');
INSERT INTO `districts` VALUES ('5315021', '5315', 'MBELILING');
INSERT INTO `districts` VALUES ('5315030', '5315', 'LEMBOR');
INSERT INTO `districts` VALUES ('5315031', '5315', 'WELAK');
INSERT INTO `districts` VALUES ('5315032', '5315', 'LEMBOR SELATAN');
INSERT INTO `districts` VALUES ('5315040', '5315', 'KUWUS');
INSERT INTO `districts` VALUES ('5315041', '5315', 'NDOSO');
INSERT INTO `districts` VALUES ('5315050', '5315', 'MACANG PACAR');
INSERT INTO `districts` VALUES ('5316010', '5316', 'KATIKUTANA');
INSERT INTO `districts` VALUES ('5316011', '5316', 'KATIKUTANA SELATAN');
INSERT INTO `districts` VALUES ('5316020', '5316', 'UMBU RATU NGGAY BARAT');
INSERT INTO `districts` VALUES ('5316030', '5316', 'UMBU RATU NGGAY');
INSERT INTO `districts` VALUES ('5316040', '5316', 'MAMBORO');
INSERT INTO `districts` VALUES ('5317010', '5317', 'KODI BANGEDO');
INSERT INTO `districts` VALUES ('5317011', '5317', 'KODI BALAGHAR');
INSERT INTO `districts` VALUES ('5317020', '5317', 'KODI');
INSERT INTO `districts` VALUES ('5317030', '5317', 'KODI UTARA');
INSERT INTO `districts` VALUES ('5317040', '5317', 'WEWEWA SELATAN');
INSERT INTO `districts` VALUES ('5317050', '5317', 'WEWEWA BARAT');
INSERT INTO `districts` VALUES ('5317060', '5317', 'WEWEWA TIMUR');
INSERT INTO `districts` VALUES ('5317061', '5317', 'WEWEWA TENGAH');
INSERT INTO `districts` VALUES ('5317070', '5317', 'WEWEWA UTARA');
INSERT INTO `districts` VALUES ('5317080', '5317', 'LOURA');
INSERT INTO `districts` VALUES ('5317081', '5317', 'KOTA TAMBOLAKA');
INSERT INTO `districts` VALUES ('5318010', '5318', 'MAUPONGGO');
INSERT INTO `districts` VALUES ('5318020', '5318', 'KEO TENGAH');
INSERT INTO `districts` VALUES ('5318030', '5318', 'NANGARORO');
INSERT INTO `districts` VALUES ('5318040', '5318', 'BOAWAE');
INSERT INTO `districts` VALUES ('5318050', '5318', 'AESESA SELATAN');
INSERT INTO `districts` VALUES ('5318060', '5318', 'AESESA');
INSERT INTO `districts` VALUES ('5318070', '5318', 'WOLOWAE');
INSERT INTO `districts` VALUES ('5319010', '5319', 'BORONG');
INSERT INTO `districts` VALUES ('5319011', '5319', 'RANA MESE');
INSERT INTO `districts` VALUES ('5319020', '5319', 'KOTA KOMBA');
INSERT INTO `districts` VALUES ('5319030', '5319', 'ELAR');
INSERT INTO `districts` VALUES ('5319031', '5319', 'ELAR SELATAN');
INSERT INTO `districts` VALUES ('5319040', '5319', 'SAMBI RAMPAS');
INSERT INTO `districts` VALUES ('5319050', '5319', 'POCO RANAKA');
INSERT INTO `districts` VALUES ('5319051', '5319', 'POCO RANAKA TIMUR');
INSERT INTO `districts` VALUES ('5319060', '5319', 'LAMBA LEDA');
INSERT INTO `districts` VALUES ('5320010', '5320', 'RAIJUA');
INSERT INTO `districts` VALUES ('5320020', '5320', 'HAWU MEHARA');
INSERT INTO `districts` VALUES ('5320030', '5320', 'SABU LIAE');
INSERT INTO `districts` VALUES ('5320040', '5320', 'SABU BARAT');
INSERT INTO `districts` VALUES ('5320050', '5320', 'SABU TENGAH');
INSERT INTO `districts` VALUES ('5320060', '5320', 'SABU TIMUR');
INSERT INTO `districts` VALUES ('5321010', '5321', 'WEWIKU');
INSERT INTO `districts` VALUES ('5321020', '5321', 'MALAKA BARAT');
INSERT INTO `districts` VALUES ('5321030', '5321', 'WELIMAN');
INSERT INTO `districts` VALUES ('5321040', '5321', 'RINHAT');
INSERT INTO `districts` VALUES ('5321050', '5321', 'IO KUFEU');
INSERT INTO `districts` VALUES ('5321060', '5321', 'SASITA MEAN');
INSERT INTO `districts` VALUES ('5321070', '5321', 'MALAKA TENGAH');
INSERT INTO `districts` VALUES ('5321080', '5321', 'BOTIN LEOBELE');
INSERT INTO `districts` VALUES ('5321090', '5321', 'LAEN MANEN');
INSERT INTO `districts` VALUES ('5321100', '5321', 'MALAKA TIMUR');
INSERT INTO `districts` VALUES ('5321110', '5321', 'KOBALIMA');
INSERT INTO `districts` VALUES ('5321120', '5321', 'KOBALIMA TIMUR');
INSERT INTO `districts` VALUES ('5371010', '5371', 'ALAK');
INSERT INTO `districts` VALUES ('5371020', '5371', 'MAULAFA');
INSERT INTO `districts` VALUES ('5371030', '5371', 'OEBOBO');
INSERT INTO `districts` VALUES ('5371031', '5371', 'KOTA RAJA');
INSERT INTO `districts` VALUES ('5371040', '5371', 'KELAPA LIMA');
INSERT INTO `districts` VALUES ('5371041', '5371', 'KOTA LAMA');
INSERT INTO `districts` VALUES ('6101010', '6101', 'SELAKAU');
INSERT INTO `districts` VALUES ('6101011', '6101', 'SELAKAU TIMUR');
INSERT INTO `districts` VALUES ('6101020', '6101', 'PEMANGKAT');
INSERT INTO `districts` VALUES ('6101021', '6101', 'SEMPARUK');
INSERT INTO `districts` VALUES ('6101022', '6101', 'SALATIGA');
INSERT INTO `districts` VALUES ('6101030', '6101', 'TEBAS');
INSERT INTO `districts` VALUES ('6101031', '6101', 'TEKARANG');
INSERT INTO `districts` VALUES ('6101040', '6101', 'SAMBAS');
INSERT INTO `districts` VALUES ('6101041', '6101', 'SUBAH');
INSERT INTO `districts` VALUES ('6101042', '6101', 'SEBAWI');
INSERT INTO `districts` VALUES ('6101043', '6101', 'SAJAD');
INSERT INTO `districts` VALUES ('6101050', '6101', 'JAWAI');
INSERT INTO `districts` VALUES ('6101051', '6101', 'JAWAI SELATAN');
INSERT INTO `districts` VALUES ('6101060', '6101', 'TELUK KERAMAT');
INSERT INTO `districts` VALUES ('6101061', '6101', 'GALING');
INSERT INTO `districts` VALUES ('6101062', '6101', 'TANGARAN');
INSERT INTO `districts` VALUES ('6101070', '6101', 'SEJANGKUNG');
INSERT INTO `districts` VALUES ('6101080', '6101', 'SAJINGAN BESAR');
INSERT INTO `districts` VALUES ('6101090', '6101', 'PALOH');
INSERT INTO `districts` VALUES ('6102010', '6102', 'SUNGAI RAYA');
INSERT INTO `districts` VALUES ('6102011', '6102', 'CAPKALA');
INSERT INTO `districts` VALUES ('6102012', '6102', 'SUNGAI RAYA KEPULAUAN');
INSERT INTO `districts` VALUES ('6102030', '6102', 'SAMALANTAN');
INSERT INTO `districts` VALUES ('6102031', '6102', 'MONTERADO');
INSERT INTO `districts` VALUES ('6102032', '6102', 'LEMBAH BAWANG');
INSERT INTO `districts` VALUES ('6102040', '6102', 'BENGKAYANG');
INSERT INTO `districts` VALUES ('6102041', '6102', 'TERIAK');
INSERT INTO `districts` VALUES ('6102042', '6102', 'SUNGAI BETUNG');
INSERT INTO `districts` VALUES ('6102050', '6102', 'LEDO');
INSERT INTO `districts` VALUES ('6102051', '6102', 'SUTI SEMARANG');
INSERT INTO `districts` VALUES ('6102052', '6102', 'LUMAR');
INSERT INTO `districts` VALUES ('6102060', '6102', 'SANGGAU LEDO');
INSERT INTO `districts` VALUES ('6102061', '6102', 'TUJUHBELAS');
INSERT INTO `districts` VALUES ('6102070', '6102', 'SELUAS');
INSERT INTO `districts` VALUES ('6102080', '6102', 'JAGOI BABANG');
INSERT INTO `districts` VALUES ('6102081', '6102', 'SIDING');
INSERT INTO `districts` VALUES ('6103020', '6103', 'SEBANGKI');
INSERT INTO `districts` VALUES ('6103030', '6103', 'NGABANG');
INSERT INTO `districts` VALUES ('6103031', '6103', 'JELIMPO');
INSERT INTO `districts` VALUES ('6103040', '6103', 'SENGAH TEMILA');
INSERT INTO `districts` VALUES ('6103050', '6103', 'MANDOR');
INSERT INTO `districts` VALUES ('6103060', '6103', 'MENJALIN');
INSERT INTO `districts` VALUES ('6103070', '6103', 'MEMPAWAH HULU');
INSERT INTO `districts` VALUES ('6103071', '6103', 'SOMPAK');
INSERT INTO `districts` VALUES ('6103080', '6103', 'MENYUKE');
INSERT INTO `districts` VALUES ('6103081', '6103', 'BANYUKE HULU');
INSERT INTO `districts` VALUES ('6103090', '6103', 'MERANTI');
INSERT INTO `districts` VALUES ('6103100', '6103', 'KUALA BEHE');
INSERT INTO `districts` VALUES ('6103110', '6103', 'AIR BESAR');
INSERT INTO `districts` VALUES ('6104080', '6104', 'SIANTAN');
INSERT INTO `districts` VALUES ('6104081', '6104', 'SEGEDONG');
INSERT INTO `districts` VALUES ('6104090', '6104', 'SUNGAI PINYUH');
INSERT INTO `districts` VALUES ('6104091', '6104', 'ANJONGAN');
INSERT INTO `districts` VALUES ('6104100', '6104', 'MEMPAWAH HILIR');
INSERT INTO `districts` VALUES ('6104101', '6104', 'MEMPAWAH TIMUR');
INSERT INTO `districts` VALUES ('6104110', '6104', 'SUNGAI KUNYIT');
INSERT INTO `districts` VALUES ('6104120', '6104', 'TOHO');
INSERT INTO `districts` VALUES ('6104121', '6104', 'SADANIANG');
INSERT INTO `districts` VALUES ('6105010', '6105', 'TOBA');
INSERT INTO `districts` VALUES ('6105020', '6105', 'MELIAU');
INSERT INTO `districts` VALUES ('6105060', '6105', 'KAPUAS');
INSERT INTO `districts` VALUES ('6105070', '6105', 'MUKOK');
INSERT INTO `districts` VALUES ('6105120', '6105', 'JANGKANG');
INSERT INTO `districts` VALUES ('6105130', '6105', 'BONTI');
INSERT INTO `districts` VALUES ('6105140', '6105', 'PARINDU');
INSERT INTO `districts` VALUES ('6105150', '6105', 'TAYAN HILIR');
INSERT INTO `districts` VALUES ('6105160', '6105', 'BALAI');
INSERT INTO `districts` VALUES ('6105170', '6105', 'TAYAN HULU');
INSERT INTO `districts` VALUES ('6105180', '6105', 'KEMBAYAN');
INSERT INTO `districts` VALUES ('6105190', '6105', 'BEDUWAI');
INSERT INTO `districts` VALUES ('6105200', '6105', 'NOYAN');
INSERT INTO `districts` VALUES ('6105210', '6105', 'SEKAYAM');
INSERT INTO `districts` VALUES ('6105220', '6105', 'ENTIKONG');
INSERT INTO `districts` VALUES ('6106010', '6106', 'KENDAWANGAN');
INSERT INTO `districts` VALUES ('6106020', '6106', 'MANIS MATA');
INSERT INTO `districts` VALUES ('6106030', '6106', 'MARAU');
INSERT INTO `districts` VALUES ('6106031', '6106', 'SINGKUP');
INSERT INTO `districts` VALUES ('6106032', '6106', 'AIR UPAS');
INSERT INTO `districts` VALUES ('6106040', '6106', 'JELAI HULU');
INSERT INTO `districts` VALUES ('6106050', '6106', 'TUMBANG TITI');
INSERT INTO `districts` VALUES ('6106051', '6106', 'PEMAHAN');
INSERT INTO `districts` VALUES ('6106052', '6106', 'SUNGAI MELAYU RAYAK');
INSERT INTO `districts` VALUES ('6106060', '6106', 'MATAN HILIR SELATAN');
INSERT INTO `districts` VALUES ('6106061', '6106', 'BENUA KAYONG');
INSERT INTO `districts` VALUES ('6106070', '6106', 'MATAN HILIR UTARA');
INSERT INTO `districts` VALUES ('6106071', '6106', 'DELTA PAWAN');
INSERT INTO `districts` VALUES ('6106072', '6106', 'MUARA PAWAN');
INSERT INTO `districts` VALUES ('6106090', '6106', 'NANGA TAYAP');
INSERT INTO `districts` VALUES ('6106100', '6106', 'SANDAI');
INSERT INTO `districts` VALUES ('6106101', '6106', 'HULU SUNGAI');
INSERT INTO `districts` VALUES ('6106110', '6106', 'SUNGAI LAUR');
INSERT INTO `districts` VALUES ('6106120', '6106', 'SIMPANG HULU');
INSERT INTO `districts` VALUES ('6106121', '6106', 'SIMPANG DUA');
INSERT INTO `districts` VALUES ('6107060', '6107', 'SERAWAI');
INSERT INTO `districts` VALUES ('6107070', '6107', 'AMBALAU');
INSERT INTO `districts` VALUES ('6107080', '6107', 'KAYAN HULU');
INSERT INTO `districts` VALUES ('6107110', '6107', 'SEPAUK');
INSERT INTO `districts` VALUES ('6107120', '6107', 'TEMPUNAK');
INSERT INTO `districts` VALUES ('6107130', '6107', 'SUNGAI TEBELIAN');
INSERT INTO `districts` VALUES ('6107140', '6107', 'SINTANG');
INSERT INTO `districts` VALUES ('6107150', '6107', 'DEDAI');
INSERT INTO `districts` VALUES ('6107160', '6107', 'KAYAN HILIR');
INSERT INTO `districts` VALUES ('6107170', '6107', 'KELAM PERMAI');
INSERT INTO `districts` VALUES ('6107180', '6107', 'BINJAI HULU');
INSERT INTO `districts` VALUES ('6107190', '6107', 'KETUNGAU HILIR');
INSERT INTO `districts` VALUES ('6107200', '6107', 'KETUNGAU TENGAH');
INSERT INTO `districts` VALUES ('6107210', '6107', 'KETUNGAU HULU');
INSERT INTO `districts` VALUES ('6108010', '6108', 'SILAT HILIR');
INSERT INTO `districts` VALUES ('6108020', '6108', 'SILAT HULU');
INSERT INTO `districts` VALUES ('6108030', '6108', 'HULU GURUNG');
INSERT INTO `districts` VALUES ('6108040', '6108', 'BUNUT HULU');
INSERT INTO `districts` VALUES ('6108050', '6108', 'MENTEBAH');
INSERT INTO `districts` VALUES ('6108060', '6108', 'BIKA');
INSERT INTO `districts` VALUES ('6108070', '6108', 'KALIS');
INSERT INTO `districts` VALUES ('6108080', '6108', 'PUTUSSIBAU SELATAN');
INSERT INTO `districts` VALUES ('6108090', '6108', 'EMBALOH HILIR');
INSERT INTO `districts` VALUES ('6108100', '6108', 'BUNUT HILIR');
INSERT INTO `districts` VALUES ('6108110', '6108', 'BOYAN TANJUNG');
INSERT INTO `districts` VALUES ('6108120', '6108', 'PENGKADAN');
INSERT INTO `districts` VALUES ('6108130', '6108', 'JONGKONG');
INSERT INTO `districts` VALUES ('6108140', '6108', 'SELIMBAU');
INSERT INTO `districts` VALUES ('6108150', '6108', 'SUHAID');
INSERT INTO `districts` VALUES ('6108160', '6108', 'SEBERUANG');
INSERT INTO `districts` VALUES ('6108170', '6108', 'SEMITAU');
INSERT INTO `districts` VALUES ('6108180', '6108', 'EMPANANG');
INSERT INTO `districts` VALUES ('6108190', '6108', 'PURING KENCANA');
INSERT INTO `districts` VALUES ('6108200', '6108', 'BADAU');
INSERT INTO `districts` VALUES ('6108210', '6108', 'BATANG LUPAR');
INSERT INTO `districts` VALUES ('6108220', '6108', 'EMBALOH HULU');
INSERT INTO `districts` VALUES ('6108230', '6108', 'PUTUSSIBAU UTARA');
INSERT INTO `districts` VALUES ('6109010', '6109', 'NANGA MAHAP');
INSERT INTO `districts` VALUES ('6109020', '6109', 'NANGA TAMAN');
INSERT INTO `districts` VALUES ('6109030', '6109', 'SEKADAU HULU');
INSERT INTO `districts` VALUES ('6109040', '6109', 'SEKADAU HILIR');
INSERT INTO `districts` VALUES ('6109050', '6109', 'BELITANG HILIR');
INSERT INTO `districts` VALUES ('6109060', '6109', 'BELITANG');
INSERT INTO `districts` VALUES ('6109070', '6109', 'BELITANG HULU');
INSERT INTO `districts` VALUES ('6110010', '6110', 'SOKAN');
INSERT INTO `districts` VALUES ('6110020', '6110', 'TANAH PINOH');
INSERT INTO `districts` VALUES ('6110021', '6110', 'TANAH PINOH BARAT');
INSERT INTO `districts` VALUES ('6110030', '6110', 'SAYAN');
INSERT INTO `districts` VALUES ('6110040', '6110', 'BELIMBING');
INSERT INTO `districts` VALUES ('6110041', '6110', 'BELIMBING HULU');
INSERT INTO `districts` VALUES ('6110050', '6110', 'NANGA PINOH');
INSERT INTO `districts` VALUES ('6110051', '6110', 'PINOH SELATAN');
INSERT INTO `districts` VALUES ('6110052', '6110', 'PINOH UTARA');
INSERT INTO `districts` VALUES ('6110060', '6110', 'ELLA HILIR');
INSERT INTO `districts` VALUES ('6110070', '6110', 'MENUKUNG');
INSERT INTO `districts` VALUES ('6111010', '6111', 'PULAU MAYA');
INSERT INTO `districts` VALUES ('6111011', '6111', 'KEPULAUAN KARIMATA');
INSERT INTO `districts` VALUES ('6111020', '6111', 'SUKADANA');
INSERT INTO `districts` VALUES ('6111030', '6111', 'SIMPANG HILIR');
INSERT INTO `districts` VALUES ('6111040', '6111', 'TELUK BATANG');
INSERT INTO `districts` VALUES ('6111050', '6111', 'SEPONTI');
INSERT INTO `districts` VALUES ('6112010', '6112', 'BATU AMPAR');
INSERT INTO `districts` VALUES ('6112020', '6112', 'TERENTANG');
INSERT INTO `districts` VALUES ('6112030', '6112', 'KUBU');
INSERT INTO `districts` VALUES ('6112040', '6112', 'TELOK PA\'KEDAI');
INSERT INTO `districts` VALUES ('6112050', '6112', 'SUNGAI KAKAP');
INSERT INTO `districts` VALUES ('6112060', '6112', 'RASAU JAYA');
INSERT INTO `districts` VALUES ('6112070', '6112', 'SUNGAI RAYA');
INSERT INTO `districts` VALUES ('6112080', '6112', 'SUNGAI AMBAWANG');
INSERT INTO `districts` VALUES ('6112090', '6112', 'KUALA MANDOR-B');
INSERT INTO `districts` VALUES ('6171010', '6171', 'PONTIANAK SELATAN');
INSERT INTO `districts` VALUES ('6171011', '6171', 'PONTIANAK TENGGARA');
INSERT INTO `districts` VALUES ('6171020', '6171', 'PONTIANAK TIMUR');
INSERT INTO `districts` VALUES ('6171030', '6171', 'PONTIANAK BARAT');
INSERT INTO `districts` VALUES ('6171031', '6171', 'PONTIANAK KOTA');
INSERT INTO `districts` VALUES ('6171040', '6171', 'PONTIANAK UTARA');
INSERT INTO `districts` VALUES ('6172010', '6172', 'SINGKAWANG SELATAN');
INSERT INTO `districts` VALUES ('6172020', '6172', 'SINGKAWANG TIMUR');
INSERT INTO `districts` VALUES ('6172030', '6172', 'SINGKAWANG UTARA');
INSERT INTO `districts` VALUES ('6172040', '6172', 'SINGKAWANG BARAT');
INSERT INTO `districts` VALUES ('6172050', '6172', 'SINGKAWANG TENGAH');
INSERT INTO `districts` VALUES ('6201040', '6201', 'KOTAWARINGIN LAMA');
INSERT INTO `districts` VALUES ('6201050', '6201', 'ARUT SELATAN');
INSERT INTO `districts` VALUES ('6201060', '6201', 'KUMAI');
INSERT INTO `districts` VALUES ('6201061', '6201', 'PANGKALAN BANTENG');
INSERT INTO `districts` VALUES ('6201062', '6201', 'PANGKALAN LADA');
INSERT INTO `districts` VALUES ('6201070', '6201', 'ARUT UTARA');
INSERT INTO `districts` VALUES ('6202020', '6202', 'MENTAYA HILIR SELATAN');
INSERT INTO `districts` VALUES ('6202021', '6202', 'TELUK SAMPIT');
INSERT INTO `districts` VALUES ('6202050', '6202', 'PULAU HANAUT');
INSERT INTO `districts` VALUES ('6202060', '6202', 'MENTAWA BARU/KETAPANG');
INSERT INTO `districts` VALUES ('6202061', '6202', 'SERANAU');
INSERT INTO `districts` VALUES ('6202070', '6202', 'MENTAYA HILIR UTARA');
INSERT INTO `districts` VALUES ('6202110', '6202', 'KOTA BESI');
INSERT INTO `districts` VALUES ('6202111', '6202', 'TELAWANG');
INSERT INTO `districts` VALUES ('6202120', '6202', 'BAAMANG');
INSERT INTO `districts` VALUES ('6202190', '6202', 'CEMPAGA');
INSERT INTO `districts` VALUES ('6202191', '6202', 'CEMPAGA HULU');
INSERT INTO `districts` VALUES ('6202200', '6202', 'PARENGGEAN');
INSERT INTO `districts` VALUES ('6202201', '6202', 'TUALAN HULU');
INSERT INTO `districts` VALUES ('6202210', '6202', 'MENTAYA HULU');
INSERT INTO `districts` VALUES ('6202211', '6202', 'BUKIT SANTUAI');
INSERT INTO `districts` VALUES ('6202230', '6202', 'ANTANG KALANG');
INSERT INTO `districts` VALUES ('6202231', '6202', 'TELAGA ANTANG');
INSERT INTO `districts` VALUES ('6203020', '6203', 'KAPUAS KUALA');
INSERT INTO `districts` VALUES ('6203021', '6203', 'TAMBAN CATUR');
INSERT INTO `districts` VALUES ('6203030', '6203', 'KAPUAS TIMUR');
INSERT INTO `districts` VALUES ('6203040', '6203', 'SELAT');
INSERT INTO `districts` VALUES ('6203041', '6203', 'BATAGUH');
INSERT INTO `districts` VALUES ('6203070', '6203', 'BASARANG');
INSERT INTO `districts` VALUES ('6203080', '6203', 'KAPUAS HILIR');
INSERT INTO `districts` VALUES ('6203090', '6203', 'PULAU PETAK');
INSERT INTO `districts` VALUES ('6203100', '6203', 'KAPUAS MURUNG');
INSERT INTO `districts` VALUES ('6203101', '6203', 'DADAHUP');
INSERT INTO `districts` VALUES ('6203110', '6203', 'KAPUAS BARAT');
INSERT INTO `districts` VALUES ('6203150', '6203', 'MANTANGAI');
INSERT INTO `districts` VALUES ('6203160', '6203', 'TIMPAH');
INSERT INTO `districts` VALUES ('6203170', '6203', 'KAPUAS TENGAH');
INSERT INTO `districts` VALUES ('6203171', '6203', 'PASAK TALAWANG');
INSERT INTO `districts` VALUES ('6203180', '6203', 'KAPUAS HULU');
INSERT INTO `districts` VALUES ('6203181', '6203', 'MANDAU TALAWANG');
INSERT INTO `districts` VALUES ('6204010', '6204', 'JENAMAS');
INSERT INTO `districts` VALUES ('6204020', '6204', 'DUSUN HILIR');
INSERT INTO `districts` VALUES ('6204030', '6204', 'KARAU KUALA');
INSERT INTO `districts` VALUES ('6204040', '6204', 'DUSUN SELATAN');
INSERT INTO `districts` VALUES ('6204050', '6204', 'DUSUN UTARA');
INSERT INTO `districts` VALUES ('6204060', '6204', 'GUNUNG BINTANG AWAI');
INSERT INTO `districts` VALUES ('6205010', '6205', 'MONTALLAT');
INSERT INTO `districts` VALUES ('6205020', '6205', 'GUNUNG TIMANG');
INSERT INTO `districts` VALUES ('6205030', '6205', 'GUNUNG PUREI');
INSERT INTO `districts` VALUES ('6205040', '6205', 'TEWEH TIMUR');
INSERT INTO `districts` VALUES ('6205050', '6205', 'TEWEH TENGAH');
INSERT INTO `districts` VALUES ('6205051', '6205', 'TEWEH  BARU');
INSERT INTO `districts` VALUES ('6205052', '6205', 'TEWEH SELATAN');
INSERT INTO `districts` VALUES ('6205060', '6205', 'LAHEI');
INSERT INTO `districts` VALUES ('6205061', '6205', 'LAHEI BARAT');
INSERT INTO `districts` VALUES ('6206010', '6206', 'JELAI');
INSERT INTO `districts` VALUES ('6206011', '6206', 'PANTAI LUNCI');
INSERT INTO `districts` VALUES ('6206020', '6206', 'SUKAMARA');
INSERT INTO `districts` VALUES ('6206030', '6206', 'BALAI RIAM');
INSERT INTO `districts` VALUES ('6206031', '6206', 'PERMATA KECUBUNG');
INSERT INTO `districts` VALUES ('6207010', '6207', 'BULIK');
INSERT INTO `districts` VALUES ('6207011', '6207', 'SEMATU JAYA');
INSERT INTO `districts` VALUES ('6207012', '6207', 'MENTHOBI RAYA');
INSERT INTO `districts` VALUES ('6207013', '6207', 'BULIK TIMUR');
INSERT INTO `districts` VALUES ('6207020', '6207', 'LAMANDAU');
INSERT INTO `districts` VALUES ('6207021', '6207', 'BELANTIKAN RAYA');
INSERT INTO `districts` VALUES ('6207030', '6207', 'DELANG');
INSERT INTO `districts` VALUES ('6207031', '6207', 'BATANGKAWA');
INSERT INTO `districts` VALUES ('6208010', '6208', 'SERUYAN HILIR');
INSERT INTO `districts` VALUES ('6208011', '6208', 'SERUYAN HILIR TIMUR');
INSERT INTO `districts` VALUES ('6208020', '6208', 'DANAU SEMBULUH');
INSERT INTO `districts` VALUES ('6208021', '6208', 'SERUYAN RAYA');
INSERT INTO `districts` VALUES ('6208030', '6208', 'HANAU');
INSERT INTO `districts` VALUES ('6208031', '6208', 'DANAU SELULUK');
INSERT INTO `districts` VALUES ('6208040', '6208', 'SERUYAN TENGAH');
INSERT INTO `districts` VALUES ('6208041', '6208', 'BATU AMPAR');
INSERT INTO `districts` VALUES ('6208050', '6208', 'SERUYAN HULU');
INSERT INTO `districts` VALUES ('6208051', '6208', 'SULING TAMBUN');
INSERT INTO `districts` VALUES ('6209010', '6209', 'KATINGAN KUALA');
INSERT INTO `districts` VALUES ('6209020', '6209', 'MENDAWAI');
INSERT INTO `districts` VALUES ('6209030', '6209', 'KAMIPANG');
INSERT INTO `districts` VALUES ('6209040', '6209', 'TASIK PAYAWAN');
INSERT INTO `districts` VALUES ('6209050', '6209', 'KATINGAN HILIR');
INSERT INTO `districts` VALUES ('6209060', '6209', 'TEWANG SANGALANG GARING');
INSERT INTO `districts` VALUES ('6209070', '6209', 'PULAU MALAN');
INSERT INTO `districts` VALUES ('6209080', '6209', 'KATINGAN TENGAH');
INSERT INTO `districts` VALUES ('6209090', '6209', 'SANAMAN MANTIKEI');
INSERT INTO `districts` VALUES ('6209091', '6209', 'PETAK MALAI');
INSERT INTO `districts` VALUES ('6209100', '6209', 'MARIKIT');
INSERT INTO `districts` VALUES ('6209110', '6209', 'KATINGAN HULU');
INSERT INTO `districts` VALUES ('6209111', '6209', 'BUKIT RAYA');
INSERT INTO `districts` VALUES ('6210010', '6210', 'KAHAYAN KUALA');
INSERT INTO `districts` VALUES ('6210011', '6210', 'SEBANGAU KUALA');
INSERT INTO `districts` VALUES ('6210020', '6210', 'PANDIH BATU');
INSERT INTO `districts` VALUES ('6210030', '6210', 'MALIKU');
INSERT INTO `districts` VALUES ('6210040', '6210', 'KAHAYAN HILIR');
INSERT INTO `districts` VALUES ('6210041', '6210', 'JABIREN RAYA');
INSERT INTO `districts` VALUES ('6210050', '6210', 'KAHAYAN TENGAH');
INSERT INTO `districts` VALUES ('6210060', '6210', 'BANAMA TINGANG');
INSERT INTO `districts` VALUES ('6211010', '6211', 'MANUHING');
INSERT INTO `districts` VALUES ('6211011', '6211', 'MANUHING RAYA');
INSERT INTO `districts` VALUES ('6211020', '6211', 'RUNGAN');
INSERT INTO `districts` VALUES ('6211021', '6211', 'RUNGAN HULU');
INSERT INTO `districts` VALUES ('6211022', '6211', 'RUNGAN BARAT');
INSERT INTO `districts` VALUES ('6211030', '6211', 'SEPANG');
INSERT INTO `districts` VALUES ('6211031', '6211', 'MIHING RAYA');
INSERT INTO `districts` VALUES ('6211040', '6211', 'KURUN');
INSERT INTO `districts` VALUES ('6211050', '6211', 'TEWAH');
INSERT INTO `districts` VALUES ('6211060', '6211', 'KAHAYAN HULU UTARA');
INSERT INTO `districts` VALUES ('6211061', '6211', 'DAMANG BATU');
INSERT INTO `districts` VALUES ('6211062', '6211', 'MIRI MANASA');
INSERT INTO `districts` VALUES ('6212010', '6212', 'BENUA LIMA');
INSERT INTO `districts` VALUES ('6212020', '6212', 'DUSUN TIMUR');
INSERT INTO `districts` VALUES ('6212021', '6212', 'PAJU EPAT');
INSERT INTO `districts` VALUES ('6212030', '6212', 'AWANG');
INSERT INTO `districts` VALUES ('6212040', '6212', 'PATANGKEP TUTUI');
INSERT INTO `districts` VALUES ('6212050', '6212', 'DUSUN TENGAH');
INSERT INTO `districts` VALUES ('6212051', '6212', 'RAREN BATUAH');
INSERT INTO `districts` VALUES ('6212052', '6212', 'PAKU');
INSERT INTO `districts` VALUES ('6212053', '6212', 'KARUSEN JANANG');
INSERT INTO `districts` VALUES ('6212060', '6212', 'PEMATANG KARAU');
INSERT INTO `districts` VALUES ('6213010', '6213', 'PERMATA INTAN');
INSERT INTO `districts` VALUES ('6213011', '6213', 'SUNGAI BABUAT');
INSERT INTO `districts` VALUES ('6213020', '6213', 'MURUNG');
INSERT INTO `districts` VALUES ('6213030', '6213', 'LAUNG TUHUP');
INSERT INTO `districts` VALUES ('6213031', '6213', 'BARITO TUHUP RAYA');
INSERT INTO `districts` VALUES ('6213040', '6213', 'TANAH SIANG');
INSERT INTO `districts` VALUES ('6213041', '6213', 'TANAH SIANG SELATAN');
INSERT INTO `districts` VALUES ('6213050', '6213', 'SUMBER BARITO');
INSERT INTO `districts` VALUES ('6213051', '6213', 'SERIBU RIAM');
INSERT INTO `districts` VALUES ('6213052', '6213', 'UUT MURUNG');
INSERT INTO `districts` VALUES ('6271010', '6271', 'PAHANDUT');
INSERT INTO `districts` VALUES ('6271011', '6271', 'SABANGAU');
INSERT INTO `districts` VALUES ('6271012', '6271', 'JEKAN RAYA');
INSERT INTO `districts` VALUES ('6271020', '6271', 'BUKIT BATU');
INSERT INTO `districts` VALUES ('6271021', '6271', 'RAKUMPIT');
INSERT INTO `districts` VALUES ('6301010', '6301', 'PANYIPATAN');
INSERT INTO `districts` VALUES ('6301020', '6301', 'TAKISUNG');
INSERT INTO `districts` VALUES ('6301030', '6301', 'KURAU');
INSERT INTO `districts` VALUES ('6301031', '6301', 'BUMI MAKMUR');
INSERT INTO `districts` VALUES ('6301040', '6301', 'BATI - BATI');
INSERT INTO `districts` VALUES ('6301050', '6301', 'TAMBANG ULANG');
INSERT INTO `districts` VALUES ('6301060', '6301', 'PELAIHARI');
INSERT INTO `districts` VALUES ('6301061', '6301', 'BAJUIN');
INSERT INTO `districts` VALUES ('6301070', '6301', 'BATU AMPAR');
INSERT INTO `districts` VALUES ('6301080', '6301', 'JORONG');
INSERT INTO `districts` VALUES ('6301090', '6301', 'KINTAP');
INSERT INTO `districts` VALUES ('6302010', '6302', 'PULAU SEMBILAN');
INSERT INTO `districts` VALUES ('6302020', '6302', 'PULAU LAUT BARAT');
INSERT INTO `districts` VALUES ('6302021', '6302', 'PULAU LAUT TANJUNG SELAYAR');
INSERT INTO `districts` VALUES ('6302030', '6302', 'PULAU LAUT SELATAN');
INSERT INTO `districts` VALUES ('6302031', '6302', 'PULAU LAUT KEPULAUAN');
INSERT INTO `districts` VALUES ('6302040', '6302', 'PULAU LAUT TIMUR');
INSERT INTO `districts` VALUES ('6302050', '6302', 'PULAU SEBUKU');
INSERT INTO `districts` VALUES ('6302060', '6302', 'PULAU LAUT UTARA');
INSERT INTO `districts` VALUES ('6302061', '6302', 'PULAU LAUT TENGAH');
INSERT INTO `districts` VALUES ('6302120', '6302', 'KELUMPANG SELATAN');
INSERT INTO `districts` VALUES ('6302121', '6302', 'KELUMPANG HILIR');
INSERT INTO `districts` VALUES ('6302130', '6302', 'KELUMPANG HULU');
INSERT INTO `districts` VALUES ('6302140', '6302', 'HAMPANG');
INSERT INTO `districts` VALUES ('6302150', '6302', 'SUNGAI DURIAN');
INSERT INTO `districts` VALUES ('6302160', '6302', 'KELUMPANG TENGAH');
INSERT INTO `districts` VALUES ('6302161', '6302', 'KELUMPANG BARAT');
INSERT INTO `districts` VALUES ('6302170', '6302', 'KELUMPANG UTARA');
INSERT INTO `districts` VALUES ('6302180', '6302', 'PAMUKAN SELATAN');
INSERT INTO `districts` VALUES ('6302190', '6302', 'SAMPANAHAN');
INSERT INTO `districts` VALUES ('6302200', '6302', 'PAMUKAN UTARA');
INSERT INTO `districts` VALUES ('6302201', '6302', 'PAMUKAN BARAT');
INSERT INTO `districts` VALUES ('6303010', '6303', 'ALUH - ALUH');
INSERT INTO `districts` VALUES ('6303011', '6303', 'BERUNTUNG BARU');
INSERT INTO `districts` VALUES ('6303020', '6303', 'GAMBUT');
INSERT INTO `districts` VALUES ('6303030', '6303', 'KERTAK HANYAR');
INSERT INTO `districts` VALUES ('6303031', '6303', 'TATAH MAKMUR');
INSERT INTO `districts` VALUES ('6303040', '6303', 'SUNGAI TABUK');
INSERT INTO `districts` VALUES ('6303050', '6303', 'MARTAPURA');
INSERT INTO `districts` VALUES ('6303051', '6303', 'MARTAPURA TIMUR');
INSERT INTO `districts` VALUES ('6303052', '6303', 'MARTAPURA BARAT');
INSERT INTO `districts` VALUES ('6303060', '6303', 'ASTAMBUL');
INSERT INTO `districts` VALUES ('6303070', '6303', 'KARANG INTAN');
INSERT INTO `districts` VALUES ('6303080', '6303', 'ARANIO');
INSERT INTO `districts` VALUES ('6303090', '6303', 'SUNGAI PINANG');
INSERT INTO `districts` VALUES ('6303091', '6303', 'PARAMASAN');
INSERT INTO `districts` VALUES ('6303100', '6303', 'PENGARON');
INSERT INTO `districts` VALUES ('6303101', '6303', 'SAMBUNG MAKMUR');
INSERT INTO `districts` VALUES ('6303110', '6303', 'MATARAMAN');
INSERT INTO `districts` VALUES ('6303120', '6303', 'SIMPANG EMPAT');
INSERT INTO `districts` VALUES ('6303121', '6303', 'TELAGA BAUNTUNG');
INSERT INTO `districts` VALUES ('6304010', '6304', 'TABUNGANEN');
INSERT INTO `districts` VALUES ('6304020', '6304', 'TAMBAN');
INSERT INTO `districts` VALUES ('6304030', '6304', 'MEKAR SARI');
INSERT INTO `districts` VALUES ('6304040', '6304', 'ANJIR PASAR');
INSERT INTO `districts` VALUES ('6304050', '6304', 'ANJIR MUARA');
INSERT INTO `districts` VALUES ('6304060', '6304', 'ALALAK');
INSERT INTO `districts` VALUES ('6304070', '6304', 'MANDASTANA');
INSERT INTO `districts` VALUES ('6304071', '6304', 'JEJANGKIT');
INSERT INTO `districts` VALUES ('6304080', '6304', 'BELAWANG');
INSERT INTO `districts` VALUES ('6304090', '6304', 'WANARAYA');
INSERT INTO `districts` VALUES ('6304100', '6304', 'BARAMBAI');
INSERT INTO `districts` VALUES ('6304110', '6304', 'RANTAU BADAUH');
INSERT INTO `districts` VALUES ('6304120', '6304', 'CERBON');
INSERT INTO `districts` VALUES ('6304130', '6304', 'BAKUMPAI');
INSERT INTO `districts` VALUES ('6304140', '6304', 'MARABAHAN');
INSERT INTO `districts` VALUES ('6304150', '6304', 'TABUKAN');
INSERT INTO `districts` VALUES ('6304160', '6304', 'KURIPAN');
INSERT INTO `districts` VALUES ('6305010', '6305', 'BINUANG');
INSERT INTO `districts` VALUES ('6305011', '6305', 'HATUNGUN');
INSERT INTO `districts` VALUES ('6305020', '6305', 'TAPIN SELATAN');
INSERT INTO `districts` VALUES ('6305021', '6305', 'SALAM BABARIS');
INSERT INTO `districts` VALUES ('6305030', '6305', 'TAPIN TENGAH');
INSERT INTO `districts` VALUES ('6305040', '6305', 'BUNGUR');
INSERT INTO `districts` VALUES ('6305050', '6305', 'PIANI');
INSERT INTO `districts` VALUES ('6305060', '6305', 'LOKPAIKAT');
INSERT INTO `districts` VALUES ('6305070', '6305', 'TAPIN UTARA');
INSERT INTO `districts` VALUES ('6305080', '6305', 'BAKARANGAN');
INSERT INTO `districts` VALUES ('6305090', '6305', 'CANDI LARAS SELATAN');
INSERT INTO `districts` VALUES ('6305100', '6305', 'CANDI LARAS UTARA');
INSERT INTO `districts` VALUES ('6306010', '6306', 'PADANG BATUNG');
INSERT INTO `districts` VALUES ('6306020', '6306', 'LOKSADO');
INSERT INTO `districts` VALUES ('6306030', '6306', 'TELAGA LANGSAT');
INSERT INTO `districts` VALUES ('6306040', '6306', 'ANGKINANG');
INSERT INTO `districts` VALUES ('6306050', '6306', 'KANDANGAN');
INSERT INTO `districts` VALUES ('6306060', '6306', 'SUNGAI RAYA');
INSERT INTO `districts` VALUES ('6306070', '6306', 'SIMPUR');
INSERT INTO `districts` VALUES ('6306080', '6306', 'KALUMPANG');
INSERT INTO `districts` VALUES ('6306090', '6306', 'DAHA SELATAN');
INSERT INTO `districts` VALUES ('6306091', '6306', 'DAHA BARAT');
INSERT INTO `districts` VALUES ('6306100', '6306', 'DAHA UTARA');
INSERT INTO `districts` VALUES ('6307010', '6307', 'HARUYAN');
INSERT INTO `districts` VALUES ('6307020', '6307', 'BATU BENAWA');
INSERT INTO `districts` VALUES ('6307030', '6307', 'HANTAKAN');
INSERT INTO `districts` VALUES ('6307040', '6307', 'BATANG ALAI SELATAN');
INSERT INTO `districts` VALUES ('6307041', '6307', 'BATANG ALAI TIMUR');
INSERT INTO `districts` VALUES ('6307050', '6307', 'BARABAI');
INSERT INTO `districts` VALUES ('6307060', '6307', 'LABUAN AMAS SELATAN');
INSERT INTO `districts` VALUES ('6307070', '6307', 'LABUAN AMAS UTARA');
INSERT INTO `districts` VALUES ('6307080', '6307', 'PANDAWAN');
INSERT INTO `districts` VALUES ('6307090', '6307', 'BATANG ALAI UTARA');
INSERT INTO `districts` VALUES ('6307091', '6307', 'LIMPASU');
INSERT INTO `districts` VALUES ('6308010', '6308', 'DANAU PANGGANG');
INSERT INTO `districts` VALUES ('6308011', '6308', 'PAMINGGIR');
INSERT INTO `districts` VALUES ('6308020', '6308', 'BABIRIK');
INSERT INTO `districts` VALUES ('6308030', '6308', 'SUNGAI PANDAN');
INSERT INTO `districts` VALUES ('6308031', '6308', 'SUNGAI TABUKAN');
INSERT INTO `districts` VALUES ('6308040', '6308', 'AMUNTAI SELATAN');
INSERT INTO `districts` VALUES ('6308050', '6308', 'AMUNTAI TENGAH');
INSERT INTO `districts` VALUES ('6308060', '6308', 'BANJANG');
INSERT INTO `districts` VALUES ('6308070', '6308', 'AMUNTAI UTARA');
INSERT INTO `districts` VALUES ('6308071', '6308', 'HAUR GADING');
INSERT INTO `districts` VALUES ('6309010', '6309', 'BANUA LAWAS');
INSERT INTO `districts` VALUES ('6309020', '6309', 'PUGAAN');
INSERT INTO `districts` VALUES ('6309030', '6309', 'KELUA');
INSERT INTO `districts` VALUES ('6309040', '6309', 'MUARA HARUS');
INSERT INTO `districts` VALUES ('6309050', '6309', 'TANTA');
INSERT INTO `districts` VALUES ('6309060', '6309', 'TANJUNG');
INSERT INTO `districts` VALUES ('6309070', '6309', 'MURUNG PUDAK');
INSERT INTO `districts` VALUES ('6309080', '6309', 'HARUAI');
INSERT INTO `districts` VALUES ('6309081', '6309', 'BINTANG ARA');
INSERT INTO `districts` VALUES ('6309090', '6309', 'UPAU');
INSERT INTO `districts` VALUES ('6309100', '6309', 'MUARA UYA');
INSERT INTO `districts` VALUES ('6309110', '6309', 'JARO');
INSERT INTO `districts` VALUES ('6310010', '6310', 'KUSAN HILIR');
INSERT INTO `districts` VALUES ('6310020', '6310', 'SUNGAI LOBAN');
INSERT INTO `districts` VALUES ('6310030', '6310', 'SATUI');
INSERT INTO `districts` VALUES ('6310031', '6310', 'ANGSANA');
INSERT INTO `districts` VALUES ('6310040', '6310', 'KUSAN HULU');
INSERT INTO `districts` VALUES ('6310041', '6310', 'KURANJI');
INSERT INTO `districts` VALUES ('6310050', '6310', 'BATU LICIN');
INSERT INTO `districts` VALUES ('6310051', '6310', 'KARANG BINTANG');
INSERT INTO `districts` VALUES ('6310052', '6310', 'SIMPANG EMPAT');
INSERT INTO `districts` VALUES ('6310053', '6310', 'MANTEWE');
INSERT INTO `districts` VALUES ('6311010', '6311', 'LAMPIHONG');
INSERT INTO `districts` VALUES ('6311020', '6311', 'BATU MANDI');
INSERT INTO `districts` VALUES ('6311030', '6311', 'AWAYAN');
INSERT INTO `districts` VALUES ('6311031', '6311', 'TEBING TINGGI');
INSERT INTO `districts` VALUES ('6311040', '6311', 'PARINGIN');
INSERT INTO `districts` VALUES ('6311041', '6311', 'PARINGIN SELATAN');
INSERT INTO `districts` VALUES ('6311050', '6311', 'JUAI');
INSERT INTO `districts` VALUES ('6311060', '6311', 'HALONG');
INSERT INTO `districts` VALUES ('6371010', '6371', 'BANJARMASIN SELATAN');
INSERT INTO `districts` VALUES ('6371020', '6371', 'BANJARMASIN TIMUR');
INSERT INTO `districts` VALUES ('6371030', '6371', 'BANJARMASIN BARAT');
INSERT INTO `districts` VALUES ('6371031', '6371', 'BANJARMASIN TENGAH');
INSERT INTO `districts` VALUES ('6371040', '6371', 'BANJARMASIN UTARA');
INSERT INTO `districts` VALUES ('6372010', '6372', 'LANDASAN ULIN');
INSERT INTO `districts` VALUES ('6372011', '6372', 'LIANG ANGGANG');
INSERT INTO `districts` VALUES ('6372020', '6372', 'CEMPAKA');
INSERT INTO `districts` VALUES ('6372031', '6372', 'BANJAR BARU UTARA');
INSERT INTO `districts` VALUES ('6372032', '6372', 'BANJAR BARU SELATAN');
INSERT INTO `districts` VALUES ('6401010', '6401', 'BATU SOPANG');
INSERT INTO `districts` VALUES ('6401011', '6401', 'MUARA SAMU');
INSERT INTO `districts` VALUES ('6401021', '6401', 'BATU ENGAU');
INSERT INTO `districts` VALUES ('6401022', '6401', 'TANJUNG HARAPAN');
INSERT INTO `districts` VALUES ('6401030', '6401', 'PASIR BELENGKONG');
INSERT INTO `districts` VALUES ('6401040', '6401', 'TANAH GROGOT');
INSERT INTO `districts` VALUES ('6401050', '6401', 'KUARO');
INSERT INTO `districts` VALUES ('6401060', '6401', 'LONG IKIS');
INSERT INTO `districts` VALUES ('6401070', '6401', 'MUARA KOMAM');
INSERT INTO `districts` VALUES ('6401080', '6401', 'LONG KALI');
INSERT INTO `districts` VALUES ('6402010', '6402', 'BONGAN');
INSERT INTO `districts` VALUES ('6402020', '6402', 'JEMPANG');
INSERT INTO `districts` VALUES ('6402030', '6402', 'PENYINGGAHAN');
INSERT INTO `districts` VALUES ('6402040', '6402', 'MUARA PAHU');
INSERT INTO `districts` VALUES ('6402041', '6402', 'SILUQ NGURAI');
INSERT INTO `districts` VALUES ('6402050', '6402', 'MUARA LAWA');
INSERT INTO `districts` VALUES ('6402051', '6402', 'BENTIAN BESAR');
INSERT INTO `districts` VALUES ('6402060', '6402', 'DAMAI');
INSERT INTO `districts` VALUES ('6402061', '6402', 'NYUATAN');
INSERT INTO `districts` VALUES ('6402070', '6402', 'BARONG TONGKOK');
INSERT INTO `districts` VALUES ('6402071', '6402', 'LINGGANG BIGUNG');
INSERT INTO `districts` VALUES ('6402080', '6402', 'MELAK');
INSERT INTO `districts` VALUES ('6402081', '6402', 'SEKOLAQ DARAT');
INSERT INTO `districts` VALUES ('6402082', '6402', 'MANOR BULATN');
INSERT INTO `districts` VALUES ('6402090', '6402', 'LONG IRAM');
INSERT INTO `districts` VALUES ('6402091', '6402', 'TERING');
INSERT INTO `districts` VALUES ('6403010', '6403', 'SEMBOJA');
INSERT INTO `districts` VALUES ('6403020', '6403', 'MUARA JAWA');
INSERT INTO `districts` VALUES ('6403030', '6403', 'SANGA-SANGA');
INSERT INTO `districts` VALUES ('6403040', '6403', 'LOA JANAN');
INSERT INTO `districts` VALUES ('6403050', '6403', 'LOA KULU');
INSERT INTO `districts` VALUES ('6403060', '6403', 'MUARA MUNTAI');
INSERT INTO `districts` VALUES ('6403070', '6403', 'MUARA WIS');
INSERT INTO `districts` VALUES ('6403080', '6403', 'KOTABANGUN');
INSERT INTO `districts` VALUES ('6403090', '6403', 'TENGGARONG');
INSERT INTO `districts` VALUES ('6403100', '6403', 'SEBULU');
INSERT INTO `districts` VALUES ('6403110', '6403', 'TENGGARONG SEBERANG');
INSERT INTO `districts` VALUES ('6403120', '6403', 'ANGGANA');
INSERT INTO `districts` VALUES ('6403130', '6403', 'MUARA BADAK');
INSERT INTO `districts` VALUES ('6403140', '6403', 'MARANG KAYU');
INSERT INTO `districts` VALUES ('6403150', '6403', 'MUARA KAMAN');
INSERT INTO `districts` VALUES ('6403160', '6403', 'KENOHAN');
INSERT INTO `districts` VALUES ('6403170', '6403', 'KEMBANG JANGGUT');
INSERT INTO `districts` VALUES ('6403180', '6403', 'TABANG');
INSERT INTO `districts` VALUES ('6404010', '6404', 'MUARA ANCALONG');
INSERT INTO `districts` VALUES ('6404011', '6404', 'BUSANG');
INSERT INTO `districts` VALUES ('6404012', '6404', 'LONG MESANGAT');
INSERT INTO `districts` VALUES ('6404020', '6404', 'MUARA WAHAU');
INSERT INTO `districts` VALUES ('6404021', '6404', 'TELEN');
INSERT INTO `districts` VALUES ('6404022', '6404', 'KONGBENG');
INSERT INTO `districts` VALUES ('6404030', '6404', 'MUARA BENGKAL');
INSERT INTO `districts` VALUES ('6404031', '6404', 'BATU AMPAR');
INSERT INTO `districts` VALUES ('6404040', '6404', 'SANGATTA UTARA');
INSERT INTO `districts` VALUES ('6404041', '6404', 'BENGALON');
INSERT INTO `districts` VALUES ('6404042', '6404', 'TELUK PANDAN');
INSERT INTO `districts` VALUES ('6404043', '6404', 'SANGATTA SELATAN');
INSERT INTO `districts` VALUES ('6404044', '6404', 'RANTAU PULUNG');
INSERT INTO `districts` VALUES ('6404050', '6404', 'SANGKULIRANG');
INSERT INTO `districts` VALUES ('6404051', '6404', 'KALIORANG');
INSERT INTO `districts` VALUES ('6404052', '6404', 'SANDARAN');
INSERT INTO `districts` VALUES ('6404053', '6404', 'KAUBUN');
INSERT INTO `districts` VALUES ('6404054', '6404', 'KARANGAN');
INSERT INTO `districts` VALUES ('6405010', '6405', 'KELAY');
INSERT INTO `districts` VALUES ('6405020', '6405', 'TALISAYAN');
INSERT INTO `districts` VALUES ('6405021', '6405', 'TABALAR');
INSERT INTO `districts` VALUES ('6405030', '6405', 'BIDUK BIDUK');
INSERT INTO `districts` VALUES ('6405040', '6405', 'PULAU DERAWAN');
INSERT INTO `districts` VALUES ('6405041', '6405', 'MARATUA');
INSERT INTO `districts` VALUES ('6405050', '6405', 'SAMBALIUNG');
INSERT INTO `districts` VALUES ('6405060', '6405', 'TANJUNG REDEB');
INSERT INTO `districts` VALUES ('6405070', '6405', 'GUNUNG TABUR');
INSERT INTO `districts` VALUES ('6405080', '6405', 'SEGAH');
INSERT INTO `districts` VALUES ('6405090', '6405', 'TELUK BAYUR');
INSERT INTO `districts` VALUES ('6405100', '6405', 'BATU PUTIH');
INSERT INTO `districts` VALUES ('6405110', '6405', 'BIATAN');
INSERT INTO `districts` VALUES ('6409010', '6409', 'BABULU');
INSERT INTO `districts` VALUES ('6409020', '6409', 'WARU');
INSERT INTO `districts` VALUES ('6409030', '6409', 'PENAJAM');
INSERT INTO `districts` VALUES ('6409040', '6409', 'SEPAKU');
INSERT INTO `districts` VALUES ('6411010', '6411', 'LAHAM');
INSERT INTO `districts` VALUES ('6411020', '6411', 'LONG HUBUNG');
INSERT INTO `districts` VALUES ('6411030', '6411', 'LONG BAGUN');
INSERT INTO `districts` VALUES ('6411040', '6411', 'LONG PAHANGAI');
INSERT INTO `districts` VALUES ('6411050', '6411', 'LONG APARI');
INSERT INTO `districts` VALUES ('6471010', '6471', 'BALIKPAPAN SELATAN');
INSERT INTO `districts` VALUES ('6471011', '6471', 'BALIKPAPAN KOTA');
INSERT INTO `districts` VALUES ('6471020', '6471', 'BALIKPAPAN TIMUR');
INSERT INTO `districts` VALUES ('6471030', '6471', 'BALIKPAPAN UTARA');
INSERT INTO `districts` VALUES ('6471040', '6471', 'BALIKPAPAN TENGAH');
INSERT INTO `districts` VALUES ('6471050', '6471', 'BALIKPAPAN BARAT');
INSERT INTO `districts` VALUES ('6472010', '6472', 'PALARAN');
INSERT INTO `districts` VALUES ('6472020', '6472', 'SAMARINDA ILIR');
INSERT INTO `districts` VALUES ('6472021', '6472', 'SAMARINDA KOTA');
INSERT INTO `districts` VALUES ('6472022', '6472', 'SAMBUTAN');
INSERT INTO `districts` VALUES ('6472030', '6472', 'SAMARINDA SEBERANG');
INSERT INTO `districts` VALUES ('6472031', '6472', 'LOA JANAN ILIR');
INSERT INTO `districts` VALUES ('6472040', '6472', 'SUNGAI KUNJANG');
INSERT INTO `districts` VALUES ('6472050', '6472', 'SAMARINDA ULU');
INSERT INTO `districts` VALUES ('6472060', '6472', 'SAMARINDA UTARA');
INSERT INTO `districts` VALUES ('6472061', '6472', 'SUNGAI PINANG');
INSERT INTO `districts` VALUES ('6474010', '6474', 'BONTANG SELATAN');
INSERT INTO `districts` VALUES ('6474020', '6474', 'BONTANG UTARA');
INSERT INTO `districts` VALUES ('6474030', '6474', 'BONTANG BARAT');
INSERT INTO `districts` VALUES ('6501010', '6501', 'SUNGAI BOH');
INSERT INTO `districts` VALUES ('6501020', '6501', 'KAYAN SELATAN');
INSERT INTO `districts` VALUES ('6501030', '6501', 'KAYAN HULU');
INSERT INTO `districts` VALUES ('6501040', '6501', 'KAYAN HILIR');
INSERT INTO `districts` VALUES ('6501050', '6501', 'PUJUNGAN');
INSERT INTO `districts` VALUES ('6501060', '6501', 'BAHAU HULU');
INSERT INTO `districts` VALUES ('6501070', '6501', 'SUNGAI TUBU');
INSERT INTO `districts` VALUES ('6501080', '6501', 'MALINAU SELATAN HULU');
INSERT INTO `districts` VALUES ('6501090', '6501', 'MALINAU SELATAN');
INSERT INTO `districts` VALUES ('6501100', '6501', 'MALINAU SELATAN HILIR');
INSERT INTO `districts` VALUES ('6501110', '6501', 'MENTARANG');
INSERT INTO `districts` VALUES ('6501120', '6501', 'MENTARANG HULU');
INSERT INTO `districts` VALUES ('6501130', '6501', 'MALINAU UTARA');
INSERT INTO `districts` VALUES ('6501140', '6501', 'MALINAU BARAT');
INSERT INTO `districts` VALUES ('6501150', '6501', 'MALINAU KOTA');
INSERT INTO `districts` VALUES ('6502010', '6502', 'PESO');
INSERT INTO `districts` VALUES ('6502020', '6502', 'PESO HILIR');
INSERT INTO `districts` VALUES ('6502030', '6502', 'TANJUNG PALAS BARAT');
INSERT INTO `districts` VALUES ('6502040', '6502', 'TANJUNG PALAS');
INSERT INTO `districts` VALUES ('6502050', '6502', 'TANJUNG SELOR');
INSERT INTO `districts` VALUES ('6502060', '6502', 'TANJUNG PALAS TIMUR');
INSERT INTO `districts` VALUES ('6502070', '6502', 'TANJUNG PALAS TENGAH');
INSERT INTO `districts` VALUES ('6502080', '6502', 'TANJUNG PALAS UTARA');
INSERT INTO `districts` VALUES ('6502090', '6502', 'SEKATAK');
INSERT INTO `districts` VALUES ('6502100', '6502', 'BUNYU');
INSERT INTO `districts` VALUES ('6503010', '6503', 'MURUK RIAN');
INSERT INTO `districts` VALUES ('6503020', '6503', 'SESAYAP');
INSERT INTO `districts` VALUES ('6503030', '6503', 'BETAYAU');
INSERT INTO `districts` VALUES ('6503040', '6503', 'SESAYAP HILIR');
INSERT INTO `districts` VALUES ('6503050', '6503', 'TANA LIA');
INSERT INTO `districts` VALUES ('6504010', '6504', 'KRAYAN SELATAN');
INSERT INTO `districts` VALUES ('6504020', '6504', 'KRAYAN');
INSERT INTO `districts` VALUES ('6504030', '6504', 'LUMBIS OGONG');
INSERT INTO `districts` VALUES ('6504040', '6504', 'LUMBIS');
INSERT INTO `districts` VALUES ('6504050', '6504', 'SEMBAKUNG ATULAI');
INSERT INTO `districts` VALUES ('6504060', '6504', 'SEMBAKUNG');
INSERT INTO `districts` VALUES ('6504070', '6504', 'SEBUKU');
INSERT INTO `districts` VALUES ('6504080', '6504', 'TULIN ONSOI');
INSERT INTO `districts` VALUES ('6504090', '6504', 'SEI MENGGARIS');
INSERT INTO `districts` VALUES ('6504100', '6504', 'NUNUKAN');
INSERT INTO `districts` VALUES ('6504110', '6504', 'NUNUKAN SELATAN');
INSERT INTO `districts` VALUES ('6504120', '6504', 'SEBATIK BARAT');
INSERT INTO `districts` VALUES ('6504130', '6504', 'SEBATIK');
INSERT INTO `districts` VALUES ('6504140', '6504', 'SEBATIK TIMUR');
INSERT INTO `districts` VALUES ('6504150', '6504', 'SEBATIK TENGAH');
INSERT INTO `districts` VALUES ('6504160', '6504', 'SEBATIK UTARA');
INSERT INTO `districts` VALUES ('6571010', '6571', 'TARAKAN TIMUR');
INSERT INTO `districts` VALUES ('6571020', '6571', 'TARAKAN TENGAH');
INSERT INTO `districts` VALUES ('6571030', '6571', 'TARAKAN BARAT');
INSERT INTO `districts` VALUES ('6571040', '6571', 'TARAKAN UTARA');
INSERT INTO `districts` VALUES ('7101021', '7101', 'DUMOGA BARAT');
INSERT INTO `districts` VALUES ('7101022', '7101', 'DUMOGA UTARA');
INSERT INTO `districts` VALUES ('7101023', '7101', 'DUMOGA TIMUR');
INSERT INTO `districts` VALUES ('7101024', '7101', 'DUMOGA TENGAH');
INSERT INTO `districts` VALUES ('7101025', '7101', 'DUMOGA TENGGARA');
INSERT INTO `districts` VALUES ('7101026', '7101', 'DUMOGA');
INSERT INTO `districts` VALUES ('7101060', '7101', 'LOLAYAN');
INSERT INTO `districts` VALUES ('7101081', '7101', 'PASSI BARAT');
INSERT INTO `districts` VALUES ('7101082', '7101', 'PASSI TIMUR');
INSERT INTO `districts` VALUES ('7101083', '7101', 'BILALANG');
INSERT INTO `districts` VALUES ('7101090', '7101', 'POIGAR');
INSERT INTO `districts` VALUES ('7101100', '7101', 'BOLAANG');
INSERT INTO `districts` VALUES ('7101101', '7101', 'BOLAANG TIMUR');
INSERT INTO `districts` VALUES ('7101110', '7101', 'LOLAK');
INSERT INTO `districts` VALUES ('7101120', '7101', 'SANGTOMBOLANG');
INSERT INTO `districts` VALUES ('7102091', '7102', 'LANGOWAN TIMUR');
INSERT INTO `districts` VALUES ('7102092', '7102', 'LANGOWAN BARAT');
INSERT INTO `districts` VALUES ('7102093', '7102', 'LANGOWAN SELATAN');
INSERT INTO `districts` VALUES ('7102094', '7102', 'LANGOWAN UTARA');
INSERT INTO `districts` VALUES ('7102110', '7102', 'TOMPASO');
INSERT INTO `districts` VALUES ('7102111', '7102', 'TOMPASO BARAT');
INSERT INTO `districts` VALUES ('7102120', '7102', 'KAWANGKOAN');
INSERT INTO `districts` VALUES ('7102121', '7102', 'KAWANGKOAN BARAT');
INSERT INTO `districts` VALUES ('7102122', '7102', 'KAWANGKOAN UTARA');
INSERT INTO `districts` VALUES ('7102130', '7102', 'SONDER');
INSERT INTO `districts` VALUES ('7102160', '7102', 'TOMBARIRI');
INSERT INTO `districts` VALUES ('7102161', '7102', 'TOMBARIRI TIMUR');
INSERT INTO `districts` VALUES ('7102170', '7102', 'PINELENG');
INSERT INTO `districts` VALUES ('7102171', '7102', 'TOMBULU');
INSERT INTO `districts` VALUES ('7102172', '7102', 'MANDOLANG');
INSERT INTO `districts` VALUES ('7102190', '7102', 'TONDANO BARAT');
INSERT INTO `districts` VALUES ('7102191', '7102', 'TONDANO SELATAN');
INSERT INTO `districts` VALUES ('7102200', '7102', 'REMBOKEN');
INSERT INTO `districts` VALUES ('7102210', '7102', 'KAKAS');
INSERT INTO `districts` VALUES ('7102211', '7102', 'KAKAS BARAT');
INSERT INTO `districts` VALUES ('7102220', '7102', 'LEMBEAN TIMUR');
INSERT INTO `districts` VALUES ('7102230', '7102', 'ERIS');
INSERT INTO `districts` VALUES ('7102240', '7102', 'KOMBI');
INSERT INTO `districts` VALUES ('7102250', '7102', 'TONDANO TIMUR');
INSERT INTO `districts` VALUES ('7102251', '7102', 'TONDANO UTARA');
INSERT INTO `districts` VALUES ('7103040', '7103', 'MANGANITU SELATAN');
INSERT INTO `districts` VALUES ('7103041', '7103', 'TATOARENG');
INSERT INTO `districts` VALUES ('7103050', '7103', 'TAMAKO');
INSERT INTO `districts` VALUES ('7103060', '7103', 'TABUKAN SELATAN');
INSERT INTO `districts` VALUES ('7103061', '7103', 'TABUKAN SELATAN TENGAH');
INSERT INTO `districts` VALUES ('7103062', '7103', 'TABUKAN SELATAN TENGGARA');
INSERT INTO `districts` VALUES ('7103070', '7103', 'TABUKAN TENGAH');
INSERT INTO `districts` VALUES ('7103080', '7103', 'MANGANITU');
INSERT INTO `districts` VALUES ('7103090', '7103', 'TAHUNA');
INSERT INTO `districts` VALUES ('7103091', '7103', 'TAHUNA TIMUR');
INSERT INTO `districts` VALUES ('7103092', '7103', 'TAHUNA BARAT');
INSERT INTO `districts` VALUES ('7103100', '7103', 'TABUKAN UTARA');
INSERT INTO `districts` VALUES ('7103101', '7103', 'NUSA TABUKAN');
INSERT INTO `districts` VALUES ('7103102', '7103', 'KEPULAUAN MARORE');
INSERT INTO `districts` VALUES ('7103110', '7103', 'KENDAHE');
INSERT INTO `districts` VALUES ('7104010', '7104', 'KABARUAN');
INSERT INTO `districts` VALUES ('7104011', '7104', 'DAMAU');
INSERT INTO `districts` VALUES ('7104020', '7104', 'LIRUNG');
INSERT INTO `districts` VALUES ('7104021', '7104', 'SALIBABU');
INSERT INTO `districts` VALUES ('7104022', '7104', 'KALONGAN');
INSERT INTO `districts` VALUES ('7104023', '7104', 'MORONGE');
INSERT INTO `districts` VALUES ('7104030', '7104', 'MELONGUANE');
INSERT INTO `districts` VALUES ('7104031', '7104', 'MELONGUANE TIMUR');
INSERT INTO `districts` VALUES ('7104040', '7104', 'BEO');
INSERT INTO `districts` VALUES ('7104041', '7104', 'BEO UTARA');
INSERT INTO `districts` VALUES ('7104042', '7104', 'BEO SELATAN');
INSERT INTO `districts` VALUES ('7104050', '7104', 'RAINIS');
INSERT INTO `districts` VALUES ('7104051', '7104', 'TAMPA NA\'MMA');
INSERT INTO `districts` VALUES ('7104052', '7104', 'PULUTAN');
INSERT INTO `districts` VALUES ('7104060', '7104', 'ESSANG');
INSERT INTO `districts` VALUES ('7104061', '7104', 'ESSANG SELATAN');
INSERT INTO `districts` VALUES ('7104070', '7104', 'GEMEH');
INSERT INTO `districts` VALUES ('7104080', '7104', 'NANUSA');
INSERT INTO `districts` VALUES ('7104081', '7104', 'MIANGAS');
INSERT INTO `districts` VALUES ('7105010', '7105', 'MODOINDING');
INSERT INTO `districts` VALUES ('7105020', '7105', 'TOMPASO BARU');
INSERT INTO `districts` VALUES ('7105021', '7105', 'MAESAAN');
INSERT INTO `districts` VALUES ('7105070', '7105', 'RANOYAPO');
INSERT INTO `districts` VALUES ('7105080', '7105', 'MOTOLING');
INSERT INTO `districts` VALUES ('7105081', '7105', 'KUMELEMBUAI');
INSERT INTO `districts` VALUES ('7105082', '7105', 'MOTOLING BARAT');
INSERT INTO `districts` VALUES ('7105083', '7105', 'MOTOLING TIMUR');
INSERT INTO `districts` VALUES ('7105090', '7105', 'SINONSAYANG');
INSERT INTO `districts` VALUES ('7105100', '7105', 'TENGA');
INSERT INTO `districts` VALUES ('7105111', '7105', 'AMURANG');
INSERT INTO `districts` VALUES ('7105112', '7105', 'AMURANG BARAT');
INSERT INTO `districts` VALUES ('7105113', '7105', 'AMURANG TIMUR');
INSERT INTO `districts` VALUES ('7105120', '7105', 'TARERAN');
INSERT INTO `districts` VALUES ('7105121', '7105', 'SULTA');
INSERT INTO `districts` VALUES ('7105130', '7105', 'TUMPAAN');
INSERT INTO `districts` VALUES ('7105131', '7105', 'TATAPAAN');
INSERT INTO `districts` VALUES ('7106010', '7106', 'KEMA');
INSERT INTO `districts` VALUES ('7106020', '7106', 'KAUDITAN');
INSERT INTO `districts` VALUES ('7106030', '7106', 'AIRMADIDI');
INSERT INTO `districts` VALUES ('7106040', '7106', 'KALAWAT');
INSERT INTO `districts` VALUES ('7106050', '7106', 'DIMEMBE');
INSERT INTO `districts` VALUES ('7106051', '7106', 'TALAWAAN');
INSERT INTO `districts` VALUES ('7106060', '7106', 'WORI');
INSERT INTO `districts` VALUES ('7106070', '7106', 'LIKUPANG BARAT');
INSERT INTO `districts` VALUES ('7106080', '7106', 'LIKUPANG TIMUR');
INSERT INTO `districts` VALUES ('7106081', '7106', 'LIKUPANG SELATAN');
INSERT INTO `districts` VALUES ('7107010', '7107', 'SANGKUB');
INSERT INTO `districts` VALUES ('7107020', '7107', 'BINTAUNA');
INSERT INTO `districts` VALUES ('7107030', '7107', 'BOLANG ITANG TIMUR');
INSERT INTO `districts` VALUES ('7107040', '7107', 'BOLANG ITANG BARAT');
INSERT INTO `districts` VALUES ('7107050', '7107', 'KAIDIPANG');
INSERT INTO `districts` VALUES ('7107060', '7107', 'PINOGALUMAN');
INSERT INTO `districts` VALUES ('7108010', '7108', 'BIARO');
INSERT INTO `districts` VALUES ('7108020', '7108', 'TAGULANDANG SELATAN');
INSERT INTO `districts` VALUES ('7108030', '7108', 'TAGULANDANG');
INSERT INTO `districts` VALUES ('7108040', '7108', 'TAGULANDANG UTARA');
INSERT INTO `districts` VALUES ('7108050', '7108', 'SIAU BARAT SELATAN');
INSERT INTO `districts` VALUES ('7108060', '7108', 'SIAU TIMUR SELATAN');
INSERT INTO `districts` VALUES ('7108070', '7108', 'SIAU BARAT');
INSERT INTO `districts` VALUES ('7108080', '7108', 'SIAU TENGAH');
INSERT INTO `districts` VALUES ('7108090', '7108', 'SIAU TIMUR');
INSERT INTO `districts` VALUES ('7108100', '7108', 'SIAU BARAT UTARA');
INSERT INTO `districts` VALUES ('7109010', '7109', 'RATATOTOK');
INSERT INTO `districts` VALUES ('7109020', '7109', 'PUSOMAEN');
INSERT INTO `districts` VALUES ('7109030', '7109', 'BELANG');
INSERT INTO `districts` VALUES ('7109040', '7109', 'RATAHAN');
INSERT INTO `districts` VALUES ('7109041', '7109', 'PASAN');
INSERT INTO `districts` VALUES ('7109042', '7109', 'RATAHAN TIMUR');
INSERT INTO `districts` VALUES ('7109050', '7109', 'TOMBATU');
INSERT INTO `districts` VALUES ('7109051', '7109', 'TOMBATU TIMUR');
INSERT INTO `districts` VALUES ('7109052', '7109', 'TOMBATU UTARA');
INSERT INTO `districts` VALUES ('7109060', '7109', 'TOULUAAN');
INSERT INTO `districts` VALUES ('7109061', '7109', 'TOULUAAN SELATAN');
INSERT INTO `districts` VALUES ('7109062', '7109', 'SILIAN RAYA');
INSERT INTO `districts` VALUES ('7110010', '7110', 'POSIGADAN');
INSERT INTO `districts` VALUES ('7110020', '7110', 'BOLANG UKI');
INSERT INTO `districts` VALUES ('7110021', '7110', 'HELUMO');
INSERT INTO `districts` VALUES ('7110030', '7110', 'PINOLOSIAN');
INSERT INTO `districts` VALUES ('7110040', '7110', 'PINOLOSIAN TENGAH');
INSERT INTO `districts` VALUES ('7110050', '7110', 'PINOLOSIAN TIMUR');
INSERT INTO `districts` VALUES ('7111010', '7111', 'NUANGAN');
INSERT INTO `districts` VALUES ('7111011', '7111', 'MOTONGKAD');
INSERT INTO `districts` VALUES ('7111020', '7111', 'TUTUYAN');
INSERT INTO `districts` VALUES ('7111030', '7111', 'KOTABUNAN');
INSERT INTO `districts` VALUES ('7111040', '7111', 'MODAYAG');
INSERT INTO `districts` VALUES ('7111041', '7111', 'MOOAT');
INSERT INTO `districts` VALUES ('7111050', '7111', 'MODAYAG BARAT');
INSERT INTO `districts` VALUES ('7171010', '7171', 'MALALAYANG');
INSERT INTO `districts` VALUES ('7171020', '7171', 'SARIO');
INSERT INTO `districts` VALUES ('7171021', '7171', 'WANEA');
INSERT INTO `districts` VALUES ('7171030', '7171', 'WENANG');
INSERT INTO `districts` VALUES ('7171031', '7171', 'TIKALA');
INSERT INTO `districts` VALUES ('7171032', '7171', 'PAAL DUA');
INSERT INTO `districts` VALUES ('7171040', '7171', 'MAPANGET');
INSERT INTO `districts` VALUES ('7171051', '7171', 'SINGKIL');
INSERT INTO `districts` VALUES ('7171052', '7171', 'TUMINTING');
INSERT INTO `districts` VALUES ('7171053', '7171', 'BUNAKEN');
INSERT INTO `districts` VALUES ('7171054', '7171', 'BUNAKEN KEPULAUAN');
INSERT INTO `districts` VALUES ('7172010', '7172', 'MADIDIR');
INSERT INTO `districts` VALUES ('7172011', '7172', 'MATUARI');
INSERT INTO `districts` VALUES ('7172012', '7172', 'GIRIAN');
INSERT INTO `districts` VALUES ('7172021', '7172', 'LEMBEH SELATAN');
INSERT INTO `districts` VALUES ('7172022', '7172', 'LEMBEH UTARA');
INSERT INTO `districts` VALUES ('7172030', '7172', 'AERTEMBAGA');
INSERT INTO `districts` VALUES ('7172031', '7172', 'MAESA');
INSERT INTO `districts` VALUES ('7172040', '7172', 'RANOWULU');
INSERT INTO `districts` VALUES ('7173010', '7173', 'TOMOHON SELATAN');
INSERT INTO `districts` VALUES ('7173020', '7173', 'TOMOHON TENGAH');
INSERT INTO `districts` VALUES ('7173021', '7173', 'TOMOHON TIMUR');
INSERT INTO `districts` VALUES ('7173022', '7173', 'TOMOHON BARAT');
INSERT INTO `districts` VALUES ('7173030', '7173', 'TOMOHON UTARA');
INSERT INTO `districts` VALUES ('7174010', '7174', 'KOTAMOBAGU SELATAN');
INSERT INTO `districts` VALUES ('7174020', '7174', 'KOTAMOBAGU TIMUR');
INSERT INTO `districts` VALUES ('7174030', '7174', 'KOTAMOBAGU BARAT');
INSERT INTO `districts` VALUES ('7174040', '7174', 'KOTAMOBAGU UTARA');
INSERT INTO `districts` VALUES ('7201030', '7201', 'TOTIKUM');
INSERT INTO `districts` VALUES ('7201031', '7201', 'TOTIKUM SELATAN');
INSERT INTO `districts` VALUES ('7201040', '7201', 'TINANGKUNG');
INSERT INTO `districts` VALUES ('7201041', '7201', 'TINANGKUNG SELATAN');
INSERT INTO `districts` VALUES ('7201042', '7201', 'TINANGKUNG UTARA');
INSERT INTO `districts` VALUES ('7201050', '7201', 'LIANG');
INSERT INTO `districts` VALUES ('7201051', '7201', 'PELING TENGAH');
INSERT INTO `districts` VALUES ('7201060', '7201', 'BULAGI');
INSERT INTO `districts` VALUES ('7201061', '7201', 'BULAGI SELATAN');
INSERT INTO `districts` VALUES ('7201062', '7201', 'BULAGI UTARA');
INSERT INTO `districts` VALUES ('7201070', '7201', 'BUKO');
INSERT INTO `districts` VALUES ('7201071', '7201', 'BUKO SELATAN');
INSERT INTO `districts` VALUES ('7202010', '7202', 'TOILI');
INSERT INTO `districts` VALUES ('7202011', '7202', 'TOILI BARAT');
INSERT INTO `districts` VALUES ('7202012', '7202', 'MOILONG');
INSERT INTO `districts` VALUES ('7202020', '7202', 'BATUI');
INSERT INTO `districts` VALUES ('7202021', '7202', 'BATUI SELATAN');
INSERT INTO `districts` VALUES ('7202030', '7202', 'BUNTA');
INSERT INTO `districts` VALUES ('7202031', '7202', 'NUHON');
INSERT INTO `districts` VALUES ('7202032', '7202', 'SIMPANG RAYA');
INSERT INTO `districts` VALUES ('7202040', '7202', 'KINTOM');
INSERT INTO `districts` VALUES ('7202050', '7202', 'LUWUK');
INSERT INTO `districts` VALUES ('7202051', '7202', 'LUWUK TIMUR');
INSERT INTO `districts` VALUES ('7202052', '7202', 'LUWUK UTARA');
INSERT INTO `districts` VALUES ('7202053', '7202', 'LUWUK SELATAN');
INSERT INTO `districts` VALUES ('7202054', '7202', 'NAMBO');
INSERT INTO `districts` VALUES ('7202060', '7202', 'PAGIMANA');
INSERT INTO `districts` VALUES ('7202061', '7202', 'BUALEMO');
INSERT INTO `districts` VALUES ('7202062', '7202', 'LOBU');
INSERT INTO `districts` VALUES ('7202070', '7202', 'LAMALA');
INSERT INTO `districts` VALUES ('7202071', '7202', 'MASAMA');
INSERT INTO `districts` VALUES ('7202072', '7202', 'MANTOH');
INSERT INTO `districts` VALUES ('7202080', '7202', 'BALANTAK');
INSERT INTO `districts` VALUES ('7202081', '7202', 'BALANTAK SELATAN');
INSERT INTO `districts` VALUES ('7202082', '7202', 'BALANTAK UTARA');
INSERT INTO `districts` VALUES ('7203010', '7203', 'MENUI KEPULAUAN');
INSERT INTO `districts` VALUES ('7203020', '7203', 'BUNGKU SELATAN');
INSERT INTO `districts` VALUES ('7203021', '7203', 'BAHODOPI');
INSERT INTO `districts` VALUES ('7203022', '7203', 'BUNGKU PESISIR');
INSERT INTO `districts` VALUES ('7203030', '7203', 'BUNGKU TENGAH');
INSERT INTO `districts` VALUES ('7203031', '7203', 'BUNGKU TIMUR');
INSERT INTO `districts` VALUES ('7203040', '7203', 'BUNGKU BARAT');
INSERT INTO `districts` VALUES ('7203041', '7203', 'BUMI RAYA');
INSERT INTO `districts` VALUES ('7203042', '7203', 'WITA PONDA');
INSERT INTO `districts` VALUES ('7204010', '7204', 'PAMONA SELATAN');
INSERT INTO `districts` VALUES ('7204011', '7204', 'PAMONA BARAT');
INSERT INTO `districts` VALUES ('7204012', '7204', 'PAMONA TENGGARA');
INSERT INTO `districts` VALUES ('7204020', '7204', 'LORE SELATAN');
INSERT INTO `districts` VALUES ('7204021', '7204', 'LORE BARAT');
INSERT INTO `districts` VALUES ('7204030', '7204', 'PAMONA PUSALEMBA');
INSERT INTO `districts` VALUES ('7204031', '7204', 'PAMONA TIMUR');
INSERT INTO `districts` VALUES ('7204032', '7204', 'PAMONA UTARA');
INSERT INTO `districts` VALUES ('7204040', '7204', 'LORE UTARA');
INSERT INTO `districts` VALUES ('7204041', '7204', 'LORE TENGAH');
INSERT INTO `districts` VALUES ('7204042', '7204', 'LORE TIMUR');
INSERT INTO `districts` VALUES ('7204043', '7204', 'LORE PEORE');
INSERT INTO `districts` VALUES ('7204050', '7204', 'POSO PESISIR');
INSERT INTO `districts` VALUES ('7204051', '7204', 'POSO PESISIR SELATAN');
INSERT INTO `districts` VALUES ('7204052', '7204', 'POSO PESISIR UTARA');
INSERT INTO `districts` VALUES ('7204060', '7204', 'LAGE');
INSERT INTO `districts` VALUES ('7204070', '7204', 'POSO KOTA');
INSERT INTO `districts` VALUES ('7204071', '7204', 'POSO KOTA UTARA');
INSERT INTO `districts` VALUES ('7204072', '7204', 'POSO KOTA SELATAN');
INSERT INTO `districts` VALUES ('7205041', '7205', 'RIO PAKAVA');
INSERT INTO `districts` VALUES ('7205051', '7205', 'PINEMBANI');
INSERT INTO `districts` VALUES ('7205080', '7205', 'BANAWA');
INSERT INTO `districts` VALUES ('7205081', '7205', 'BANAWA SELATAN');
INSERT INTO `districts` VALUES ('7205082', '7205', 'BANAWA TENGAH');
INSERT INTO `districts` VALUES ('7205090', '7205', 'LABUAN');
INSERT INTO `districts` VALUES ('7205091', '7205', 'TANANTOVEA');
INSERT INTO `districts` VALUES ('7205100', '7205', 'SINDUE');
INSERT INTO `districts` VALUES ('7205101', '7205', 'SINDUE TOMBUSABORA');
INSERT INTO `districts` VALUES ('7205102', '7205', 'SINDUE TOBATA');
INSERT INTO `districts` VALUES ('7205120', '7205', 'SIRENJA');
INSERT INTO `districts` VALUES ('7205130', '7205', 'BALAESANG');
INSERT INTO `districts` VALUES ('7205131', '7205', 'BALAESANG TANJUNG');
INSERT INTO `districts` VALUES ('7205140', '7205', 'DAMPELAS');
INSERT INTO `districts` VALUES ('7205160', '7205', 'SOJOL');
INSERT INTO `districts` VALUES ('7205161', '7205', 'SOJOL UTARA');
INSERT INTO `districts` VALUES ('7206010', '7206', 'DAMPAL SELATAN');
INSERT INTO `districts` VALUES ('7206020', '7206', 'DAMPAL UTARA');
INSERT INTO `districts` VALUES ('7206030', '7206', 'DONDO');
INSERT INTO `districts` VALUES ('7206031', '7206', 'OGODEIDE');
INSERT INTO `districts` VALUES ('7206032', '7206', 'BASIDONDO');
INSERT INTO `districts` VALUES ('7206040', '7206', 'BAOLAN');
INSERT INTO `districts` VALUES ('7206041', '7206', 'LAMPASIO');
INSERT INTO `districts` VALUES ('7206050', '7206', 'GALANG');
INSERT INTO `districts` VALUES ('7206060', '7206', 'TOLITOLI UTARA');
INSERT INTO `districts` VALUES ('7206061', '7206', 'DAKO PAMEAN');
INSERT INTO `districts` VALUES ('7207010', '7207', 'LAKEA');
INSERT INTO `districts` VALUES ('7207011', '7207', 'BIAU');
INSERT INTO `districts` VALUES ('7207012', '7207', 'KARAMAT');
INSERT INTO `districts` VALUES ('7207020', '7207', 'MOMUNU');
INSERT INTO `districts` VALUES ('7207021', '7207', 'TILOAN');
INSERT INTO `districts` VALUES ('7207030', '7207', 'BOKAT');
INSERT INTO `districts` VALUES ('7207031', '7207', 'BUKAL');
INSERT INTO `districts` VALUES ('7207040', '7207', 'BUNOBOGU');
INSERT INTO `districts` VALUES ('7207041', '7207', 'GADUNG');
INSERT INTO `districts` VALUES ('7207050', '7207', 'PALELEH');
INSERT INTO `districts` VALUES ('7207051', '7207', 'PALELEH BARAT');
INSERT INTO `districts` VALUES ('7208010', '7208', 'SAUSU');
INSERT INTO `districts` VALUES ('7208011', '7208', 'TORUE');
INSERT INTO `districts` VALUES ('7208012', '7208', 'BALINGGI');
INSERT INTO `districts` VALUES ('7208020', '7208', 'PARIGI');
INSERT INTO `districts` VALUES ('7208021', '7208', 'PARIGI SELATAN');
INSERT INTO `districts` VALUES ('7208022', '7208', 'PARIGI BARAT');
INSERT INTO `districts` VALUES ('7208023', '7208', 'PARIGI UTARA');
INSERT INTO `districts` VALUES ('7208024', '7208', 'PARIGI TENGAH');
INSERT INTO `districts` VALUES ('7208030', '7208', 'AMPIBABO');
INSERT INTO `districts` VALUES ('7208031', '7208', 'KASIMBAR');
INSERT INTO `districts` VALUES ('7208032', '7208', 'TORIBULU');
INSERT INTO `districts` VALUES ('7208033', '7208', 'SINIU');
INSERT INTO `districts` VALUES ('7208040', '7208', 'TINOMBO');
INSERT INTO `districts` VALUES ('7208041', '7208', 'TINOMBO SELATAN');
INSERT INTO `districts` VALUES ('7208042', '7208', 'SIDOAN');
INSERT INTO `districts` VALUES ('7208050', '7208', 'TOMINI');
INSERT INTO `districts` VALUES ('7208051', '7208', 'MEPANGA');
INSERT INTO `districts` VALUES ('7208052', '7208', 'PALASA');
INSERT INTO `districts` VALUES ('7208060', '7208', 'MOUTONG');
INSERT INTO `districts` VALUES ('7208061', '7208', 'BOLANO LAMBUNU');
INSERT INTO `districts` VALUES ('7208062', '7208', 'TAOPA');
INSERT INTO `districts` VALUES ('7208063', '7208', 'BOLANO');
INSERT INTO `districts` VALUES ('7208064', '7208', 'ONGKA MALINO');
INSERT INTO `districts` VALUES ('7209010', '7209', 'TOJO BARAT');
INSERT INTO `districts` VALUES ('7209020', '7209', 'TOJO');
INSERT INTO `districts` VALUES ('7209030', '7209', 'ULUBONGKA');
INSERT INTO `districts` VALUES ('7209040', '7209', 'AMPANA TETE');
INSERT INTO `districts` VALUES ('7209050', '7209', 'AMPANA KOTA');
INSERT INTO `districts` VALUES ('7209051', '7209', 'RATOLINDO');
INSERT INTO `districts` VALUES ('7209060', '7209', 'UNA - UNA');
INSERT INTO `districts` VALUES ('7209061', '7209', 'BATUDAKA');
INSERT INTO `districts` VALUES ('7209070', '7209', 'TOGEAN');
INSERT INTO `districts` VALUES ('7209080', '7209', 'WALEA KEPULAUAN');
INSERT INTO `districts` VALUES ('7209081', '7209', 'WALEA BESAR');
INSERT INTO `districts` VALUES ('7209082', '7209', 'TALATAKO');
INSERT INTO `districts` VALUES ('7210010', '7210', 'PIPIKORO');
INSERT INTO `districts` VALUES ('7210020', '7210', 'KULAWI SELATAN');
INSERT INTO `districts` VALUES ('7210030', '7210', 'KULAWI');
INSERT INTO `districts` VALUES ('7210040', '7210', 'LINDU');
INSERT INTO `districts` VALUES ('7210050', '7210', 'NOKILALAKI');
INSERT INTO `districts` VALUES ('7210060', '7210', 'PALOLO');
INSERT INTO `districts` VALUES ('7210070', '7210', 'GUMBASA');
INSERT INTO `districts` VALUES ('7210080', '7210', 'DOLO SELATAN');
INSERT INTO `districts` VALUES ('7210090', '7210', 'DOLO BARAT');
INSERT INTO `districts` VALUES ('7210100', '7210', 'TANAMBULAVA');
INSERT INTO `districts` VALUES ('7210110', '7210', 'DOLO');
INSERT INTO `districts` VALUES ('7210120', '7210', 'SIGI BIROMARU');
INSERT INTO `districts` VALUES ('7210130', '7210', 'MARAWOLA');
INSERT INTO `districts` VALUES ('7210140', '7210', 'MARAWOLA BARAT');
INSERT INTO `districts` VALUES ('7210150', '7210', 'KINOVARO');
INSERT INTO `districts` VALUES ('7211010', '7211', 'BANGKURUNG');
INSERT INTO `districts` VALUES ('7211020', '7211', 'LABOBO');
INSERT INTO `districts` VALUES ('7211030', '7211', 'BANGGAI UTARA');
INSERT INTO `districts` VALUES ('7211040', '7211', 'BANGGAI');
INSERT INTO `districts` VALUES ('7211050', '7211', 'BANGGAI TENGAH');
INSERT INTO `districts` VALUES ('7211060', '7211', 'BANGGAI SELATAN');
INSERT INTO `districts` VALUES ('7211070', '7211', 'BOKAN KEPULAUAN');
INSERT INTO `districts` VALUES ('7212010', '7212', 'MORI ATAS');
INSERT INTO `districts` VALUES ('7212020', '7212', 'LEMBO');
INSERT INTO `districts` VALUES ('7212030', '7212', 'LEMBO RAYA');
INSERT INTO `districts` VALUES ('7212040', '7212', 'PETASIA TIMUR');
INSERT INTO `districts` VALUES ('7212050', '7212', 'PETASIA');
INSERT INTO `districts` VALUES ('7212060', '7212', 'PETASIA BARAT');
INSERT INTO `districts` VALUES ('7212070', '7212', 'MORI UTARA');
INSERT INTO `districts` VALUES ('7212080', '7212', 'SOYO JAYA');
INSERT INTO `districts` VALUES ('7212090', '7212', 'BUNGKU UTARA');
INSERT INTO `districts` VALUES ('7212100', '7212', 'MAMOSALATO');
INSERT INTO `districts` VALUES ('7271010', '7271', 'PALU BARAT');
INSERT INTO `districts` VALUES ('7271011', '7271', 'TATANGA');
INSERT INTO `districts` VALUES ('7271012', '7271', 'ULUJADI');
INSERT INTO `districts` VALUES ('7271020', '7271', 'PALU SELATAN');
INSERT INTO `districts` VALUES ('7271030', '7271', 'PALU TIMUR');
INSERT INTO `districts` VALUES ('7271031', '7271', 'MANTIKULORE');
INSERT INTO `districts` VALUES ('7271040', '7271', 'PALU UTARA');
INSERT INTO `districts` VALUES ('7271041', '7271', 'TAWAELI');
INSERT INTO `districts` VALUES ('7301010', '7301', 'PASIMARANNU');
INSERT INTO `districts` VALUES ('7301011', '7301', 'PASILAMBENA');
INSERT INTO `districts` VALUES ('7301020', '7301', 'PASIMASSUNGGU');
INSERT INTO `districts` VALUES ('7301021', '7301', 'TAKABONERATE');
INSERT INTO `districts` VALUES ('7301022', '7301', 'PASIMASSUNGGU TIMUR');
INSERT INTO `districts` VALUES ('7301030', '7301', 'BONTOSIKUYU');
INSERT INTO `districts` VALUES ('7301040', '7301', 'BONTOHARU');
INSERT INTO `districts` VALUES ('7301041', '7301', 'BENTENG');
INSERT INTO `districts` VALUES ('7301042', '7301', 'BONTOMANAI');
INSERT INTO `districts` VALUES ('7301050', '7301', 'BONTOMATENE');
INSERT INTO `districts` VALUES ('7301051', '7301', 'BUKI');
INSERT INTO `districts` VALUES ('7302010', '7302', 'GANTARANG');
INSERT INTO `districts` VALUES ('7302020', '7302', 'UJUNG BULU');
INSERT INTO `districts` VALUES ('7302021', '7302', 'UJUNG LOE');
INSERT INTO `districts` VALUES ('7302030', '7302', 'BONTO BAHARI');
INSERT INTO `districts` VALUES ('7302040', '7302', 'BONTOTIRO');
INSERT INTO `districts` VALUES ('7302050', '7302', 'HERO LANGE-LANGE');
INSERT INTO `districts` VALUES ('7302060', '7302', 'KAJANG');
INSERT INTO `districts` VALUES ('7302070', '7302', 'BULUKUMPA');
INSERT INTO `districts` VALUES ('7302080', '7302', 'RILAU ALE');
INSERT INTO `districts` VALUES ('7302090', '7302', 'KINDANG');
INSERT INTO `districts` VALUES ('7303010', '7303', 'BISSAPPU');
INSERT INTO `districts` VALUES ('7303011', '7303', 'ULUERE');
INSERT INTO `districts` VALUES ('7303012', '7303', 'SINOA');
INSERT INTO `districts` VALUES ('7303020', '7303', 'BANTAENG');
INSERT INTO `districts` VALUES ('7303021', '7303', 'EREMERASA');
INSERT INTO `districts` VALUES ('7303030', '7303', 'TOMPOBULU');
INSERT INTO `districts` VALUES ('7303031', '7303', 'PA\'JUKUKANG');
INSERT INTO `districts` VALUES ('7303032', '7303', 'GANTARANGKEKE');
INSERT INTO `districts` VALUES ('7304010', '7304', 'BANGKALA');
INSERT INTO `districts` VALUES ('7304011', '7304', 'BANGKALA BARAT');
INSERT INTO `districts` VALUES ('7304020', '7304', 'TAMALATEA');
INSERT INTO `districts` VALUES ('7304021', '7304', 'BONTORAMBA');
INSERT INTO `districts` VALUES ('7304030', '7304', 'BINAMU');
INSERT INTO `districts` VALUES ('7304031', '7304', 'TURATEA');
INSERT INTO `districts` VALUES ('7304040', '7304', 'BATANG');
INSERT INTO `districts` VALUES ('7304041', '7304', 'ARUNGKEKE');
INSERT INTO `districts` VALUES ('7304042', '7304', 'TAROWANG');
INSERT INTO `districts` VALUES ('7304050', '7304', 'KELARA');
INSERT INTO `districts` VALUES ('7304051', '7304', 'RUMBIA');
INSERT INTO `districts` VALUES ('7305010', '7305', 'MANGARA BOMBANG');
INSERT INTO `districts` VALUES ('7305020', '7305', 'MAPPAKASUNGGU');
INSERT INTO `districts` VALUES ('7305021', '7305', 'SANROBONE');
INSERT INTO `districts` VALUES ('7305030', '7305', 'POLOMBANGKENG SELATAN');
INSERT INTO `districts` VALUES ('7305031', '7305', 'PATTALLASSANG');
INSERT INTO `districts` VALUES ('7305040', '7305', 'POLOMBANGKENG UTARA');
INSERT INTO `districts` VALUES ('7305050', '7305', 'GALESONG SELATAN');
INSERT INTO `districts` VALUES ('7305051', '7305', 'GALESONG');
INSERT INTO `districts` VALUES ('7305060', '7305', 'GALESONG UTARA');
INSERT INTO `districts` VALUES ('7306010', '7306', 'BONTONOMPO');
INSERT INTO `districts` VALUES ('7306011', '7306', 'BONTONOMPO SELATAN');
INSERT INTO `districts` VALUES ('7306020', '7306', 'BAJENG');
INSERT INTO `districts` VALUES ('7306021', '7306', 'BAJENG BARAT');
INSERT INTO `districts` VALUES ('7306030', '7306', 'PALLANGGA');
INSERT INTO `districts` VALUES ('7306031', '7306', 'BAROMBONG');
INSERT INTO `districts` VALUES ('7306040', '7306', 'SOMBA OPU');
INSERT INTO `districts` VALUES ('7306050', '7306', 'BONTOMARANNU');
INSERT INTO `districts` VALUES ('7306051', '7306', 'PATTALLASSANG');
INSERT INTO `districts` VALUES ('7306060', '7306', 'PARANGLOE');
INSERT INTO `districts` VALUES ('7306061', '7306', 'MANUJU');
INSERT INTO `districts` VALUES ('7306070', '7306', 'TINGGIMONCONG');
INSERT INTO `districts` VALUES ('7306071', '7306', 'TOMBOLO PAO');
INSERT INTO `districts` VALUES ('7306072', '7306', 'PARIGI');
INSERT INTO `districts` VALUES ('7306080', '7306', 'BUNGAYA');
INSERT INTO `districts` VALUES ('7306081', '7306', 'BONTOLEMPANGAN');
INSERT INTO `districts` VALUES ('7306090', '7306', 'TOMPOBULU');
INSERT INTO `districts` VALUES ('7306091', '7306', 'BIRINGBULU');
INSERT INTO `districts` VALUES ('7307010', '7307', 'SINJAI BARAT');
INSERT INTO `districts` VALUES ('7307020', '7307', 'SINJAI BORONG');
INSERT INTO `districts` VALUES ('7307030', '7307', 'SINJAI SELATAN');
INSERT INTO `districts` VALUES ('7307040', '7307', 'TELLU LIMPOE');
INSERT INTO `districts` VALUES ('7307050', '7307', 'SINJAI TIMUR');
INSERT INTO `districts` VALUES ('7307060', '7307', 'SINJAI TENGAH');
INSERT INTO `districts` VALUES ('7307070', '7307', 'SINJAI UTARA');
INSERT INTO `districts` VALUES ('7307080', '7307', 'BULUPODDO');
INSERT INTO `districts` VALUES ('7307090', '7307', 'PULAU SEMBILAN');
INSERT INTO `districts` VALUES ('7308010', '7308', 'MANDAI');
INSERT INTO `districts` VALUES ('7308011', '7308', 'MONCONGLOE');
INSERT INTO `districts` VALUES ('7308020', '7308', 'MAROS BARU');
INSERT INTO `districts` VALUES ('7308021', '7308', 'MARUSU');
INSERT INTO `districts` VALUES ('7308022', '7308', 'TURIKALE');
INSERT INTO `districts` VALUES ('7308023', '7308', 'LAU');
INSERT INTO `districts` VALUES ('7308030', '7308', 'BONTOA');
INSERT INTO `districts` VALUES ('7308040', '7308', 'BANTIMURUNG');
INSERT INTO `districts` VALUES ('7308041', '7308', 'SIMBANG');
INSERT INTO `districts` VALUES ('7308050', '7308', 'TANRALILI');
INSERT INTO `districts` VALUES ('7308051', '7308', 'TOMPU BULU');
INSERT INTO `districts` VALUES ('7308060', '7308', 'CAMBA');
INSERT INTO `districts` VALUES ('7308061', '7308', 'CENRANA');
INSERT INTO `districts` VALUES ('7308070', '7308', 'MALLAWA');
INSERT INTO `districts` VALUES ('7309010', '7309', 'LIUKANG TANGAYA');
INSERT INTO `districts` VALUES ('7309020', '7309', 'LIUKANG KALMAS');
INSERT INTO `districts` VALUES ('7309030', '7309', 'LIUKANG TUPABBIRING');
INSERT INTO `districts` VALUES ('7309031', '7309', 'LIUKANG TUPABBIRING UTARA');
INSERT INTO `districts` VALUES ('7309040', '7309', 'PANGKAJENE');
INSERT INTO `districts` VALUES ('7309041', '7309', 'MINASATENE');
INSERT INTO `districts` VALUES ('7309050', '7309', 'BALOCCI');
INSERT INTO `districts` VALUES ('7309051', '7309', 'TONDONG TALLASA');
INSERT INTO `districts` VALUES ('7309060', '7309', 'BUNGORO');
INSERT INTO `districts` VALUES ('7309070', '7309', 'LABAKKANG');
INSERT INTO `districts` VALUES ('7309080', '7309', 'MA\'RANG');
INSERT INTO `districts` VALUES ('7309091', '7309', 'SEGERI');
INSERT INTO `districts` VALUES ('7309092', '7309', 'MANDALLE');
INSERT INTO `districts` VALUES ('7310010', '7310', 'TANETE RIAJA');
INSERT INTO `districts` VALUES ('7310011', '7310', 'PUJANANTING');
INSERT INTO `districts` VALUES ('7310020', '7310', 'TANETE RILAU');
INSERT INTO `districts` VALUES ('7310030', '7310', 'BARRU');
INSERT INTO `districts` VALUES ('7310040', '7310', 'SOPPENG RIAJA');
INSERT INTO `districts` VALUES ('7310041', '7310', 'BALUSU');
INSERT INTO `districts` VALUES ('7310050', '7310', 'MALLUSETASI');
INSERT INTO `districts` VALUES ('7311010', '7311', 'BONTOCANI');
INSERT INTO `districts` VALUES ('7311020', '7311', 'KAHU');
INSERT INTO `districts` VALUES ('7311030', '7311', 'KAJUARA');
INSERT INTO `districts` VALUES ('7311040', '7311', 'SALOMEKKO');
INSERT INTO `districts` VALUES ('7311050', '7311', 'TONRA');
INSERT INTO `districts` VALUES ('7311060', '7311', 'PATIMPENG');
INSERT INTO `districts` VALUES ('7311070', '7311', 'LIBURENG');
INSERT INTO `districts` VALUES ('7311080', '7311', 'MARE');
INSERT INTO `districts` VALUES ('7311090', '7311', 'SIBULUE');
INSERT INTO `districts` VALUES ('7311100', '7311', 'CINA');
INSERT INTO `districts` VALUES ('7311110', '7311', 'BAREBBO');
INSERT INTO `districts` VALUES ('7311120', '7311', 'PONRE');
INSERT INTO `districts` VALUES ('7311130', '7311', 'LAPPARIAJA');
INSERT INTO `districts` VALUES ('7311140', '7311', 'LAMURU');
INSERT INTO `districts` VALUES ('7311141', '7311', 'TELLU LIMPOE');
INSERT INTO `districts` VALUES ('7311150', '7311', 'BENGO');
INSERT INTO `districts` VALUES ('7311160', '7311', 'ULAWENG');
INSERT INTO `districts` VALUES ('7311170', '7311', 'PALAKKA');
INSERT INTO `districts` VALUES ('7311180', '7311', 'AWANGPONE');
INSERT INTO `districts` VALUES ('7311190', '7311', 'TELLU SIATTINGE');
INSERT INTO `districts` VALUES ('7311200', '7311', 'AMALI');
INSERT INTO `districts` VALUES ('7311210', '7311', 'AJANGALE');
INSERT INTO `districts` VALUES ('7311220', '7311', 'DUA BOCCOE');
INSERT INTO `districts` VALUES ('7311230', '7311', 'CENRANA');
INSERT INTO `districts` VALUES ('7311710', '7311', 'TANETE RIATTANG BARAT');
INSERT INTO `districts` VALUES ('7311720', '7311', 'TANETE RIATTANG');
INSERT INTO `districts` VALUES ('7311730', '7311', 'TANETE RIATTANG TIMUR');
INSERT INTO `districts` VALUES ('7312010', '7312', 'MARIO RIWAWO');
INSERT INTO `districts` VALUES ('7312020', '7312', 'LALABATA');
INSERT INTO `districts` VALUES ('7312030', '7312', 'LILI RIAJA');
INSERT INTO `districts` VALUES ('7312031', '7312', 'GANRA');
INSERT INTO `districts` VALUES ('7312032', '7312', 'CITTA');
INSERT INTO `districts` VALUES ('7312040', '7312', 'LILI RILAU');
INSERT INTO `districts` VALUES ('7312050', '7312', 'DONRI DONRI');
INSERT INTO `districts` VALUES ('7312060', '7312', 'MARIO RIAWA');
INSERT INTO `districts` VALUES ('7313010', '7313', 'SABBANG PARU');
INSERT INTO `districts` VALUES ('7313020', '7313', 'TEMPE');
INSERT INTO `districts` VALUES ('7313030', '7313', 'PAMMANA');
INSERT INTO `districts` VALUES ('7313040', '7313', 'BOLA');
INSERT INTO `districts` VALUES ('7313050', '7313', 'TAKKALALLA');
INSERT INTO `districts` VALUES ('7313060', '7313', 'SAJOANGING');
INSERT INTO `districts` VALUES ('7313061', '7313', 'PENRANG');
INSERT INTO `districts` VALUES ('7313070', '7313', 'MAJAULENG');
INSERT INTO `districts` VALUES ('7313080', '7313', 'TANA SITOLO');
INSERT INTO `districts` VALUES ('7313090', '7313', 'BELAWA');
INSERT INTO `districts` VALUES ('7313100', '7313', 'MANIANG PAJO');
INSERT INTO `districts` VALUES ('7313101', '7313', 'GILIRENG');
INSERT INTO `districts` VALUES ('7313110', '7313', 'KEERA');
INSERT INTO `districts` VALUES ('7313120', '7313', 'PITUMPANUA');
INSERT INTO `districts` VALUES ('7314010', '7314', 'PANCA LAUTANG');
INSERT INTO `districts` VALUES ('7314020', '7314', 'TELLULIMPO E');
INSERT INTO `districts` VALUES ('7314030', '7314', 'WATANG PULU');
INSERT INTO `districts` VALUES ('7314040', '7314', 'BARANTI');
INSERT INTO `districts` VALUES ('7314050', '7314', 'PANCA RIJANG');
INSERT INTO `districts` VALUES ('7314051', '7314', 'KULO');
INSERT INTO `districts` VALUES ('7314060', '7314', 'MARITENGNGAE');
INSERT INTO `districts` VALUES ('7314061', '7314', 'WATANG SIDENRENG');
INSERT INTO `districts` VALUES ('7314070', '7314', 'PITU RIAWA');
INSERT INTO `districts` VALUES ('7314080', '7314', 'DUAPITUE');
INSERT INTO `districts` VALUES ('7314081', '7314', 'PITU RIASE');
INSERT INTO `districts` VALUES ('7315010', '7315', 'SUPPA');
INSERT INTO `districts` VALUES ('7315020', '7315', 'MATTIROSOMPE');
INSERT INTO `districts` VALUES ('7315021', '7315', 'LANRISANG');
INSERT INTO `districts` VALUES ('7315030', '7315', 'MATTIRO BULU');
INSERT INTO `districts` VALUES ('7315040', '7315', 'WATANG SAWITTO');
INSERT INTO `districts` VALUES ('7315041', '7315', 'PALETEANG');
INSERT INTO `districts` VALUES ('7315042', '7315', 'TIROANG');
INSERT INTO `districts` VALUES ('7315050', '7315', 'PATAMPANUA');
INSERT INTO `districts` VALUES ('7315060', '7315', 'CEMPA');
INSERT INTO `districts` VALUES ('7315070', '7315', 'DUAMPANUA');
INSERT INTO `districts` VALUES ('7315071', '7315', 'BATULAPPA');
INSERT INTO `districts` VALUES ('7315080', '7315', 'LEMBANG');
INSERT INTO `districts` VALUES ('7316010', '7316', 'MAIWA');
INSERT INTO `districts` VALUES ('7316011', '7316', 'BUNGIN');
INSERT INTO `districts` VALUES ('7316020', '7316', 'ENREKANG');
INSERT INTO `districts` VALUES ('7316021', '7316', 'CENDANA');
INSERT INTO `districts` VALUES ('7316030', '7316', 'BARAKA');
INSERT INTO `districts` VALUES ('7316031', '7316', 'BUNTU BATU');
INSERT INTO `districts` VALUES ('7316040', '7316', 'ANGGERAJA');
INSERT INTO `districts` VALUES ('7316041', '7316', 'MALUA');
INSERT INTO `districts` VALUES ('7316050', '7316', 'ALLA');
INSERT INTO `districts` VALUES ('7316051', '7316', 'CURIO');
INSERT INTO `districts` VALUES ('7316052', '7316', 'MASALLE');
INSERT INTO `districts` VALUES ('7316053', '7316', 'BAROKO');
INSERT INTO `districts` VALUES ('7317010', '7317', 'LAROMPONG');
INSERT INTO `districts` VALUES ('7317011', '7317', 'LAROMPONG SELATAN');
INSERT INTO `districts` VALUES ('7317020', '7317', 'SULI');
INSERT INTO `districts` VALUES ('7317021', '7317', 'SULI BARAT');
INSERT INTO `districts` VALUES ('7317030', '7317', 'BELOPA');
INSERT INTO `districts` VALUES ('7317031', '7317', 'KAMANRE');
INSERT INTO `districts` VALUES ('7317032', '7317', 'BELOPA UTARA');
INSERT INTO `districts` VALUES ('7317040', '7317', 'BAJO');
INSERT INTO `districts` VALUES ('7317041', '7317', 'BAJO BARAT');
INSERT INTO `districts` VALUES ('7317050', '7317', 'BASSESANGTEMPE');
INSERT INTO `districts` VALUES ('7317051', '7317', 'LATIMOJONG');
INSERT INTO `districts` VALUES ('7317052', '7317', 'BASSESANGTEMPE UTARA');
INSERT INTO `districts` VALUES ('7317060', '7317', 'BUPON');
INSERT INTO `districts` VALUES ('7317061', '7317', 'PONRANG');
INSERT INTO `districts` VALUES ('7317062', '7317', 'PONRANG SELATAN');
INSERT INTO `districts` VALUES ('7317070', '7317', 'BUA');
INSERT INTO `districts` VALUES ('7317080', '7317', 'WALENRANG');
INSERT INTO `districts` VALUES ('7317081', '7317', 'WALENRANG TIMUR');
INSERT INTO `districts` VALUES ('7317090', '7317', 'LAMASI');
INSERT INTO `districts` VALUES ('7317091', '7317', 'WALENRANG UTARA');
INSERT INTO `districts` VALUES ('7317092', '7317', 'WALENRANG BARAT');
INSERT INTO `districts` VALUES ('7317093', '7317', 'LAMASI TIMUR');
INSERT INTO `districts` VALUES ('7318010', '7318', 'BONGGAKARADENG');
INSERT INTO `districts` VALUES ('7318011', '7318', 'SIMBUANG');
INSERT INTO `districts` VALUES ('7318012', '7318', 'RANO');
INSERT INTO `districts` VALUES ('7318013', '7318', 'MAPPAK');
INSERT INTO `districts` VALUES ('7318020', '7318', 'MENGKENDEK');
INSERT INTO `districts` VALUES ('7318021', '7318', 'GANDANG BATU SILANAN');
INSERT INTO `districts` VALUES ('7318030', '7318', 'SANGALLA');
INSERT INTO `districts` VALUES ('7318031', '7318', 'SANGALA SELATAN');
INSERT INTO `districts` VALUES ('7318032', '7318', 'SANGALLA UTARA');
INSERT INTO `districts` VALUES ('7318040', '7318', 'MAKALE');
INSERT INTO `districts` VALUES ('7318041', '7318', 'MAKALE SELATAN');
INSERT INTO `districts` VALUES ('7318042', '7318', 'MAKALE UTARA');
INSERT INTO `districts` VALUES ('7318050', '7318', 'SALUPUTTI');
INSERT INTO `districts` VALUES ('7318051', '7318', 'BITTUANG');
INSERT INTO `districts` VALUES ('7318052', '7318', 'REMBON');
INSERT INTO `districts` VALUES ('7318053', '7318', 'MASANDA');
INSERT INTO `districts` VALUES ('7318054', '7318', 'MALIMBONG BALEPE');
INSERT INTO `districts` VALUES ('7318061', '7318', 'RANTETAYO');
INSERT INTO `districts` VALUES ('7318067', '7318', 'KURRA');
INSERT INTO `districts` VALUES ('7322010', '7322', 'SABBANG');
INSERT INTO `districts` VALUES ('7322020', '7322', 'BAEBUNTA');
INSERT INTO `districts` VALUES ('7322030', '7322', 'MALANGKE');
INSERT INTO `districts` VALUES ('7322031', '7322', 'MALANGKE BARAT');
INSERT INTO `districts` VALUES ('7322040', '7322', 'SUKAMAJU');
INSERT INTO `districts` VALUES ('7322050', '7322', 'BONE-BONE');
INSERT INTO `districts` VALUES ('7322051', '7322', 'TANA LILI');
INSERT INTO `districts` VALUES ('7322120', '7322', 'MASAMBA');
INSERT INTO `districts` VALUES ('7322121', '7322', 'MAPPEDECENG');
INSERT INTO `districts` VALUES ('7322122', '7322', 'RAMPI');
INSERT INTO `districts` VALUES ('7322130', '7322', 'LIMBONG');
INSERT INTO `districts` VALUES ('7322131', '7322', 'SEKO');
INSERT INTO `districts` VALUES ('7325010', '7325', 'BURAU');
INSERT INTO `districts` VALUES ('7325020', '7325', 'WOTU');
INSERT INTO `districts` VALUES ('7325030', '7325', 'TOMONI');
INSERT INTO `districts` VALUES ('7325031', '7325', 'TOMONI TIMUR');
INSERT INTO `districts` VALUES ('7325040', '7325', 'ANGKONA');
INSERT INTO `districts` VALUES ('7325050', '7325', 'MALILI');
INSERT INTO `districts` VALUES ('7325060', '7325', 'TOWUTI');
INSERT INTO `districts` VALUES ('7325070', '7325', 'NUHA');
INSERT INTO `districts` VALUES ('7325071', '7325', 'WASUPONDA');
INSERT INTO `districts` VALUES ('7325080', '7325', 'MANGKUTANA');
INSERT INTO `districts` VALUES ('7325081', '7325', 'KALAENA');
INSERT INTO `districts` VALUES ('7326010', '7326', 'SOPAI');
INSERT INTO `districts` VALUES ('7326020', '7326', 'KESU');
INSERT INTO `districts` VALUES ('7326030', '7326', 'SANGGALANGI');
INSERT INTO `districts` VALUES ('7326040', '7326', 'BUNTAO');
INSERT INTO `districts` VALUES ('7326050', '7326', 'RANTEBUA');
INSERT INTO `districts` VALUES ('7326060', '7326', 'NANGGALA');
INSERT INTO `districts` VALUES ('7326070', '7326', 'TONDON');
INSERT INTO `districts` VALUES ('7326080', '7326', 'TALLUNGLIPU');
INSERT INTO `districts` VALUES ('7326090', '7326', 'RANTEPAO');
INSERT INTO `districts` VALUES ('7326100', '7326', 'TIKALA');
INSERT INTO `districts` VALUES ('7326110', '7326', 'SESEAN');
INSERT INTO `districts` VALUES ('7326120', '7326', 'BALUSU');
INSERT INTO `districts` VALUES ('7326130', '7326', 'SA\'DAN');
INSERT INTO `districts` VALUES ('7326140', '7326', 'BENGKELEKILA');
INSERT INTO `districts` VALUES ('7326150', '7326', 'SESEAN SULOARA');
INSERT INTO `districts` VALUES ('7326160', '7326', 'KAPALA PITU');
INSERT INTO `districts` VALUES ('7326170', '7326', 'DENDE PIONGAN NAPO');
INSERT INTO `districts` VALUES ('7326180', '7326', 'AWAN RANTE KARUA');
INSERT INTO `districts` VALUES ('7326190', '7326', 'RINDINGALO');
INSERT INTO `districts` VALUES ('7326200', '7326', 'BUNTU PEPASAN');
INSERT INTO `districts` VALUES ('7326210', '7326', 'BARUPPU');
INSERT INTO `districts` VALUES ('7371010', '7371', 'MARISO');
INSERT INTO `districts` VALUES ('7371020', '7371', 'MAMAJANG');
INSERT INTO `districts` VALUES ('7371030', '7371', 'TAMALATE');
INSERT INTO `districts` VALUES ('7371031', '7371', 'RAPPOCINI');
INSERT INTO `districts` VALUES ('7371040', '7371', 'MAKASSAR');
INSERT INTO `districts` VALUES ('7371050', '7371', 'UJUNG PANDANG');
INSERT INTO `districts` VALUES ('7371060', '7371', 'WAJO');
INSERT INTO `districts` VALUES ('7371070', '7371', 'BONTOALA');
INSERT INTO `districts` VALUES ('7371080', '7371', 'UJUNG TANAH');
INSERT INTO `districts` VALUES ('7371090', '7371', 'TALLO');
INSERT INTO `districts` VALUES ('7371100', '7371', 'PANAKKUKANG');
INSERT INTO `districts` VALUES ('7371101', '7371', 'MANGGALA');
INSERT INTO `districts` VALUES ('7371110', '7371', 'BIRING KANAYA');
INSERT INTO `districts` VALUES ('7371111', '7371', 'TAMALANREA');
INSERT INTO `districts` VALUES ('7372010', '7372', 'BACUKIKI');
INSERT INTO `districts` VALUES ('7372011', '7372', 'BACUKIKI BARAT');
INSERT INTO `districts` VALUES ('7372020', '7372', 'UJUNG');
INSERT INTO `districts` VALUES ('7372030', '7372', 'SOREANG');
INSERT INTO `districts` VALUES ('7373010', '7373', 'WARA SELATAN');
INSERT INTO `districts` VALUES ('7373011', '7373', 'SENDANA');
INSERT INTO `districts` VALUES ('7373020', '7373', 'WARA');
INSERT INTO `districts` VALUES ('7373021', '7373', 'WARA TIMUR');
INSERT INTO `districts` VALUES ('7373022', '7373', 'MUNGKAJANG');
INSERT INTO `districts` VALUES ('7373030', '7373', 'WARA UTARA');
INSERT INTO `districts` VALUES ('7373031', '7373', 'BARA');
INSERT INTO `districts` VALUES ('7373040', '7373', 'TELLUWANUA');
INSERT INTO `districts` VALUES ('7373041', '7373', 'WARA BARAT');
INSERT INTO `districts` VALUES ('7401050', '7401', 'LASALIMU');
INSERT INTO `districts` VALUES ('7401051', '7401', 'LASALIMU SELATAN');
INSERT INTO `districts` VALUES ('7401052', '7401', 'SIONTAPINA');
INSERT INTO `districts` VALUES ('7401060', '7401', 'PASAR WAJO');
INSERT INTO `districts` VALUES ('7401061', '7401', 'WOLOWA');
INSERT INTO `districts` VALUES ('7401062', '7401', 'WABULA');
INSERT INTO `districts` VALUES ('7401110', '7401', 'KAPONTORI');
INSERT INTO `districts` VALUES ('7402010', '7402', 'TONGKUNO');
INSERT INTO `districts` VALUES ('7402011', '7402', 'TONGKUNO SELATAN');
INSERT INTO `districts` VALUES ('7402020', '7402', 'PARIGI');
INSERT INTO `districts` VALUES ('7402021', '7402', 'BONE');
INSERT INTO `districts` VALUES ('7402022', '7402', 'MAROBO');
INSERT INTO `districts` VALUES ('7402030', '7402', 'KABAWO');
INSERT INTO `districts` VALUES ('7402031', '7402', 'KABANGKA');
INSERT INTO `districts` VALUES ('7402032', '7402', 'KONTUKOWUNA');
INSERT INTO `districts` VALUES ('7402061', '7402', 'KONTUNAGA');
INSERT INTO `districts` VALUES ('7402062', '7402', 'WATOPUTE');
INSERT INTO `districts` VALUES ('7402070', '7402', 'KATOBU');
INSERT INTO `districts` VALUES ('7402071', '7402', 'LOHIA');
INSERT INTO `districts` VALUES ('7402072', '7402', 'DURUKA');
INSERT INTO `districts` VALUES ('7402073', '7402', 'BATALAIWORU');
INSERT INTO `districts` VALUES ('7402080', '7402', 'NAPABALANO');
INSERT INTO `districts` VALUES ('7402081', '7402', 'LASALEPA');
INSERT INTO `districts` VALUES ('7402083', '7402', 'TOWEA');
INSERT INTO `districts` VALUES ('7402090', '7402', 'WAKORUMBA SELATAN');
INSERT INTO `districts` VALUES ('7402091', '7402', 'PASIR PUTIH');
INSERT INTO `districts` VALUES ('7402092', '7402', 'PASI KOLAGA');
INSERT INTO `districts` VALUES ('7402111', '7402', 'MALIGANO');
INSERT INTO `districts` VALUES ('7402112', '7402', 'BATUKARA');
INSERT INTO `districts` VALUES ('7403090', '7403', 'SOROPIA');
INSERT INTO `districts` VALUES ('7403091', '7403', 'LALONGGASUMEETO');
INSERT INTO `districts` VALUES ('7403100', '7403', 'SAMPARA');
INSERT INTO `districts` VALUES ('7403101', '7403', 'BONDOALA');
INSERT INTO `districts` VALUES ('7403102', '7403', 'BESULUTU');
INSERT INTO `districts` VALUES ('7403103', '7403', 'KAPOIALA');
INSERT INTO `districts` VALUES ('7403104', '7403', 'ANGGALOMOARE');
INSERT INTO `districts` VALUES ('7403105', '7403', 'MOROSI');
INSERT INTO `districts` VALUES ('7403130', '7403', 'LAMBUYA');
INSERT INTO `districts` VALUES ('7403131', '7403', 'UEPAI');
INSERT INTO `districts` VALUES ('7403132', '7403', 'PURIALA');
INSERT INTO `districts` VALUES ('7403133', '7403', 'ONEMBUTE');
INSERT INTO `districts` VALUES ('7403140', '7403', 'PONDIDAHA');
INSERT INTO `districts` VALUES ('7403141', '7403', 'WONGGEDUKU');
INSERT INTO `districts` VALUES ('7403142', '7403', 'AMONGGEDO');
INSERT INTO `districts` VALUES ('7403143', '7403', 'WONGGEDUKU BARAT');
INSERT INTO `districts` VALUES ('7403150', '7403', 'WAWOTOBI');
INSERT INTO `districts` VALUES ('7403151', '7403', 'MELUHU');
INSERT INTO `districts` VALUES ('7403152', '7403', 'KONAWE');
INSERT INTO `districts` VALUES ('7403170', '7403', 'UNAAHA');
INSERT INTO `districts` VALUES ('7403171', '7403', 'ANGGABERI');
INSERT INTO `districts` VALUES ('7403180', '7403', 'ABUKI');
INSERT INTO `districts` VALUES ('7403181', '7403', 'LATOMA');
INSERT INTO `districts` VALUES ('7403182', '7403', 'TONGAUNA');
INSERT INTO `districts` VALUES ('7403183', '7403', 'ASINUA');
INSERT INTO `districts` VALUES ('7403184', '7403', 'PADANGGUNI');
INSERT INTO `districts` VALUES ('7403185', '7403', 'TONGAUNA UTARA');
INSERT INTO `districts` VALUES ('7403193', '7403', 'ROUTA');
INSERT INTO `districts` VALUES ('7404010', '7404', 'WATUBANGGA');
INSERT INTO `districts` VALUES ('7404011', '7404', 'TANGGETADA');
INSERT INTO `districts` VALUES ('7404012', '7404', 'TOARI');
INSERT INTO `districts` VALUES ('7404013', '7404', 'POLINGGONA');
INSERT INTO `districts` VALUES ('7404020', '7404', 'POMALAA');
INSERT INTO `districts` VALUES ('7404030', '7404', 'WUNDULAKO');
INSERT INTO `districts` VALUES ('7404031', '7404', 'BAULA');
INSERT INTO `districts` VALUES ('7404060', '7404', 'KOLAKA');
INSERT INTO `districts` VALUES ('7404061', '7404', 'LATAMBAGA');
INSERT INTO `districts` VALUES ('7404070', '7404', 'WOLO');
INSERT INTO `districts` VALUES ('7404071', '7404', 'SAMATURU');
INSERT INTO `districts` VALUES ('7404072', '7404', 'IWOIMENDAA');
INSERT INTO `districts` VALUES ('7405010', '7405', 'TINANGGEA');
INSERT INTO `districts` VALUES ('7405011', '7405', 'LALEMBUU');
INSERT INTO `districts` VALUES ('7405020', '7405', 'ANDOOLO');
INSERT INTO `districts` VALUES ('7405021', '7405', 'BUKE');
INSERT INTO `districts` VALUES ('7405022', '7405', 'ANDOOLO BARAT');
INSERT INTO `districts` VALUES ('7405030', '7405', 'PALANGGA');
INSERT INTO `districts` VALUES ('7405031', '7405', 'PALANGGA SELATAN');
INSERT INTO `districts` VALUES ('7405032', '7405', 'BAITO');
INSERT INTO `districts` VALUES ('7405040', '7405', 'LAINEA');
INSERT INTO `districts` VALUES ('7405041', '7405', 'LAEYA');
INSERT INTO `districts` VALUES ('7405050', '7405', 'KOLONO');
INSERT INTO `districts` VALUES ('7405051', '7405', 'KOLONO TIMUR');
INSERT INTO `districts` VALUES ('7405060', '7405', 'LAONTI');
INSERT INTO `districts` VALUES ('7405070', '7405', 'MORAMO');
INSERT INTO `districts` VALUES ('7405071', '7405', 'MORAMO UTARA');
INSERT INTO `districts` VALUES ('7405080', '7405', 'KONDA');
INSERT INTO `districts` VALUES ('7405081', '7405', 'WOLASI');
INSERT INTO `districts` VALUES ('7405090', '7405', 'RANOMEETO');
INSERT INTO `districts` VALUES ('7405091', '7405', 'RANOMEETO BARAT');
INSERT INTO `districts` VALUES ('7405100', '7405', 'LANDONO');
INSERT INTO `districts` VALUES ('7405101', '7405', 'MOWILA');
INSERT INTO `districts` VALUES ('7405102', '7405', 'SABULAKOA');
INSERT INTO `districts` VALUES ('7405110', '7405', 'ANGATA');
INSERT INTO `districts` VALUES ('7405111', '7405', 'BENUA');
INSERT INTO `districts` VALUES ('7405112', '7405', 'BASALA');
INSERT INTO `districts` VALUES ('7406010', '7406', 'KABAENA');
INSERT INTO `districts` VALUES ('7406011', '7406', 'KABAENA UTARA');
INSERT INTO `districts` VALUES ('7406012', '7406', 'KABAENA SELATAN');
INSERT INTO `districts` VALUES ('7406013', '7406', 'KABAENA BARAT');
INSERT INTO `districts` VALUES ('7406020', '7406', 'KABAENA TIMUR');
INSERT INTO `districts` VALUES ('7406021', '7406', 'KABAENA TENGAH');
INSERT INTO `districts` VALUES ('7406030', '7406', 'RUMBIA');
INSERT INTO `districts` VALUES ('7406031', '7406', 'MATA OLEO');
INSERT INTO `districts` VALUES ('7406032', '7406', 'KEP. MASALOKA RAYA');
INSERT INTO `districts` VALUES ('7406033', '7406', 'RUMBIA TENGAH');
INSERT INTO `districts` VALUES ('7406040', '7406', 'RAROWATU');
INSERT INTO `districts` VALUES ('7406041', '7406', 'RAROWATU UTARA');
INSERT INTO `districts` VALUES ('7406042', '7406', 'MATA USU');
INSERT INTO `districts` VALUES ('7406043', '7406', 'LANTARI JAYA');
INSERT INTO `districts` VALUES ('7406050', '7406', 'POLEANG TIMUR');
INSERT INTO `districts` VALUES ('7406051', '7406', 'POLEANG UTARA');
INSERT INTO `districts` VALUES ('7406052', '7406', 'POLEANG SELATAN');
INSERT INTO `districts` VALUES ('7406053', '7406', 'POLEANG TENGGARA');
INSERT INTO `districts` VALUES ('7406060', '7406', 'POLEANG');
INSERT INTO `districts` VALUES ('7406061', '7406', 'POLEANG BARAT');
INSERT INTO `districts` VALUES ('7406062', '7406', 'TONTONUNU');
INSERT INTO `districts` VALUES ('7406063', '7406', 'POLEANG TENGAH');
INSERT INTO `districts` VALUES ('7407010', '7407', 'BINONGKO');
INSERT INTO `districts` VALUES ('7407011', '7407', 'TOGO BINONGKO');
INSERT INTO `districts` VALUES ('7407020', '7407', 'TOMIA');
INSERT INTO `districts` VALUES ('7407021', '7407', 'TOMIA TIMUR');
INSERT INTO `districts` VALUES ('7407030', '7407', 'KALEDUPA');
INSERT INTO `districts` VALUES ('7407031', '7407', 'KALEDUPA SELATAN');
INSERT INTO `districts` VALUES ('7407040', '7407', 'WANGI-WANGI');
INSERT INTO `districts` VALUES ('7407050', '7407', 'WANGI-WANGI SELATAN');
INSERT INTO `districts` VALUES ('7408010', '7408', 'RANTEANGIN');
INSERT INTO `districts` VALUES ('7408011', '7408', 'LAMBAI');
INSERT INTO `districts` VALUES ('7408012', '7408', 'WAWO');
INSERT INTO `districts` VALUES ('7408020', '7408', 'LASUSUA');
INSERT INTO `districts` VALUES ('7408021', '7408', 'KATOI');
INSERT INTO `districts` VALUES ('7408030', '7408', 'KODEOHA');
INSERT INTO `districts` VALUES ('7408031', '7408', 'TIWU');
INSERT INTO `districts` VALUES ('7408040', '7408', 'NGAPA');
INSERT INTO `districts` VALUES ('7408041', '7408', 'WATUNOHU');
INSERT INTO `districts` VALUES ('7408050', '7408', 'PAKUE');
INSERT INTO `districts` VALUES ('7408051', '7408', 'PAKUE UTARA');
INSERT INTO `districts` VALUES ('7408052', '7408', 'PAKUE TENGAH');
INSERT INTO `districts` VALUES ('7408060', '7408', 'BATU PUTIH');
INSERT INTO `districts` VALUES ('7408061', '7408', 'POREHU');
INSERT INTO `districts` VALUES ('7408062', '7408', 'TOLALA');
INSERT INTO `districts` VALUES ('7409100', '7409', 'BONEGUNU');
INSERT INTO `districts` VALUES ('7409101', '7409', 'KAMBOWA');
INSERT INTO `districts` VALUES ('7409110', '7409', 'WAKORUMBA');
INSERT INTO `districts` VALUES ('7409120', '7409', 'KULISUSU');
INSERT INTO `districts` VALUES ('7409121', '7409', 'KULISUSU BARAT');
INSERT INTO `districts` VALUES ('7409122', '7409', 'KULISUSU UTARA');
INSERT INTO `districts` VALUES ('7410010', '7410', 'SAWA');
INSERT INTO `districts` VALUES ('7410011', '7410', 'MOTUI');
INSERT INTO `districts` VALUES ('7410020', '7410', 'LEMBO');
INSERT INTO `districts` VALUES ('7410030', '7410', 'LASOLO');
INSERT INTO `districts` VALUES ('7410040', '7410', 'MOLAWE');
INSERT INTO `districts` VALUES ('7410050', '7410', 'ASERA');
INSERT INTO `districts` VALUES ('7410051', '7410', 'ANDOWIA');
INSERT INTO `districts` VALUES ('7410052', '7410', 'OHEO');
INSERT INTO `districts` VALUES ('7410060', '7410', 'LANGGIKIMA');
INSERT INTO `districts` VALUES ('7410070', '7410', 'WIWIRANO');
INSERT INTO `districts` VALUES ('7411010', '7411', 'AERE');
INSERT INTO `districts` VALUES ('7411020', '7411', 'LAMBANDIA');
INSERT INTO `districts` VALUES ('7411030', '7411', 'POLI-POLIA');
INSERT INTO `districts` VALUES ('7411040', '7411', 'DANGIA');
INSERT INTO `districts` VALUES ('7411050', '7411', 'LADONGI');
INSERT INTO `districts` VALUES ('7411060', '7411', 'LOEA');
INSERT INTO `districts` VALUES ('7411070', '7411', 'TIRAWUTA');
INSERT INTO `districts` VALUES ('7411080', '7411', 'LALOLAE');
INSERT INTO `districts` VALUES ('7411090', '7411', 'MOWEWE');
INSERT INTO `districts` VALUES ('7411100', '7411', 'TINONDO');
INSERT INTO `districts` VALUES ('7411110', '7411', 'ULUIWOI');
INSERT INTO `districts` VALUES ('7411120', '7411', 'UEESI');
INSERT INTO `districts` VALUES ('7412010', '7412', 'WAWONII TENGGARA');
INSERT INTO `districts` VALUES ('7412020', '7412', 'WAWONII TIMUR');
INSERT INTO `districts` VALUES ('7412030', '7412', 'WAWONII TIMUR LAUT');
INSERT INTO `districts` VALUES ('7412040', '7412', 'WAWONII UTARA');
INSERT INTO `districts` VALUES ('7412050', '7412', 'WAWONII SELATAN');
INSERT INTO `districts` VALUES ('7412060', '7412', 'WAWONII TENGAH');
INSERT INTO `districts` VALUES ('7412070', '7412', 'WAWONII BARAT');
INSERT INTO `districts` VALUES ('7413010', '7413', 'TIWORO KEPULAUAN');
INSERT INTO `districts` VALUES ('7413020', '7413', 'MAGINTI');
INSERT INTO `districts` VALUES ('7413030', '7413', 'TIWORO TENGAH');
INSERT INTO `districts` VALUES ('7413040', '7413', 'TIWORO SELATAN');
INSERT INTO `districts` VALUES ('7413050', '7413', 'TIWORO UTARA');
INSERT INTO `districts` VALUES ('7413060', '7413', 'LAWA');
INSERT INTO `districts` VALUES ('7413070', '7413', 'SAWERIGADI');
INSERT INTO `districts` VALUES ('7413080', '7413', 'BARANGKA');
INSERT INTO `districts` VALUES ('7413090', '7413', 'WA DAGA');
INSERT INTO `districts` VALUES ('7413100', '7413', 'KUSAMBI');
INSERT INTO `districts` VALUES ('7413110', '7413', 'NAPANO KUSAMBI');
INSERT INTO `districts` VALUES ('7414010', '7414', 'TALAGA RAYA');
INSERT INTO `districts` VALUES ('7414020', '7414', 'MAWASANGKA');
INSERT INTO `districts` VALUES ('7414030', '7414', 'MAWASANGKA TENGAH');
INSERT INTO `districts` VALUES ('7414040', '7414', 'MAWASANGKA TIMUR');
INSERT INTO `districts` VALUES ('7414050', '7414', 'LAKUDO');
INSERT INTO `districts` VALUES ('7414060', '7414', 'GU');
INSERT INTO `districts` VALUES ('7414070', '7414', 'SANGIA WAMBULU');
INSERT INTO `districts` VALUES ('7415010', '7415', 'BATU ATAS');
INSERT INTO `districts` VALUES ('7415020', '7415', 'LAPANDEWA');
INSERT INTO `districts` VALUES ('7415030', '7415', 'SAMPOLAWA');
INSERT INTO `districts` VALUES ('7415040', '7415', 'BATAUGA');
INSERT INTO `districts` VALUES ('7415050', '7415', 'SIOMPU BARAT');
INSERT INTO `districts` VALUES ('7415060', '7415', 'SIOMPU');
INSERT INTO `districts` VALUES ('7415070', '7415', 'KADATUA');
INSERT INTO `districts` VALUES ('7471010', '7471', 'MANDONGA');
INSERT INTO `districts` VALUES ('7471011', '7471', 'BARUGA');
INSERT INTO `districts` VALUES ('7471012', '7471', 'PUUWATU');
INSERT INTO `districts` VALUES ('7471013', '7471', 'KADIA');
INSERT INTO `districts` VALUES ('7471014', '7471', 'WUA-WUA');
INSERT INTO `districts` VALUES ('7471020', '7471', 'POASIA');
INSERT INTO `districts` VALUES ('7471021', '7471', 'ABELI');
INSERT INTO `districts` VALUES ('7471022', '7471', 'KAMBU');
INSERT INTO `districts` VALUES ('7471030', '7471', 'KENDARI');
INSERT INTO `districts` VALUES ('7471031', '7471', 'KENDARI BARAT');
INSERT INTO `districts` VALUES ('7472010', '7472', 'BETOAMBARI');
INSERT INTO `districts` VALUES ('7472011', '7472', 'MURHUM');
INSERT INTO `districts` VALUES ('7472012', '7472', 'BATUPOARO');
INSERT INTO `districts` VALUES ('7472020', '7472', 'WOLIO');
INSERT INTO `districts` VALUES ('7472021', '7472', 'KOKALUKUNA');
INSERT INTO `districts` VALUES ('7472030', '7472', 'SORAWOLIO');
INSERT INTO `districts` VALUES ('7472040', '7472', 'BUNGI');
INSERT INTO `districts` VALUES ('7472041', '7472', 'LEA-LEA');
INSERT INTO `districts` VALUES ('7501031', '7501', 'MANANGGU');
INSERT INTO `districts` VALUES ('7501040', '7501', 'TILAMUTA');
INSERT INTO `districts` VALUES ('7501041', '7501', 'DULUPI');
INSERT INTO `districts` VALUES ('7501042', '7501', 'BOTUMOITO');
INSERT INTO `districts` VALUES ('7501050', '7501', 'PAGUYAMAN');
INSERT INTO `districts` VALUES ('7501051', '7501', 'WONOSARI');
INSERT INTO `districts` VALUES ('7501052', '7501', 'PAGUYAMAN PANTAI');
INSERT INTO `districts` VALUES ('7502010', '7502', 'BATUDAA PANTAI');
INSERT INTO `districts` VALUES ('7502011', '7502', 'BILUHU');
INSERT INTO `districts` VALUES ('7502020', '7502', 'BATUDAA');
INSERT INTO `districts` VALUES ('7502021', '7502', 'BONGOMEME');
INSERT INTO `districts` VALUES ('7502022', '7502', 'TABONGO');
INSERT INTO `districts` VALUES ('7502023', '7502', 'DUNGALIYO');
INSERT INTO `districts` VALUES ('7502030', '7502', 'TIBAWA');
INSERT INTO `districts` VALUES ('7502031', '7502', 'PULUBALA');
INSERT INTO `districts` VALUES ('7502040', '7502', 'BOLIYOHUTO');
INSERT INTO `districts` VALUES ('7502041', '7502', 'MOOTILANGO');
INSERT INTO `districts` VALUES ('7502042', '7502', 'TOLANGOHULA');
INSERT INTO `districts` VALUES ('7502043', '7502', 'ASPARAGA');
INSERT INTO `districts` VALUES ('7502044', '7502', 'BILATO');
INSERT INTO `districts` VALUES ('7502070', '7502', 'LIMBOTO');
INSERT INTO `districts` VALUES ('7502071', '7502', 'LIMBOTO BARAT');
INSERT INTO `districts` VALUES ('7502080', '7502', 'TELAGA');
INSERT INTO `districts` VALUES ('7502081', '7502', 'TELAGA BIRU');
INSERT INTO `districts` VALUES ('7502082', '7502', 'TILANGO');
INSERT INTO `districts` VALUES ('7502083', '7502', 'TELAGA JAYA');
INSERT INTO `districts` VALUES ('7503010', '7503', 'POPAYATO');
INSERT INTO `districts` VALUES ('7503011', '7503', 'POPAYATO BARAT');
INSERT INTO `districts` VALUES ('7503012', '7503', 'POPAYATO TIMUR');
INSERT INTO `districts` VALUES ('7503020', '7503', 'LEMITO');
INSERT INTO `districts` VALUES ('7503021', '7503', 'WANGGARASI');
INSERT INTO `districts` VALUES ('7503030', '7503', 'MARISA');
INSERT INTO `districts` VALUES ('7503031', '7503', 'PATILANGGIO');
INSERT INTO `districts` VALUES ('7503032', '7503', 'BUNTULIA');
INSERT INTO `districts` VALUES ('7503033', '7503', 'DUHIADAA');
INSERT INTO `districts` VALUES ('7503040', '7503', 'RANDANGAN');
INSERT INTO `districts` VALUES ('7503041', '7503', 'TALUDITI');
INSERT INTO `districts` VALUES ('7503050', '7503', 'PAGUAT');
INSERT INTO `districts` VALUES ('7503051', '7503', 'DENGILO');
INSERT INTO `districts` VALUES ('7504010', '7504', 'TAPA');
INSERT INTO `districts` VALUES ('7504011', '7504', 'BULANGO UTARA');
INSERT INTO `districts` VALUES ('7504012', '7504', 'BULANGO SELATAN');
INSERT INTO `districts` VALUES ('7504013', '7504', 'BULANGO TIMUR');
INSERT INTO `districts` VALUES ('7504014', '7504', 'BULANGO ULU');
INSERT INTO `districts` VALUES ('7504020', '7504', 'KABILA');
INSERT INTO `districts` VALUES ('7504021', '7504', 'BOTU PINGGE');
INSERT INTO `districts` VALUES ('7504022', '7504', 'TILONGKABILA');
INSERT INTO `districts` VALUES ('7504030', '7504', 'SUWAWA');
INSERT INTO `districts` VALUES ('7504031', '7504', 'SUWAWA SELATAN');
INSERT INTO `districts` VALUES ('7504032', '7504', 'SUWAWA TIMUR');
INSERT INTO `districts` VALUES ('7504033', '7504', 'SUWAWA TENGAH');
INSERT INTO `districts` VALUES ('7504034', '7504', 'PINOGU');
INSERT INTO `districts` VALUES ('7504040', '7504', 'BONEPANTAI');
INSERT INTO `districts` VALUES ('7504041', '7504', 'KABILA BONE');
INSERT INTO `districts` VALUES ('7504042', '7504', 'BONE RAYA');
INSERT INTO `districts` VALUES ('7504043', '7504', 'BONE');
INSERT INTO `districts` VALUES ('7504044', '7504', 'BULAWA');
INSERT INTO `districts` VALUES ('7505010', '7505', 'ATINGGOLA');
INSERT INTO `districts` VALUES ('7505011', '7505', 'GENTUMA RAYA');
INSERT INTO `districts` VALUES ('7505020', '7505', 'KWANDANG');
INSERT INTO `districts` VALUES ('7505021', '7505', 'TOMILITO');
INSERT INTO `districts` VALUES ('7505022', '7505', 'PONELO KEPULAUAN');
INSERT INTO `districts` VALUES ('7505030', '7505', 'ANGGREK');
INSERT INTO `districts` VALUES ('7505031', '7505', 'MONANO');
INSERT INTO `districts` VALUES ('7505040', '7505', 'SUMALATA');
INSERT INTO `districts` VALUES ('7505041', '7505', 'SUMALATA TIMUR');
INSERT INTO `districts` VALUES ('7505050', '7505', 'TOLINGGULA');
INSERT INTO `districts` VALUES ('7505051', '7505', 'BIAU');
INSERT INTO `districts` VALUES ('7571010', '7571', 'KOTA BARAT');
INSERT INTO `districts` VALUES ('7571011', '7571', 'DUNGINGI');
INSERT INTO `districts` VALUES ('7571020', '7571', 'KOTA SELATAN');
INSERT INTO `districts` VALUES ('7571021', '7571', 'KOTA TIMUR');
INSERT INTO `districts` VALUES ('7571022', '7571', 'HULONTHALANGI');
INSERT INTO `districts` VALUES ('7571023', '7571', 'DUMBO RAYA');
INSERT INTO `districts` VALUES ('7571030', '7571', 'KOTA UTARA');
INSERT INTO `districts` VALUES ('7571031', '7571', 'KOTA TENGAH');
INSERT INTO `districts` VALUES ('7571032', '7571', 'SIPATANA');
INSERT INTO `districts` VALUES ('7601010', '7601', 'BANGGAE');
INSERT INTO `districts` VALUES ('7601011', '7601', 'BANGGAE TIMUR');
INSERT INTO `districts` VALUES ('7601020', '7601', 'PAMBOANG');
INSERT INTO `districts` VALUES ('7601030', '7601', 'SENDANA');
INSERT INTO `districts` VALUES ('7601031', '7601', 'TAMMERODO');
INSERT INTO `districts` VALUES ('7601033', '7601', 'TUBO SENDANA');
INSERT INTO `districts` VALUES ('7601040', '7601', 'MALUNDA');
INSERT INTO `districts` VALUES ('7601041', '7601', 'ULUMANDA');
INSERT INTO `districts` VALUES ('7602010', '7602', 'TINAMBUNG');
INSERT INTO `districts` VALUES ('7602011', '7602', 'BALANIPA');
INSERT INTO `districts` VALUES ('7602012', '7602', 'LIMBORO');
INSERT INTO `districts` VALUES ('7602020', '7602', 'TUBBI TARAMANU');
INSERT INTO `districts` VALUES ('7602021', '7602', 'ALU');
INSERT INTO `districts` VALUES ('7602030', '7602', 'CAMPALAGIAN');
INSERT INTO `districts` VALUES ('7602031', '7602', 'LUYO');
INSERT INTO `districts` VALUES ('7602040', '7602', 'WONOMULYO');
INSERT INTO `districts` VALUES ('7602041', '7602', 'MAPILLI');
INSERT INTO `districts` VALUES ('7602042', '7602', 'TAPANGO');
INSERT INTO `districts` VALUES ('7602043', '7602', 'MATAKALI');
INSERT INTO `districts` VALUES ('7602044', '7602', 'B U L O');
INSERT INTO `districts` VALUES ('7602050', '7602', 'POLEWALI');
INSERT INTO `districts` VALUES ('7602051', '7602', 'BINUANG');
INSERT INTO `districts` VALUES ('7602052', '7602', 'ANREAPI');
INSERT INTO `districts` VALUES ('7602061', '7602', 'MATANGNGA');
INSERT INTO `districts` VALUES ('7603010', '7603', 'SUMARORONG');
INSERT INTO `districts` VALUES ('7603020', '7603', 'MESSAWA');
INSERT INTO `districts` VALUES ('7603030', '7603', 'PANA');
INSERT INTO `districts` VALUES ('7603031', '7603', 'NOSU');
INSERT INTO `districts` VALUES ('7603040', '7603', 'TABANG');
INSERT INTO `districts` VALUES ('7603050', '7603', 'MAMASA');
INSERT INTO `districts` VALUES ('7603060', '7603', 'TANDUK KALUA');
INSERT INTO `districts` VALUES ('7603061', '7603', 'BALLA');
INSERT INTO `districts` VALUES ('7603070', '7603', 'SESENAPADANG');
INSERT INTO `districts` VALUES ('7603071', '7603', 'TAWALIAN');
INSERT INTO `districts` VALUES ('7603080', '7603', 'MAMBI');
INSERT INTO `districts` VALUES ('7603081', '7603', 'BAMBANG');
INSERT INTO `districts` VALUES ('7603082', '7603', 'RANTEBULAHAN TIMUR');
INSERT INTO `districts` VALUES ('7603083', '7603', 'MEHALAAN');
INSERT INTO `districts` VALUES ('7603090', '7603', 'ARALLE');
INSERT INTO `districts` VALUES ('7603091', '7603', 'BUNTU MALANGKA');
INSERT INTO `districts` VALUES ('7603100', '7603', 'TABULAHAN');
INSERT INTO `districts` VALUES ('7604010', '7604', 'TAPALANG');
INSERT INTO `districts` VALUES ('7604011', '7604', 'TAPALANG BARAT');
INSERT INTO `districts` VALUES ('7604020', '7604', 'MAMUJU');
INSERT INTO `districts` VALUES ('7604022', '7604', 'SIMBORO');
INSERT INTO `districts` VALUES ('7604023', '7604', 'BALABALAKANG');
INSERT INTO `districts` VALUES ('7604030', '7604', 'KALUKKU');
INSERT INTO `districts` VALUES ('7604031', '7604', 'PAPALANG');
INSERT INTO `districts` VALUES ('7604032', '7604', 'SAMPAGA');
INSERT INTO `districts` VALUES ('7604033', '7604', 'TOMMO');
INSERT INTO `districts` VALUES ('7604040', '7604', 'KALUMPANG');
INSERT INTO `districts` VALUES ('7604041', '7604', 'BONEHAU');
INSERT INTO `districts` VALUES ('7605010', '7605', 'SARUDU');
INSERT INTO `districts` VALUES ('7605011', '7605', 'DAPURANG');
INSERT INTO `districts` VALUES ('7605012', '7605', 'DURIPOKU');
INSERT INTO `districts` VALUES ('7605020', '7605', 'BARAS');
INSERT INTO `districts` VALUES ('7605021', '7605', 'BULU TABA');
INSERT INTO `districts` VALUES ('7605022', '7605', 'LARIANG');
INSERT INTO `districts` VALUES ('7605030', '7605', 'PASANGKAYU');
INSERT INTO `districts` VALUES ('7605031', '7605', 'TIKKE RAYA');
INSERT INTO `districts` VALUES ('7605032', '7605', 'PEDONGGA');
INSERT INTO `districts` VALUES ('7605040', '7605', 'BAMBALAMOTU');
INSERT INTO `districts` VALUES ('7605041', '7605', 'BAMBAIRA');
INSERT INTO `districts` VALUES ('7605042', '7605', 'SARJO');
INSERT INTO `districts` VALUES ('7606010', '7606', 'PANGALE');
INSERT INTO `districts` VALUES ('7606020', '7606', 'BUDONG-BUDONG');
INSERT INTO `districts` VALUES ('7606030', '7606', 'TOBADAK');
INSERT INTO `districts` VALUES ('7606040', '7606', 'TOPOYO');
INSERT INTO `districts` VALUES ('7606050', '7606', 'KAROSSA');
INSERT INTO `districts` VALUES ('8101040', '8101', 'TANIMBAR SELATAN');
INSERT INTO `districts` VALUES ('8101041', '8101', 'WER TAMRIAN');
INSERT INTO `districts` VALUES ('8101042', '8101', 'WER MAKTIAN');
INSERT INTO `districts` VALUES ('8101043', '8101', 'SELARU');
INSERT INTO `districts` VALUES ('8101050', '8101', 'TANIMBAR UTARA');
INSERT INTO `districts` VALUES ('8101051', '8101', 'YARU');
INSERT INTO `districts` VALUES ('8101052', '8101', 'WUAR LABOBAR');
INSERT INTO `districts` VALUES ('8101053', '8101', 'NIRUNMAS');
INSERT INTO `districts` VALUES ('8101054', '8101', 'KORMOMOLIN');
INSERT INTO `districts` VALUES ('8101055', '8101', 'MOLU MARU');
INSERT INTO `districts` VALUES ('8102010', '8102', 'KEI KECIL');
INSERT INTO `districts` VALUES ('8102012', '8102', 'KEI KECIL BARAT');
INSERT INTO `districts` VALUES ('8102013', '8102', 'KEI KECIL TIMUR');
INSERT INTO `districts` VALUES ('8102014', '8102', 'HOAT SORBAY');
INSERT INTO `districts` VALUES ('8102015', '8102', 'MANYEUW');
INSERT INTO `districts` VALUES ('8102016', '8102', 'KEI KECIL TIMUR SELATAN');
INSERT INTO `districts` VALUES ('8102020', '8102', 'KEI BESAR');
INSERT INTO `districts` VALUES ('8102021', '8102', 'KEI BESAR UTARA TIMUR');
INSERT INTO `districts` VALUES ('8102022', '8102', 'KEI BESAR SELATAN');
INSERT INTO `districts` VALUES ('8102023', '8102', 'KEI BESAR UTARA BARAT');
INSERT INTO `districts` VALUES ('8102024', '8102', 'KEI BESAR SELATAN BARAT');
INSERT INTO `districts` VALUES ('8103010', '8103', 'BANDA');
INSERT INTO `districts` VALUES ('8103040', '8103', 'TEHORU');
INSERT INTO `districts` VALUES ('8103041', '8103', 'TELUTIH');
INSERT INTO `districts` VALUES ('8103050', '8103', 'AMAHAI');
INSERT INTO `districts` VALUES ('8103051', '8103', 'KOTA MASOHI');
INSERT INTO `districts` VALUES ('8103052', '8103', 'TELUK ELPAPUTIH');
INSERT INTO `districts` VALUES ('8103060', '8103', 'TEON NILA SERUA');
INSERT INTO `districts` VALUES ('8103080', '8103', 'SAPARUA');
INSERT INTO `districts` VALUES ('8103081', '8103', 'NUSALAUT');
INSERT INTO `districts` VALUES ('8103082', '8103', 'SAPARUA TIMUR');
INSERT INTO `districts` VALUES ('8103090', '8103', 'P. HARUKU');
INSERT INTO `districts` VALUES ('8103100', '8103', 'SALAHUTU');
INSERT INTO `districts` VALUES ('8103110', '8103', 'LEIHITU');
INSERT INTO `districts` VALUES ('8103111', '8103', 'LEIHITU BARAT');
INSERT INTO `districts` VALUES ('8103140', '8103', 'SERAM UTARA');
INSERT INTO `districts` VALUES ('8103141', '8103', 'SERAM UTARA BARAT');
INSERT INTO `districts` VALUES ('8103142', '8103', 'SERAM UTARA TIMUR KOBI');
INSERT INTO `districts` VALUES ('8103143', '8103', 'SERAM UTARA TIMUR SETI');
INSERT INTO `districts` VALUES ('8104020', '8104', 'NAMLEA');
INSERT INTO `districts` VALUES ('8104021', '8104', 'WAEAPO');
INSERT INTO `districts` VALUES ('8104022', '8104', 'WAPLAU');
INSERT INTO `districts` VALUES ('8104023', '8104', 'BATA BUAL');
INSERT INTO `districts` VALUES ('8104024', '8104', 'TELUK KAIELY');
INSERT INTO `districts` VALUES ('8104025', '8104', 'WAELATA');
INSERT INTO `districts` VALUES ('8104026', '8104', 'LOLONG GUBA');
INSERT INTO `districts` VALUES ('8104027', '8104', 'LILIALY');
INSERT INTO `districts` VALUES ('8104030', '8104', 'AIR BUAYA');
INSERT INTO `districts` VALUES ('8104031', '8104', 'FENA LEISELA');
INSERT INTO `districts` VALUES ('8105010', '8105', 'ARU SELATAN');
INSERT INTO `districts` VALUES ('8105011', '8105', 'ARU SELATAN TIMUR');
INSERT INTO `districts` VALUES ('8105012', '8105', 'ARU SELATAN UTARA');
INSERT INTO `districts` VALUES ('8105020', '8105', 'ARU TENGAH');
INSERT INTO `districts` VALUES ('8105021', '8105', 'ARU TENGAH TIMUR');
INSERT INTO `districts` VALUES ('8105022', '8105', 'ARU TENGAH SELATAN');
INSERT INTO `districts` VALUES ('8105030', '8105', 'PULAU-PULAU ARU');
INSERT INTO `districts` VALUES ('8105031', '8105', 'ARU UTARA');
INSERT INTO `districts` VALUES ('8105032', '8105', 'ARU UTARA TIMUR BATULEY');
INSERT INTO `districts` VALUES ('8105033', '8105', 'SIR-SIR');
INSERT INTO `districts` VALUES ('8106010', '8106', 'HUAMUAL BELAKANG');
INSERT INTO `districts` VALUES ('8106011', '8106', 'KEPULAUAN MANIPA');
INSERT INTO `districts` VALUES ('8106020', '8106', 'SERAM BARAT');
INSERT INTO `districts` VALUES ('8106021', '8106', 'HUAMUAL');
INSERT INTO `districts` VALUES ('8106030', '8106', 'KAIRATU');
INSERT INTO `districts` VALUES ('8106031', '8106', 'KAIRATU BARAT');
INSERT INTO `districts` VALUES ('8106032', '8106', 'INAMOSOL');
INSERT INTO `districts` VALUES ('8106033', '8106', 'AMALATU');
INSERT INTO `districts` VALUES ('8106034', '8106', 'ELPAPUTIH');
INSERT INTO `districts` VALUES ('8106040', '8106', 'TANIWEL');
INSERT INTO `districts` VALUES ('8106041', '8106', 'TANIWEL TIMUR');
INSERT INTO `districts` VALUES ('8107010', '8107', 'PULAU GOROM');
INSERT INTO `districts` VALUES ('8107011', '8107', 'WAKATE');
INSERT INTO `districts` VALUES ('8107012', '8107', 'TEOR');
INSERT INTO `districts` VALUES ('8107013', '8107', 'GOROM TIMUR');
INSERT INTO `districts` VALUES ('8107014', '8107', 'PULAU PANJANG');
INSERT INTO `districts` VALUES ('8107020', '8107', 'SERAM TIMUR');
INSERT INTO `districts` VALUES ('8107021', '8107', 'TUTUK TOLU');
INSERT INTO `districts` VALUES ('8107022', '8107', 'KILMURY');
INSERT INTO `districts` VALUES ('8107023', '8107', 'LIAN VITU');
INSERT INTO `districts` VALUES ('8107024', '8107', 'KIAN DARAT');
INSERT INTO `districts` VALUES ('8107030', '8107', 'WERINAMA');
INSERT INTO `districts` VALUES ('8107031', '8107', 'SIWALALAT');
INSERT INTO `districts` VALUES ('8107040', '8107', 'BULA');
INSERT INTO `districts` VALUES ('8107041', '8107', 'BULA BARAT');
INSERT INTO `districts` VALUES ('8107042', '8107', 'TELUK WARU');
INSERT INTO `districts` VALUES ('8108010', '8108', 'WETAR');
INSERT INTO `districts` VALUES ('8108011', '8108', 'WETAR BARAT');
INSERT INTO `districts` VALUES ('8108012', '8108', 'WETAR UTARA');
INSERT INTO `districts` VALUES ('8108013', '8108', 'WETAR TIMUR');
INSERT INTO `districts` VALUES ('8108020', '8108', 'PP. TERSELATAN');
INSERT INTO `districts` VALUES ('8108021', '8108', 'KISAR UTARA');
INSERT INTO `districts` VALUES ('8108022', '8108', 'KEPULAUAN ROMANG');
INSERT INTO `districts` VALUES ('8108030', '8108', 'LETTI');
INSERT INTO `districts` VALUES ('8108041', '8108', 'MOA');
INSERT INTO `districts` VALUES ('8108042', '8108', 'LAKOR');
INSERT INTO `districts` VALUES ('8108050', '8108', 'DAMER');
INSERT INTO `districts` VALUES ('8108060', '8108', 'MDONA HIERA');
INSERT INTO `districts` VALUES ('8108070', '8108', 'PP. BABAR');
INSERT INTO `districts` VALUES ('8108071', '8108', 'PULAU WETANG');
INSERT INTO `districts` VALUES ('8108080', '8108', 'BABAR TIMUR');
INSERT INTO `districts` VALUES ('8108081', '8108', 'PULAU MASELA');
INSERT INTO `districts` VALUES ('8108082', '8108', 'DAWELOR DAWERA');
INSERT INTO `districts` VALUES ('8109010', '8109', 'KEPALA MADAN');
INSERT INTO `districts` VALUES ('8109020', '8109', 'LEKSULA');
INSERT INTO `districts` VALUES ('8109021', '8109', 'FENA FAFAN');
INSERT INTO `districts` VALUES ('8109030', '8109', 'NAMROLE');
INSERT INTO `districts` VALUES ('8109040', '8109', 'WAISAMA');
INSERT INTO `districts` VALUES ('8109050', '8109', 'AMBALAU');
INSERT INTO `districts` VALUES ('8171010', '8171', 'NUSANIWE');
INSERT INTO `districts` VALUES ('8171020', '8171', 'SIRIMAU');
INSERT INTO `districts` VALUES ('8171021', '8171', 'LEITIMUR SELATAN');
INSERT INTO `districts` VALUES ('8171030', '8171', 'TELUK AMBON BAGUALA');
INSERT INTO `districts` VALUES ('8171031', '8171', 'TELUK AMBON');
INSERT INTO `districts` VALUES ('8172010', '8172', 'PP. KUR');
INSERT INTO `districts` VALUES ('8172011', '8172', 'KUR SELATAN');
INSERT INTO `districts` VALUES ('8172020', '8172', 'TAYANDO TAM');
INSERT INTO `districts` VALUES ('8172030', '8172', 'PULAU DULLAH UTARA');
INSERT INTO `districts` VALUES ('8172040', '8172', 'PULAU DULLAH SELATAN');
INSERT INTO `districts` VALUES ('8201090', '8201', 'JAILOLO');
INSERT INTO `districts` VALUES ('8201091', '8201', 'JAILOLO SELATAN');
INSERT INTO `districts` VALUES ('8201100', '8201', 'SAHU');
INSERT INTO `districts` VALUES ('8201101', '8201', 'SAHU TIMUR');
INSERT INTO `districts` VALUES ('8201130', '8201', 'IBU');
INSERT INTO `districts` VALUES ('8201131', '8201', 'IBU SELATAN');
INSERT INTO `districts` VALUES ('8201132', '8201', 'TABARU');
INSERT INTO `districts` VALUES ('8201140', '8201', 'LOLODA');
INSERT INTO `districts` VALUES ('8202030', '8202', 'WEDA');
INSERT INTO `districts` VALUES ('8202031', '8202', 'WEDA SELATAN');
INSERT INTO `districts` VALUES ('8202032', '8202', 'WEDA UTARA');
INSERT INTO `districts` VALUES ('8202033', '8202', 'WEDA TENGAH');
INSERT INTO `districts` VALUES ('8202034', '8202', 'WEDA TIMUR');
INSERT INTO `districts` VALUES ('8202041', '8202', 'PULAU GEBE');
INSERT INTO `districts` VALUES ('8202042', '8202', 'PATANI');
INSERT INTO `districts` VALUES ('8202043', '8202', 'PATANI UTARA');
INSERT INTO `districts` VALUES ('8202044', '8202', 'PATANI BARAT');
INSERT INTO `districts` VALUES ('8202045', '8202', 'PATANI TIMUR');
INSERT INTO `districts` VALUES ('8203010', '8203', 'SULA BESI BARAT');
INSERT INTO `districts` VALUES ('8203011', '8203', 'SULABESI SELATAN');
INSERT INTO `districts` VALUES ('8203020', '8203', 'SANANA');
INSERT INTO `districts` VALUES ('8203021', '8203', 'SULA BESI TENGAH');
INSERT INTO `districts` VALUES ('8203022', '8203', 'SULABESI TIMUR');
INSERT INTO `districts` VALUES ('8203023', '8203', 'SANANA UTARA');
INSERT INTO `districts` VALUES ('8203030', '8203', 'MANGOLI TIMUR');
INSERT INTO `districts` VALUES ('8203031', '8203', 'MANGOLI TENGAH');
INSERT INTO `districts` VALUES ('8203032', '8203', 'MANGOLI UTARA TIMUR');
INSERT INTO `districts` VALUES ('8203040', '8203', 'MANGOLI BARAT');
INSERT INTO `districts` VALUES ('8203041', '8203', 'MANGOLI UTARA');
INSERT INTO `districts` VALUES ('8203042', '8203', 'MANGOLI SELATAN');
INSERT INTO `districts` VALUES ('8204010', '8204', 'OBI SELATAN');
INSERT INTO `districts` VALUES ('8204020', '8204', 'OBI');
INSERT INTO `districts` VALUES ('8204021', '8204', 'OBI BARAT');
INSERT INTO `districts` VALUES ('8204022', '8204', 'OBI TIMUR');
INSERT INTO `districts` VALUES ('8204023', '8204', 'OBI UTARA');
INSERT INTO `districts` VALUES ('8204030', '8204', 'BACAN');
INSERT INTO `districts` VALUES ('8204031', '8204', 'MANDIOLI SELATAN');
INSERT INTO `districts` VALUES ('8204032', '8204', 'MANDIOLI UTARA');
INSERT INTO `districts` VALUES ('8204033', '8204', 'BACAN SELATAN');
INSERT INTO `districts` VALUES ('8204034', '8204', 'BATANG LOMANG');
INSERT INTO `districts` VALUES ('8204040', '8204', 'BACAN TIMUR');
INSERT INTO `districts` VALUES ('8204041', '8204', 'BACAN TIMUR SELATAN');
INSERT INTO `districts` VALUES ('8204042', '8204', 'BACAN TIMUR TENGAH');
INSERT INTO `districts` VALUES ('8204050', '8204', 'BACAN BARAT');
INSERT INTO `districts` VALUES ('8204051', '8204', 'KASIRUTA BARAT');
INSERT INTO `districts` VALUES ('8204052', '8204', 'KASIRUTA TIMUR');
INSERT INTO `districts` VALUES ('8204053', '8204', 'BACAN BARAT UTARA');
INSERT INTO `districts` VALUES ('8204060', '8204', 'KAYOA');
INSERT INTO `districts` VALUES ('8204061', '8204', 'KAYOA BARAT');
INSERT INTO `districts` VALUES ('8204062', '8204', 'KAYOA SELATAN');
INSERT INTO `districts` VALUES ('8204063', '8204', 'KAYOA UTARA');
INSERT INTO `districts` VALUES ('8204070', '8204', 'PULAU MAKIAN');
INSERT INTO `districts` VALUES ('8204071', '8204', 'MAKIAN BARAT');
INSERT INTO `districts` VALUES ('8204080', '8204', 'GANE BARAT');
INSERT INTO `districts` VALUES ('8204081', '8204', 'GANE BARAT SELATAN');
INSERT INTO `districts` VALUES ('8204082', '8204', 'GANE BARAT UTARA');
INSERT INTO `districts` VALUES ('8204083', '8204', 'KEPULAUAN JORONGA');
INSERT INTO `districts` VALUES ('8204090', '8204', 'GANE TIMUR');
INSERT INTO `districts` VALUES ('8204091', '8204', 'GANE TIMUR TENGAH');
INSERT INTO `districts` VALUES ('8204092', '8204', 'GANE TIMUR SELATAN');
INSERT INTO `districts` VALUES ('8205010', '8205', 'MALIFUT');
INSERT INTO `districts` VALUES ('8205011', '8205', 'KAO TELUK');
INSERT INTO `districts` VALUES ('8205020', '8205', 'KAO');
INSERT INTO `districts` VALUES ('8205021', '8205', 'KAO BARAT');
INSERT INTO `districts` VALUES ('8205022', '8205', 'KAO UTARA');
INSERT INTO `districts` VALUES ('8205030', '8205', 'TOBELO SELATAN');
INSERT INTO `districts` VALUES ('8205031', '8205', 'TOBELO BARAT');
INSERT INTO `districts` VALUES ('8205032', '8205', 'TOBELO TIMUR');
INSERT INTO `districts` VALUES ('8205040', '8205', 'TOBELO');
INSERT INTO `districts` VALUES ('8205041', '8205', 'TOBELO TENGAH');
INSERT INTO `districts` VALUES ('8205042', '8205', 'TOBELO UTARA');
INSERT INTO `districts` VALUES ('8205050', '8205', 'GALELA');
INSERT INTO `districts` VALUES ('8205051', '8205', 'GALELA SELATAN');
INSERT INTO `districts` VALUES ('8205052', '8205', 'GALELA BARAT');
INSERT INTO `districts` VALUES ('8205053', '8205', 'GALELA UTARA');
INSERT INTO `districts` VALUES ('8205060', '8205', 'LOLODA UTARA');
INSERT INTO `districts` VALUES ('8205061', '8205', 'LOLODA KEPULAUAN');
INSERT INTO `districts` VALUES ('8206010', '8206', 'MABA SELATAN');
INSERT INTO `districts` VALUES ('8206011', '8206', 'KOTA MABA');
INSERT INTO `districts` VALUES ('8206020', '8206', 'WASILE SELATAN');
INSERT INTO `districts` VALUES ('8206030', '8206', 'WASILE');
INSERT INTO `districts` VALUES ('8206031', '8206', 'WASILE TIMUR');
INSERT INTO `districts` VALUES ('8206032', '8206', 'WASILE TENGAH');
INSERT INTO `districts` VALUES ('8206033', '8206', 'WASILE UTARA');
INSERT INTO `districts` VALUES ('8206040', '8206', 'MABA');
INSERT INTO `districts` VALUES ('8206041', '8206', 'MABA TENGAH');
INSERT INTO `districts` VALUES ('8206042', '8206', 'MABA UTARA');
INSERT INTO `districts` VALUES ('8207010', '8207', 'MOROTAI SELATAN');
INSERT INTO `districts` VALUES ('8207020', '8207', 'MOROTAI TIMUR');
INSERT INTO `districts` VALUES ('8207030', '8207', 'MOROTAI SELATAN BARAT');
INSERT INTO `districts` VALUES ('8207040', '8207', 'MOROTAI JAYA');
INSERT INTO `districts` VALUES ('8207050', '8207', 'MOROTAI UTARA');
INSERT INTO `districts` VALUES ('8208010', '8208', 'TALIABU BARAT');
INSERT INTO `districts` VALUES ('8208020', '8208', 'TALIABU SELATAN');
INSERT INTO `districts` VALUES ('8208030', '8208', 'TABONA');
INSERT INTO `districts` VALUES ('8208040', '8208', 'TALIABU TIMUR SELATAN');
INSERT INTO `districts` VALUES ('8208050', '8208', 'TALIABU TIMUR');
INSERT INTO `districts` VALUES ('8208060', '8208', 'TALIABU UTARA');
INSERT INTO `districts` VALUES ('8208070', '8208', 'LEDE');
INSERT INTO `districts` VALUES ('8208080', '8208', 'TALIABU BARAT LAUT');
INSERT INTO `districts` VALUES ('8271010', '8271', 'PULAU TERNATE');
INSERT INTO `districts` VALUES ('8271011', '8271', 'MOTI');
INSERT INTO `districts` VALUES ('8271012', '8271', 'PULAU BATANG DUA');
INSERT INTO `districts` VALUES ('8271013', '8271', 'PULAU HIRI');
INSERT INTO `districts` VALUES ('8271020', '8271', 'TERNATE SELATAN');
INSERT INTO `districts` VALUES ('8271021', '8271', 'TERNATE TENGAH');
INSERT INTO `districts` VALUES ('8271030', '8271', 'TERNATE UTARA');
INSERT INTO `districts` VALUES ('8272010', '8272', 'TIDORE SELATAN');
INSERT INTO `districts` VALUES ('8272020', '8272', 'TIDORE UTARA');
INSERT INTO `districts` VALUES ('8272030', '8272', 'TIDORE');
INSERT INTO `districts` VALUES ('8272031', '8272', 'TIDORE TIMUR');
INSERT INTO `districts` VALUES ('8272040', '8272', 'OBA');
INSERT INTO `districts` VALUES ('8272041', '8272', 'OBA SELATAN');
INSERT INTO `districts` VALUES ('8272050', '8272', 'OBA UTARA');
INSERT INTO `districts` VALUES ('8272051', '8272', 'OBA TENGAH');
INSERT INTO `districts` VALUES ('9101050', '9101', 'FAKFAK TIMUR');
INSERT INTO `districts` VALUES ('9101051', '9101', 'KARAS');
INSERT INTO `districts` VALUES ('9101052', '9101', 'FAKFAK TIMUR TENGAH');
INSERT INTO `districts` VALUES ('9101060', '9101', 'FAKFAK');
INSERT INTO `districts` VALUES ('9101061', '9101', 'FAKFAK TENGAH');
INSERT INTO `districts` VALUES ('9101062', '9101', 'PARIWARI');
INSERT INTO `districts` VALUES ('9101070', '9101', 'FAKFAK BARAT');
INSERT INTO `districts` VALUES ('9101071', '9101', 'WARTUTIN');
INSERT INTO `districts` VALUES ('9101080', '9101', 'KOKAS');
INSERT INTO `districts` VALUES ('9101081', '9101', 'TELUK PATIPI');
INSERT INTO `districts` VALUES ('9101082', '9101', 'KRAMONGMONGGA');
INSERT INTO `districts` VALUES ('9101083', '9101', 'BOMBERAY');
INSERT INTO `districts` VALUES ('9101084', '9101', 'ARGUNI');
INSERT INTO `districts` VALUES ('9101085', '9101', 'MBAHAMDANDARA');
INSERT INTO `districts` VALUES ('9101086', '9101', 'FURWAGI');
INSERT INTO `districts` VALUES ('9101087', '9101', 'KAYAUNI');
INSERT INTO `districts` VALUES ('9101088', '9101', 'TOMAGE');
INSERT INTO `districts` VALUES ('9102010', '9102', 'BURUWAY');
INSERT INTO `districts` VALUES ('9102020', '9102', 'TELUK ARGUNI');
INSERT INTO `districts` VALUES ('9102021', '9102', 'TELUK ARGUNI BAWAH');
INSERT INTO `districts` VALUES ('9102030', '9102', 'KAIMANA');
INSERT INTO `districts` VALUES ('9102031', '9102', 'KAMBRAU');
INSERT INTO `districts` VALUES ('9102040', '9102', 'TELUK ETNA');
INSERT INTO `districts` VALUES ('9102041', '9102', 'YAMOR');
INSERT INTO `districts` VALUES ('9103010', '9103', 'NAIKERE');
INSERT INTO `districts` VALUES ('9103020', '9103', 'WONDIBOY');
INSERT INTO `districts` VALUES ('9103021', '9103', 'RASIEY');
INSERT INTO `districts` VALUES ('9103022', '9103', 'KURI WAMESA');
INSERT INTO `districts` VALUES ('9103030', '9103', 'WASIOR');
INSERT INTO `districts` VALUES ('9103040', '9103', 'DUAIRI');
INSERT INTO `districts` VALUES ('9103041', '9103', 'ROON');
INSERT INTO `districts` VALUES ('9103050', '9103', 'WINDESI');
INSERT INTO `districts` VALUES ('9103051', '9103', 'NIKIWAR');
INSERT INTO `districts` VALUES ('9103060', '9103', 'WAMESA');
INSERT INTO `districts` VALUES ('9103061', '9103', 'ROSWAR');
INSERT INTO `districts` VALUES ('9103070', '9103', 'RUMBERPON');
INSERT INTO `districts` VALUES ('9103071', '9103', 'SOUG JAYA');
INSERT INTO `districts` VALUES ('9104010', '9104', 'FAFURWAR');
INSERT INTO `districts` VALUES ('9104020', '9104', 'BABO');
INSERT INTO `districts` VALUES ('9104021', '9104', 'SUMURI');
INSERT INTO `districts` VALUES ('9104022', '9104', 'AROBA');
INSERT INTO `districts` VALUES ('9104023', '9104', 'KAITARO');
INSERT INTO `districts` VALUES ('9104030', '9104', 'KURI');
INSERT INTO `districts` VALUES ('9104040', '9104', 'WAMESA');
INSERT INTO `districts` VALUES ('9104050', '9104', 'BINTUNI');
INSERT INTO `districts` VALUES ('9104051', '9104', 'MANIMERI');
INSERT INTO `districts` VALUES ('9104052', '9104', 'TUHIBA');
INSERT INTO `districts` VALUES ('9104053', '9104', 'DATARAN BEIMES');
INSERT INTO `districts` VALUES ('9104060', '9104', 'TEMBUNI');
INSERT INTO `districts` VALUES ('9104070', '9104', 'ARANDAY');
INSERT INTO `districts` VALUES ('9104071', '9104', 'KAMUNDAN');
INSERT INTO `districts` VALUES ('9104072', '9104', 'TOMU');
INSERT INTO `districts` VALUES ('9104073', '9104', 'WERIAGAR');
INSERT INTO `districts` VALUES ('9104080', '9104', 'MOSKONA SELATAN');
INSERT INTO `districts` VALUES ('9104081', '9104', 'MEYADO');
INSERT INTO `districts` VALUES ('9104082', '9104', 'MOSKONA BARAT');
INSERT INTO `districts` VALUES ('9104090', '9104', 'MERDEY');
INSERT INTO `districts` VALUES ('9104091', '9104', 'BISCOOP');
INSERT INTO `districts` VALUES ('9104092', '9104', 'MASYETA');
INSERT INTO `districts` VALUES ('9104100', '9104', 'MOSKONA UTARA');
INSERT INTO `districts` VALUES ('9104101', '9104', 'MOSKONA TIMUR');
INSERT INTO `districts` VALUES ('9105110', '9105', 'WARMARE');
INSERT INTO `districts` VALUES ('9105120', '9105', 'PRAFI');
INSERT INTO `districts` VALUES ('9105141', '9105', 'MANOKWARI BARAT');
INSERT INTO `districts` VALUES ('9105142', '9105', 'MANOKWARI TIMUR');
INSERT INTO `districts` VALUES ('9105143', '9105', 'MANOKWARI UTARA');
INSERT INTO `districts` VALUES ('9105144', '9105', 'MANOKWARI SELATAN');
INSERT INTO `districts` VALUES ('9105146', '9105', 'TANAH RUBU');
INSERT INTO `districts` VALUES ('9105170', '9105', 'MASNI');
INSERT INTO `districts` VALUES ('9105171', '9105', 'SIDEY');
INSERT INTO `districts` VALUES ('9106010', '9106', 'INANWATAN');
INSERT INTO `districts` VALUES ('9106011', '9106', 'METEMANI');
INSERT INTO `districts` VALUES ('9106020', '9106', 'KOKODA');
INSERT INTO `districts` VALUES ('9106021', '9106', 'KAIS');
INSERT INTO `districts` VALUES ('9106022', '9106', 'KOKODA UTARA');
INSERT INTO `districts` VALUES ('9106023', '9106', 'KAIS DARAT');
INSERT INTO `districts` VALUES ('9106060', '9106', 'MOSWAREN');
INSERT INTO `districts` VALUES ('9106070', '9106', 'TEMINABUAN');
INSERT INTO `districts` VALUES ('9106071', '9106', 'SEREMUK');
INSERT INTO `districts` VALUES ('9106072', '9106', 'WAYER');
INSERT INTO `districts` VALUES ('9106073', '9106', 'KONDA');
INSERT INTO `districts` VALUES ('9106074', '9106', 'SAIFI');
INSERT INTO `districts` VALUES ('9106080', '9106', 'SAWIAT');
INSERT INTO `districts` VALUES ('9106081', '9106', 'FOKOUR');
INSERT INTO `districts` VALUES ('9106082', '9106', 'SALKMA');
INSERT INTO `districts` VALUES ('9107060', '9107', 'MORAID');
INSERT INTO `districts` VALUES ('9107061', '9107', 'KLASO');
INSERT INTO `districts` VALUES ('9107100', '9107', 'MAKBON');
INSERT INTO `districts` VALUES ('9107101', '9107', 'KLAYILI');
INSERT INTO `districts` VALUES ('9107110', '9107', 'BERAUR');
INSERT INTO `districts` VALUES ('9107111', '9107', 'KLAMONO');
INSERT INTO `districts` VALUES ('9107112', '9107', 'KLABOT');
INSERT INTO `districts` VALUES ('9107113', '9107', 'KLAWAK');
INSERT INTO `districts` VALUES ('9107120', '9107', 'SALAWATI');
INSERT INTO `districts` VALUES ('9107121', '9107', 'MAYAMUK');
INSERT INTO `districts` VALUES ('9107122', '9107', 'SALAWATI TIMUR');
INSERT INTO `districts` VALUES ('9107130', '9107', 'SEGET');
INSERT INTO `districts` VALUES ('9107131', '9107', 'SEGUN');
INSERT INTO `districts` VALUES ('9107132', '9107', 'SALAWATI SELATAN');
INSERT INTO `districts` VALUES ('9107170', '9107', 'AIMAS');
INSERT INTO `districts` VALUES ('9107171', '9107', 'MARIAT');
INSERT INTO `districts` VALUES ('9107172', '9107', 'SORONG');
INSERT INTO `districts` VALUES ('9107180', '9107', 'SAYOSA');
INSERT INTO `districts` VALUES ('9107181', '9107', 'MAUDUS');
INSERT INTO `districts` VALUES ('9108011', '9108', 'MISOOL SELATAN');
INSERT INTO `districts` VALUES ('9108012', '9108', 'MISOOL BARAT');
INSERT INTO `districts` VALUES ('9108020', '9108', 'MISOOL');
INSERT INTO `districts` VALUES ('9108021', '9108', 'KOFIAU');
INSERT INTO `districts` VALUES ('9108022', '9108', 'MISOOL TIMUR');
INSERT INTO `districts` VALUES ('9108023', '9108', 'KEPULAUAN SEMBILAN');
INSERT INTO `districts` VALUES ('9108031', '9108', 'SALAWATI UTARA');
INSERT INTO `districts` VALUES ('9108033', '9108', 'SALAWATI TENGAH');
INSERT INTO `districts` VALUES ('9108034', '9108', 'SALAWATI BARAT');
INSERT INTO `districts` VALUES ('9108035', '9108', 'BATANTA SELATAN');
INSERT INTO `districts` VALUES ('9108036', '9108', 'BATANTA UTARA');
INSERT INTO `districts` VALUES ('9108040', '9108', 'WAIGEO SELATAN');
INSERT INTO `districts` VALUES ('9108041', '9108', 'TELUK MAYALIBIT');
INSERT INTO `districts` VALUES ('9108042', '9108', 'MEOS MANSAR');
INSERT INTO `districts` VALUES ('9108043', '9108', 'KOTA WAISAI');
INSERT INTO `districts` VALUES ('9108044', '9108', 'TIPLOL MAYALIBIT');
INSERT INTO `districts` VALUES ('9108050', '9108', 'WAIGEO BARAT');
INSERT INTO `districts` VALUES ('9108051', '9108', 'WAIGEO BARAT KEPULAUAN');
INSERT INTO `districts` VALUES ('9108060', '9108', 'WAIGEO UTARA');
INSERT INTO `districts` VALUES ('9108061', '9108', 'WARWARBOMI');
INSERT INTO `districts` VALUES ('9108062', '9108', 'SUPNIN');
INSERT INTO `districts` VALUES ('9108070', '9108', 'KEPULAUAN AYAU');
INSERT INTO `districts` VALUES ('9108071', '9108', 'AYAU');
INSERT INTO `districts` VALUES ('9108080', '9108', 'WAIGEO TIMUR');
INSERT INTO `districts` VALUES ('9109010', '9109', 'FEF');
INSERT INTO `districts` VALUES ('9109011', '9109', 'SYUJAK');
INSERT INTO `districts` VALUES ('9109020', '9109', 'MIYAH');
INSERT INTO `districts` VALUES ('9109030', '9109', 'ABUN');
INSERT INTO `districts` VALUES ('9109040', '9109', 'KWOOR');
INSERT INTO `districts` VALUES ('9109050', '9109', 'SAUSAPOR');
INSERT INTO `districts` VALUES ('9109060', '9109', 'YEMBUN');
INSERT INTO `districts` VALUES ('9109070', '9109', 'KEBAR');
INSERT INTO `districts` VALUES ('9109080', '9109', 'SENOPI');
INSERT INTO `districts` VALUES ('9109090', '9109', 'AMBERBAKEN');
INSERT INTO `districts` VALUES ('9109100', '9109', 'MUBARNI / ARFU');
INSERT INTO `districts` VALUES ('9110010', '9110', 'AITINYO BARAT/ATHABU');
INSERT INTO `districts` VALUES ('9110011', '9110', 'AYAMARU SELATAN JAYA');
INSERT INTO `districts` VALUES ('9110020', '9110', 'AITINYO');
INSERT INTO `districts` VALUES ('9110021', '9110', 'AITINYO TENGAH');
INSERT INTO `districts` VALUES ('9110030', '9110', 'AIFAT SELATAN');
INSERT INTO `districts` VALUES ('9110031', '9110', 'AIFAT TIMUR SELATAN');
INSERT INTO `districts` VALUES ('9110040', '9110', 'AIFAT');
INSERT INTO `districts` VALUES ('9110050', '9110', 'AITINYO UTARA');
INSERT INTO `districts` VALUES ('9110051', '9110', 'AITINYO RAYA');
INSERT INTO `districts` VALUES ('9110060', '9110', 'AYAMARU TIMUR');
INSERT INTO `districts` VALUES ('9110061', '9110', 'AYAMARU TIMUR SELATAN');
INSERT INTO `districts` VALUES ('9110070', '9110', 'AYAMARU');
INSERT INTO `districts` VALUES ('9110071', '9110', 'AYAMARU SELATAN');
INSERT INTO `districts` VALUES ('9110072', '9110', 'AYAMARU JAYA');
INSERT INTO `districts` VALUES ('9110073', '9110', 'AYAMARU TENGAH');
INSERT INTO `districts` VALUES ('9110074', '9110', 'AYAMARU BARAT');
INSERT INTO `districts` VALUES ('9110080', '9110', 'AYAMARU UTARA');
INSERT INTO `districts` VALUES ('9110081', '9110', 'AYAMARU UTARA TIMUR');
INSERT INTO `districts` VALUES ('9110090', '9110', 'MARE');
INSERT INTO `districts` VALUES ('9110091', '9110', 'MARE SELATAN');
INSERT INTO `districts` VALUES ('9110100', '9110', 'AIFAT UTARA');
INSERT INTO `districts` VALUES ('9110110', '9110', 'AIFAT TIMUR');
INSERT INTO `districts` VALUES ('9110111', '9110', 'AIFAT TIMUR TENGAH');
INSERT INTO `districts` VALUES ('9110112', '9110', 'AIFAT TIMUR JAUH');
INSERT INTO `districts` VALUES ('9111010', '9111', 'TAHOTA');
INSERT INTO `districts` VALUES ('9111020', '9111', 'DATARAN ISIM');
INSERT INTO `districts` VALUES ('9111030', '9111', 'NENEI');
INSERT INTO `districts` VALUES ('9111040', '9111', 'MOMI WAREN');
INSERT INTO `districts` VALUES ('9111050', '9111', 'RANSIKI');
INSERT INTO `districts` VALUES ('9111060', '9111', 'ORANSBARI');
INSERT INTO `districts` VALUES ('9112010', '9112', 'DIDOHU');
INSERT INTO `districts` VALUES ('9112020', '9112', 'SURUREY');
INSERT INTO `districts` VALUES ('9112030', '9112', 'ANGGI GIDA');
INSERT INTO `districts` VALUES ('9112040', '9112', 'MEMBEY');
INSERT INTO `districts` VALUES ('9112050', '9112', 'ANGGI');
INSERT INTO `districts` VALUES ('9112060', '9112', 'TAIGE');
INSERT INTO `districts` VALUES ('9112070', '9112', 'HINGK');
INSERT INTO `districts` VALUES ('9112080', '9112', 'MENYAMBOUW');
INSERT INTO `districts` VALUES ('9112090', '9112', 'CATUBOUW');
INSERT INTO `districts` VALUES ('9112100', '9112', 'TESTEGA');
INSERT INTO `districts` VALUES ('9171010', '9171', 'SORONG BARAT');
INSERT INTO `districts` VALUES ('9171011', '9171', 'SORONG KEPULAUAN');
INSERT INTO `districts` VALUES ('9171012', '9171', 'MALADUM MES');
INSERT INTO `districts` VALUES ('9171020', '9171', 'SORONG TIMUR');
INSERT INTO `districts` VALUES ('9171021', '9171', 'SORONG UTARA');
INSERT INTO `districts` VALUES ('9171022', '9171', 'SORONG');
INSERT INTO `districts` VALUES ('9171023', '9171', 'SORONG MANOI');
INSERT INTO `districts` VALUES ('9171024', '9171', 'KLAURUNG');
INSERT INTO `districts` VALUES ('9171025', '9171', 'MALAIMSIMSA');
INSERT INTO `districts` VALUES ('9171026', '9171', 'SORONG KOTA');
INSERT INTO `districts` VALUES ('9401010', '9401', 'KIMAAM');
INSERT INTO `districts` VALUES ('9401011', '9401', 'WAAN');
INSERT INTO `districts` VALUES ('9401012', '9401', 'TABONJI');
INSERT INTO `districts` VALUES ('9401013', '9401', 'ILWAYAB');
INSERT INTO `districts` VALUES ('9401020', '9401', 'OKABA');
INSERT INTO `districts` VALUES ('9401021', '9401', 'TUBANG');
INSERT INTO `districts` VALUES ('9401022', '9401', 'NGGUTI');
INSERT INTO `districts` VALUES ('9401023', '9401', 'KAPTEL');
INSERT INTO `districts` VALUES ('9401030', '9401', 'KURIK');
INSERT INTO `districts` VALUES ('9401031', '9401', 'MALIND');
INSERT INTO `districts` VALUES ('9401032', '9401', 'ANIMHA');
INSERT INTO `districts` VALUES ('9401040', '9401', 'MERAUKE');
INSERT INTO `districts` VALUES ('9401041', '9401', 'SEMANGGA');
INSERT INTO `districts` VALUES ('9401042', '9401', 'TANAH MIRING');
INSERT INTO `districts` VALUES ('9401043', '9401', 'JAGEBOB');
INSERT INTO `districts` VALUES ('9401044', '9401', 'SOTA');
INSERT INTO `districts` VALUES ('9401045', '9401', 'NAUKENJERAI');
INSERT INTO `districts` VALUES ('9401050', '9401', 'MUTING');
INSERT INTO `districts` VALUES ('9401051', '9401', 'ELIGOBEL');
INSERT INTO `districts` VALUES ('9401052', '9401', 'ULILIN');
INSERT INTO `districts` VALUES ('9402110', '9402', 'WAMENA');
INSERT INTO `districts` VALUES ('9402111', '9402', 'ASOLOKOBAL');
INSERT INTO `districts` VALUES ('9402112', '9402', 'WALELAGAMA');
INSERT INTO `districts` VALUES ('9402113', '9402', 'TRIKORA');
INSERT INTO `districts` VALUES ('9402114', '9402', 'NAPUA');
INSERT INTO `districts` VALUES ('9402115', '9402', 'WALAIK');
INSERT INTO `districts` VALUES ('9402116', '9402', 'WOUMA');
INSERT INTO `districts` VALUES ('9402117', '9402', 'WALESI');
INSERT INTO `districts` VALUES ('9402118', '9402', 'ASOTIPO');
INSERT INTO `districts` VALUES ('9402119', '9402', 'MAIMA');
INSERT INTO `districts` VALUES ('9402120', '9402', 'HUBIKOSI');
INSERT INTO `districts` VALUES ('9402121', '9402', 'PELEBAGA');
INSERT INTO `districts` VALUES ('9402122', '9402', 'IBELE');
INSERT INTO `districts` VALUES ('9402123', '9402', 'TAILAREK');
INSERT INTO `districts` VALUES ('9402124', '9402', 'HUBIKIAK');
INSERT INTO `districts` VALUES ('9402180', '9402', 'ASOLOGAIMA');
INSERT INTO `districts` VALUES ('9402181', '9402', 'MUSATFAK');
INSERT INTO `districts` VALUES ('9402182', '9402', 'SILO KARNO DOGA');
INSERT INTO `districts` VALUES ('9402183', '9402', 'PYRAMID');
INSERT INTO `districts` VALUES ('9402184', '9402', 'MULIAMA');
INSERT INTO `districts` VALUES ('9402185', '9402', 'WAME');
INSERT INTO `districts` VALUES ('9402190', '9402', 'KURULU');
INSERT INTO `districts` VALUES ('9402191', '9402', 'USILIMO');
INSERT INTO `districts` VALUES ('9402192', '9402', 'WITA WAYA');
INSERT INTO `districts` VALUES ('9402193', '9402', 'LIBAREK');
INSERT INTO `districts` VALUES ('9402194', '9402', 'WADANGKU');
INSERT INTO `districts` VALUES ('9402195', '9402', 'PISUGI');
INSERT INTO `districts` VALUES ('9402220', '9402', 'BOLAKME');
INSERT INTO `districts` VALUES ('9402221', '9402', 'WOLLO');
INSERT INTO `districts` VALUES ('9402222', '9402', 'YALENGGA');
INSERT INTO `districts` VALUES ('9402223', '9402', 'TAGIME');
INSERT INTO `districts` VALUES ('9402224', '9402', 'MOLAGALOME');
INSERT INTO `districts` VALUES ('9402225', '9402', 'TAGINERI');
INSERT INTO `districts` VALUES ('9402226', '9402', 'BUGI');
INSERT INTO `districts` VALUES ('9402227', '9402', 'BPIRI');
INSERT INTO `districts` VALUES ('9402228', '9402', 'KORAGI');
INSERT INTO `districts` VALUES ('9402611', '9402', 'ITLAY HASIGE');
INSERT INTO `districts` VALUES ('9402612', '9402', 'SIEPKOSI');
INSERT INTO `districts` VALUES ('9402614', '9402', 'POPUGOBA');
INSERT INTO `districts` VALUES ('9403080', '9403', 'KAUREH');
INSERT INTO `districts` VALUES ('9403081', '9403', 'AIRU');
INSERT INTO `districts` VALUES ('9403082', '9403', 'YAPSI');
INSERT INTO `districts` VALUES ('9403140', '9403', 'KEMTUK');
INSERT INTO `districts` VALUES ('9403150', '9403', 'KEMTUK GRESI');
INSERT INTO `districts` VALUES ('9403151', '9403', 'GRESI SELATAN');
INSERT INTO `districts` VALUES ('9403160', '9403', 'NIMBORAN');
INSERT INTO `districts` VALUES ('9403161', '9403', 'NIMBORAN TIMUR / NAMBLONG');
INSERT INTO `districts` VALUES ('9403170', '9403', 'NIMBOKRANG');
INSERT INTO `districts` VALUES ('9403180', '9403', 'UNURUM GUAY');
INSERT INTO `districts` VALUES ('9403200', '9403', 'DEMTA');
INSERT INTO `districts` VALUES ('9403201', '9403', 'YOKARI');
INSERT INTO `districts` VALUES ('9403210', '9403', 'DEPAPRE');
INSERT INTO `districts` VALUES ('9403211', '9403', 'RAVENIRARA');
INSERT INTO `districts` VALUES ('9403220', '9403', 'SENTANI BARAT');
INSERT INTO `districts` VALUES ('9403221', '9403', 'WAIBU');
INSERT INTO `districts` VALUES ('9403230', '9403', 'SENTANI');
INSERT INTO `districts` VALUES ('9403231', '9403', 'EBUNGFAU');
INSERT INTO `districts` VALUES ('9403240', '9403', 'SENTANI TIMUR');
INSERT INTO `districts` VALUES ('9404050', '9404', 'UWAPA');
INSERT INTO `districts` VALUES ('9404051', '9404', 'MENOU');
INSERT INTO `districts` VALUES ('9404052', '9404', 'DIPA');
INSERT INTO `districts` VALUES ('9404060', '9404', 'YAUR');
INSERT INTO `districts` VALUES ('9404061', '9404', 'TELUK UMAR');
INSERT INTO `districts` VALUES ('9404070', '9404', 'WANGGAR');
INSERT INTO `districts` VALUES ('9404071', '9404', 'NABIRE BARAT');
INSERT INTO `districts` VALUES ('9404080', '9404', 'NABIRE');
INSERT INTO `districts` VALUES ('9404081', '9404', 'TELUK KIMI');
INSERT INTO `districts` VALUES ('9404090', '9404', 'NAPAN');
INSERT INTO `districts` VALUES ('9404091', '9404', 'MAKIMI');
INSERT INTO `districts` VALUES ('9404092', '9404', 'WAPOGA');
INSERT INTO `districts` VALUES ('9404093', '9404', 'KEPULAUAN MOORA');
INSERT INTO `districts` VALUES ('9404100', '9404', 'SIRIWO');
INSERT INTO `districts` VALUES ('9404110', '9404', 'YARO');
INSERT INTO `districts` VALUES ('9408040', '9408', 'YAPEN TIMUR');
INSERT INTO `districts` VALUES ('9408041', '9408', 'PANTURA YAPEN');
INSERT INTO `districts` VALUES ('9408042', '9408', 'TELUK AMPIMOI');
INSERT INTO `districts` VALUES ('9408043', '9408', 'RAIMBAWI');
INSERT INTO `districts` VALUES ('9408044', '9408', 'PULAU KURUDU');
INSERT INTO `districts` VALUES ('9408050', '9408', 'ANGKAISERA');
INSERT INTO `districts` VALUES ('9408051', '9408', 'KEP. AMBAI');
INSERT INTO `districts` VALUES ('9408052', '9408', 'YAWAKUKAT');
INSERT INTO `districts` VALUES ('9408060', '9408', 'YAPEN SELATAN');
INSERT INTO `districts` VALUES ('9408061', '9408', 'KOSIWO');
INSERT INTO `districts` VALUES ('9408062', '9408', 'ANATAUREI');
INSERT INTO `districts` VALUES ('9408070', '9408', 'YAPEN BARAT');
INSERT INTO `districts` VALUES ('9408071', '9408', 'WONAWA');
INSERT INTO `districts` VALUES ('9408072', '9408', 'PULAU YERUI');
INSERT INTO `districts` VALUES ('9408080', '9408', 'POOM');
INSERT INTO `districts` VALUES ('9408081', '9408', 'WINDESI');
INSERT INTO `districts` VALUES ('9409010', '9409', 'NUMFOR BARAT');
INSERT INTO `districts` VALUES ('9409011', '9409', 'ORKERI');
INSERT INTO `districts` VALUES ('9409020', '9409', 'NUMFOR TIMUR');
INSERT INTO `districts` VALUES ('9409021', '9409', 'BRUYADORI');
INSERT INTO `districts` VALUES ('9409022', '9409', 'POIRU');
INSERT INTO `districts` VALUES ('9409030', '9409', 'PADAIDO');
INSERT INTO `districts` VALUES ('9409031', '9409', 'AIMANDO PADAIDO');
INSERT INTO `districts` VALUES ('9409040', '9409', 'BIAK TIMUR');
INSERT INTO `districts` VALUES ('9409041', '9409', 'ORIDEK');
INSERT INTO `districts` VALUES ('9409050', '9409', 'BIAK KOTA');
INSERT INTO `districts` VALUES ('9409060', '9409', 'SAMOFA');
INSERT INTO `districts` VALUES ('9409070', '9409', 'YENDIDORI');
INSERT INTO `districts` VALUES ('9409080', '9409', 'BIAK UTARA');
INSERT INTO `districts` VALUES ('9409081', '9409', 'ANDEY');
INSERT INTO `districts` VALUES ('9409090', '9409', 'WARSA');
INSERT INTO `districts` VALUES ('9409091', '9409', 'YAWOSI');
INSERT INTO `districts` VALUES ('9409092', '9409', 'BONDIFUAR');
INSERT INTO `districts` VALUES ('9409100', '9409', 'BIAK BARAT');
INSERT INTO `districts` VALUES ('9409101', '9409', 'SWANDIWE');
INSERT INTO `districts` VALUES ('9410030', '9410', 'PANIAI TIMUR');
INSERT INTO `districts` VALUES ('9410031', '9410', 'YATAMO');
INSERT INTO `districts` VALUES ('9410032', '9410', 'KEBO');
INSERT INTO `districts` VALUES ('9410040', '9410', 'BIBIDA');
INSERT INTO `districts` VALUES ('9410041', '9410', 'DUMADAMA');
INSERT INTO `districts` VALUES ('9410070', '9410', 'ARADIDE');
INSERT INTO `districts` VALUES ('9410071', '9410', 'EKADIDE');
INSERT INTO `districts` VALUES ('9410080', '9410', 'PANIAI BARAT');
INSERT INTO `districts` VALUES ('9410081', '9410', 'SIRIWO');
INSERT INTO `districts` VALUES ('9410090', '9410', 'BOGOBAIDA');
INSERT INTO `districts` VALUES ('9411040', '9411', 'FAWI');
INSERT INTO `districts` VALUES ('9411041', '9411', 'DAGAI');
INSERT INTO `districts` VALUES ('9411042', '9411', 'KIYAGE');
INSERT INTO `districts` VALUES ('9411050', '9411', 'MULIA');
INSERT INTO `districts` VALUES ('9411053', '9411', 'YAMBI');
INSERT INTO `districts` VALUES ('9411054', '9411', 'ILAMBURAWI');
INSERT INTO `districts` VALUES ('9411055', '9411', 'MUARA');
INSERT INTO `districts` VALUES ('9411056', '9411', 'PAGALEME');
INSERT INTO `districts` VALUES ('9411057', '9411', 'GURAGE');
INSERT INTO `districts` VALUES ('9411058', '9411', 'IRIMULI');
INSERT INTO `districts` VALUES ('9411060', '9411', 'ILU');
INSERT INTO `districts` VALUES ('9411061', '9411', 'TORERE');
INSERT INTO `districts` VALUES ('9411063', '9411', 'YAMONERI');
INSERT INTO `districts` VALUES ('9411064', '9411', 'WAEGI');
INSERT INTO `districts` VALUES ('9411065', '9411', 'NUME');
INSERT INTO `districts` VALUES ('9411066', '9411', 'NIOGA');
INSERT INTO `districts` VALUES ('9411067', '9411', 'GUBUME');
INSERT INTO `districts` VALUES ('9411068', '9411', 'TAGANOMBAK');
INSERT INTO `districts` VALUES ('9411070', '9411', 'TINGGINAMBUT');
INSERT INTO `districts` VALUES ('9411071', '9411', 'KALOME');
INSERT INTO `districts` VALUES ('9411072', '9411', 'WANWI');
INSERT INTO `districts` VALUES ('9411080', '9411', 'MEWOLUK');
INSERT INTO `districts` VALUES ('9411081', '9411', 'LUMO');
INSERT INTO `districts` VALUES ('9411082', '9411', 'MOLANIKIME');
INSERT INTO `districts` VALUES ('9411090', '9411', 'YAMO');
INSERT INTO `districts` VALUES ('9411091', '9411', 'DOKOME');
INSERT INTO `districts` VALUES ('9412010', '9412', 'MIMIKA BARAT');
INSERT INTO `districts` VALUES ('9412011', '9412', 'MIMIKA BARAT JAUH');
INSERT INTO `districts` VALUES ('9412012', '9412', 'MIMIKA BARAT TENGAH');
INSERT INTO `districts` VALUES ('9412013', '9412', 'AMAR');
INSERT INTO `districts` VALUES ('9412020', '9412', 'MIMIKA TIMUR');
INSERT INTO `districts` VALUES ('9412021', '9412', 'MIMIKA TENGAH');
INSERT INTO `districts` VALUES ('9412022', '9412', 'MIMIKA TIMUR JAUH');
INSERT INTO `districts` VALUES ('9412030', '9412', 'MIMIKA BARU');
INSERT INTO `districts` VALUES ('9412031', '9412', 'KUALA KENCANA');
INSERT INTO `districts` VALUES ('9412032', '9412', 'TEMBAGAPURA');
INSERT INTO `districts` VALUES ('9412033', '9412', 'WANIA');
INSERT INTO `districts` VALUES ('9412034', '9412', 'IWAKA');
INSERT INTO `districts` VALUES ('9412035', '9412', 'KWAMKI NARAMA');
INSERT INTO `districts` VALUES ('9412040', '9412', 'AGIMUGA');
INSERT INTO `districts` VALUES ('9412041', '9412', 'JILA');
INSERT INTO `districts` VALUES ('9412042', '9412', 'JITA');
INSERT INTO `districts` VALUES ('9412043', '9412', 'ALAMA');
INSERT INTO `districts` VALUES ('9412044', '9412', 'HOYA');
INSERT INTO `districts` VALUES ('9413010', '9413', 'JAIR');
INSERT INTO `districts` VALUES ('9413011', '9413', 'SUBUR');
INSERT INTO `districts` VALUES ('9413013', '9413', 'KIA');
INSERT INTO `districts` VALUES ('9413020', '9413', 'MINDIPTANA');
INSERT INTO `districts` VALUES ('9413021', '9413', 'INIYANDIT');
INSERT INTO `districts` VALUES ('9413022', '9413', 'KOMBUT');
INSERT INTO `districts` VALUES ('9413023', '9413', 'SESNUK');
INSERT INTO `districts` VALUES ('9413030', '9413', 'MANDOBO');
INSERT INTO `districts` VALUES ('9413031', '9413', 'FOFI');
INSERT INTO `districts` VALUES ('9413032', '9413', 'ARIMOP');
INSERT INTO `districts` VALUES ('9413040', '9413', 'KOUH');
INSERT INTO `districts` VALUES ('9413041', '9413', 'BOMAKIA');
INSERT INTO `districts` VALUES ('9413042', '9413', 'FIRIWAGE');
INSERT INTO `districts` VALUES ('9413043', '9413', 'MANGGELUM');
INSERT INTO `districts` VALUES ('9413044', '9413', 'YANIRUMA');
INSERT INTO `districts` VALUES ('9413045', '9413', 'KAWAGIT');
INSERT INTO `districts` VALUES ('9413046', '9413', 'KOMBAY');
INSERT INTO `districts` VALUES ('9413050', '9413', 'WAROPKO');
INSERT INTO `districts` VALUES ('9413051', '9413', 'AMBATKWI');
INSERT INTO `districts` VALUES ('9413052', '9413', 'NINATI');
INSERT INTO `districts` VALUES ('9414010', '9414', 'NAMBIOMAN BAPAI');
INSERT INTO `districts` VALUES ('9414011', '9414', 'MINYAMUR');
INSERT INTO `districts` VALUES ('9414020', '9414', 'EDERA');
INSERT INTO `districts` VALUES ('9414021', '9414', 'VENAHA');
INSERT INTO `districts` VALUES ('9414022', '9414', 'SYAHCAME');
INSERT INTO `districts` VALUES ('9414023', '9414', 'BAMGI');
INSERT INTO `districts` VALUES ('9414024', '9414', 'YAKOMI');
INSERT INTO `districts` VALUES ('9414030', '9414', 'OBAA');
INSERT INTO `districts` VALUES ('9414031', '9414', 'PASSUE');
INSERT INTO `districts` VALUES ('9414040', '9414', 'HAJU');
INSERT INTO `districts` VALUES ('9414050', '9414', 'ASSUE');
INSERT INTO `districts` VALUES ('9414060', '9414', 'CITAKMITAK');
INSERT INTO `districts` VALUES ('9414061', '9414', 'KAIBAR');
INSERT INTO `districts` VALUES ('9414062', '9414', 'PASSUE BAWAH');
INSERT INTO `districts` VALUES ('9414063', '9414', 'TI-ZAIN');
INSERT INTO `districts` VALUES ('9415010', '9415', 'PANTAI KASUARI');
INSERT INTO `districts` VALUES ('9415011', '9415', 'KOPAY');
INSERT INTO `districts` VALUES ('9415012', '9415', 'DER KOUMUR');
INSERT INTO `districts` VALUES ('9415013', '9415', 'SAFAN');
INSERT INTO `districts` VALUES ('9415020', '9415', 'FAYIT');
INSERT INTO `districts` VALUES ('9415030', '9415', 'ATSY');
INSERT INTO `districts` VALUES ('9415031', '9415', 'SIRETS');
INSERT INTO `districts` VALUES ('9415032', '9415', 'AYIP');
INSERT INTO `districts` VALUES ('9415033', '9415', 'BECTBAMU');
INSERT INTO `districts` VALUES ('9415040', '9415', 'SUATOR');
INSERT INTO `districts` VALUES ('9415041', '9415', 'KOLF BRAZA');
INSERT INTO `districts` VALUES ('9415050', '9415', 'AKAT');
INSERT INTO `districts` VALUES ('9415051', '9415', 'JETSY');
INSERT INTO `districts` VALUES ('9415060', '9415', 'AGATS');
INSERT INTO `districts` VALUES ('9415070', '9415', 'SAWA ERMA');
INSERT INTO `districts` VALUES ('9415071', '9415', 'SURU-SURU');
INSERT INTO `districts` VALUES ('9415072', '9415', 'UNIR SIRAU');
INSERT INTO `districts` VALUES ('9415073', '9415', 'JOERAT');
INSERT INTO `districts` VALUES ('9415074', '9415', 'PULAU TIGA');
INSERT INTO `districts` VALUES ('9416010', '9416', 'KURIMA');
INSERT INTO `districts` VALUES ('9416011', '9416', 'MUSAIK');
INSERT INTO `districts` VALUES ('9416013', '9416', 'DEKAI');
INSERT INTO `districts` VALUES ('9416014', '9416', 'OBIO');
INSERT INTO `districts` VALUES ('9416015', '9416', 'PASEMA');
INSERT INTO `districts` VALUES ('9416016', '9416', 'AMUMA');
INSERT INTO `districts` VALUES ('9416017', '9416', 'SURU-SURU');
INSERT INTO `districts` VALUES ('9416018', '9416', 'WUSAMA');
INSERT INTO `districts` VALUES ('9416019', '9416', 'SILIMO');
INSERT INTO `districts` VALUES ('9416020', '9416', 'NINIA');
INSERT INTO `districts` VALUES ('9416021', '9416', 'HOLUWON');
INSERT INTO `districts` VALUES ('9416022', '9416', 'LOLAT');
INSERT INTO `districts` VALUES ('9416023', '9416', 'LANGDA');
INSERT INTO `districts` VALUES ('9416024', '9416', 'BOMELA');
INSERT INTO `districts` VALUES ('9416025', '9416', 'SUNTAMON');
INSERT INTO `districts` VALUES ('9416026', '9416', 'SOBAHAM');
INSERT INTO `districts` VALUES ('9416027', '9416', 'KORUPUN');
INSERT INTO `districts` VALUES ('9416028', '9416', 'SELA');
INSERT INTO `districts` VALUES ('9416029', '9416', 'KWELAMDUA');
INSERT INTO `districts` VALUES ('9416030', '9416', 'ANGGRUK');
INSERT INTO `districts` VALUES ('9416031', '9416', 'PANGGEMA');
INSERT INTO `districts` VALUES ('9416032', '9416', 'WALMA');
INSERT INTO `districts` VALUES ('9416033', '9416', 'KOSAREK');
INSERT INTO `districts` VALUES ('9416034', '9416', 'UBAHAK');
INSERT INTO `districts` VALUES ('9416035', '9416', 'NALCA');
INSERT INTO `districts` VALUES ('9416036', '9416', 'PULDAMA');
INSERT INTO `districts` VALUES ('9416037', '9416', 'NIPSAN');
INSERT INTO `districts` VALUES ('9416041', '9416', 'SAMENAGE');
INSERT INTO `districts` VALUES ('9416042', '9416', 'TANGMA');
INSERT INTO `districts` VALUES ('9416043', '9416', 'SOBA');
INSERT INTO `districts` VALUES ('9416044', '9416', 'MUGI');
INSERT INTO `districts` VALUES ('9416045', '9416', 'YOGOSEM');
INSERT INTO `districts` VALUES ('9416046', '9416', 'KAYO');
INSERT INTO `districts` VALUES ('9416047', '9416', 'SUMO');
INSERT INTO `districts` VALUES ('9416048', '9416', 'HOGIO');
INSERT INTO `districts` VALUES ('9416049', '9416', 'UKHA');
INSERT INTO `districts` VALUES ('9416051', '9416', 'WERIMA');
INSERT INTO `districts` VALUES ('9416052', '9416', 'SOLOIKMA');
INSERT INTO `districts` VALUES ('9416053', '9416', 'SERADALA');
INSERT INTO `districts` VALUES ('9416054', '9416', 'KABIANGGAMA');
INSERT INTO `districts` VALUES ('9416055', '9416', 'KWIKMA');
INSERT INTO `districts` VALUES ('9416056', '9416', 'HILIPUK');
INSERT INTO `districts` VALUES ('9416057', '9416', 'YAHULIAMBUT');
INSERT INTO `districts` VALUES ('9416058', '9416', 'HEREAPINI');
INSERT INTO `districts` VALUES ('9416059', '9416', 'UBALIHI');
INSERT INTO `districts` VALUES ('9416061', '9416', 'TALAMBO');
INSERT INTO `districts` VALUES ('9416062', '9416', 'PRONGGOLI');
INSERT INTO `districts` VALUES ('9416063', '9416', 'ENDOMEN');
INSERT INTO `districts` VALUES ('9416065', '9416', 'KONA');
INSERT INTO `districts` VALUES ('9416066', '9416', 'DURAM');
INSERT INTO `districts` VALUES ('9416067', '9416', 'DIRWEMNA');
INSERT INTO `districts` VALUES ('9417010', '9417', 'IWUR');
INSERT INTO `districts` VALUES ('9417011', '9417', 'KAWOR');
INSERT INTO `districts` VALUES ('9417012', '9417', 'TARUP');
INSERT INTO `districts` VALUES ('9417013', '9417', 'AWINBON');
INSERT INTO `districts` VALUES ('9417020', '9417', 'OKSIBIL');
INSERT INTO `districts` VALUES ('9417021', '9417', 'PEPERA');
INSERT INTO `districts` VALUES ('9417022', '9417', 'ALEMSOM');
INSERT INTO `districts` VALUES ('9417023', '9417', 'SERAMBAKON');
INSERT INTO `districts` VALUES ('9417024', '9417', 'KOLOMDOL');
INSERT INTO `districts` VALUES ('9417025', '9417', 'OKSOP');
INSERT INTO `districts` VALUES ('9417026', '9417', 'OK BAPE');
INSERT INTO `districts` VALUES ('9417027', '9417', 'OK AON');
INSERT INTO `districts` VALUES ('9417030', '9417', 'BORME');
INSERT INTO `districts` VALUES ('9417031', '9417', 'BIME');
INSERT INTO `districts` VALUES ('9417032', '9417', 'EPUMEK');
INSERT INTO `districts` VALUES ('9417033', '9417', 'WEIME');
INSERT INTO `districts` VALUES ('9417034', '9417', 'PAMEK');
INSERT INTO `districts` VALUES ('9417035', '9417', 'NONGME');
INSERT INTO `districts` VALUES ('9417036', '9417', 'BATANI');
INSERT INTO `districts` VALUES ('9417040', '9417', 'OKBI');
INSERT INTO `districts` VALUES ('9417041', '9417', 'ABOY');
INSERT INTO `districts` VALUES ('9417042', '9417', 'OKBAB');
INSERT INTO `districts` VALUES ('9417043', '9417', 'TEIRAPLU');
INSERT INTO `districts` VALUES ('9417044', '9417', 'YEFTA');
INSERT INTO `districts` VALUES ('9417050', '9417', 'KIWIROK');
INSERT INTO `districts` VALUES ('9417051', '9417', 'KIWIROK TIMUR');
INSERT INTO `districts` VALUES ('9417052', '9417', 'OKSEBANG');
INSERT INTO `districts` VALUES ('9417053', '9417', 'OKHIKA');
INSERT INTO `districts` VALUES ('9417054', '9417', 'OKLIP');
INSERT INTO `districts` VALUES ('9417055', '9417', 'OKSAMOL');
INSERT INTO `districts` VALUES ('9417056', '9417', 'OKBEMTA');
INSERT INTO `districts` VALUES ('9417060', '9417', 'BATOM');
INSERT INTO `districts` VALUES ('9417061', '9417', 'MURKIM');
INSERT INTO `districts` VALUES ('9417062', '9417', 'MOFINOP');
INSERT INTO `districts` VALUES ('9418010', '9418', 'KANGGIME');
INSERT INTO `districts` VALUES ('9418011', '9418', 'WONIKI');
INSERT INTO `districts` VALUES ('9418012', '9418', 'NABUNAGE');
INSERT INTO `districts` VALUES ('9418013', '9418', 'GILUBANDU');
INSERT INTO `districts` VALUES ('9418014', '9418', 'WAKUO');
INSERT INTO `districts` VALUES ('9418015', '9418', 'AWEKU');
INSERT INTO `districts` VALUES ('9418016', '9418', 'BOGONUK');
INSERT INTO `districts` VALUES ('9418020', '9418', 'KARUBAGA');
INSERT INTO `districts` VALUES ('9418021', '9418', 'GOYAGE');
INSERT INTO `districts` VALUES ('9418022', '9418', 'WUNIN');
INSERT INTO `districts` VALUES ('9418023', '9418', 'KONDAGA');
INSERT INTO `districts` VALUES ('9418024', '9418', 'NELAWI');
INSERT INTO `districts` VALUES ('9418025', '9418', 'KUARI');
INSERT INTO `districts` VALUES ('9418026', '9418', 'LIANOGOMA');
INSERT INTO `districts` VALUES ('9418027', '9418', 'BIUK');
INSERT INTO `districts` VALUES ('9418030', '9418', 'BOKONDINI');
INSERT INTO `districts` VALUES ('9418031', '9418', 'BOKONERI');
INSERT INTO `districts` VALUES ('9418032', '9418', 'BEWANI');
INSERT INTO `districts` VALUES ('9418040', '9418', 'KEMBU');
INSERT INTO `districts` VALUES ('9418041', '9418', 'WINA');
INSERT INTO `districts` VALUES ('9418042', '9418', 'UMAGI');
INSERT INTO `districts` VALUES ('9418043', '9418', 'PANAGA');
INSERT INTO `districts` VALUES ('9418044', '9418', 'POGANERI');
INSERT INTO `districts` VALUES ('9418045', '9418', 'KAMBONERI');
INSERT INTO `districts` VALUES ('9418046', '9418', 'AIR GARAM');
INSERT INTO `districts` VALUES ('9418047', '9418', 'DOW');
INSERT INTO `districts` VALUES ('9418048', '9418', 'WARI / TAIYEVE');
INSERT INTO `districts` VALUES ('9418049', '9418', 'EGIAM');
INSERT INTO `districts` VALUES ('9418051', '9418', 'NUNGGAWI');
INSERT INTO `districts` VALUES ('9418060', '9418', 'KUBU');
INSERT INTO `districts` VALUES ('9418061', '9418', 'ANAWI');
INSERT INTO `districts` VALUES ('9418062', '9418', 'WUGI');
INSERT INTO `districts` VALUES ('9418070', '9418', 'GEYA');
INSERT INTO `districts` VALUES ('9418071', '9418', 'WENAM');
INSERT INTO `districts` VALUES ('9418080', '9418', 'NUMBA');
INSERT INTO `districts` VALUES ('9418081', '9418', 'KAI');
INSERT INTO `districts` VALUES ('9418090', '9418', 'DUNDU');
INSERT INTO `districts` VALUES ('9418100', '9418', 'GUNDAGI');
INSERT INTO `districts` VALUES ('9418110', '9418', 'TIMORI');
INSERT INTO `districts` VALUES ('9418121', '9418', 'YUNERI');
INSERT INTO `districts` VALUES ('9418125', '9418', 'TAGIME');
INSERT INTO `districts` VALUES ('9418126', '9418', 'DANIME');
INSERT INTO `districts` VALUES ('9418127', '9418', 'YUKO');
INSERT INTO `districts` VALUES ('9418541', '9418', 'TELENGGEME');
INSERT INTO `districts` VALUES ('9418542', '9418', 'GIKA');
INSERT INTO `districts` VALUES ('9418543', '9418', 'TAGINERI');
INSERT INTO `districts` VALUES ('9419021', '9419', 'PANTAI TIMUR BAGIAN BARAT');
INSERT INTO `districts` VALUES ('9419022', '9419', 'PANTAI TIMUR');
INSERT INTO `districts` VALUES ('9419024', '9419', 'SUNGAI BIRI');
INSERT INTO `districts` VALUES ('9419031', '9419', 'BONGGO');
INSERT INTO `districts` VALUES ('9419032', '9419', 'BONGGO TIMUR');
INSERT INTO `districts` VALUES ('9419033', '9419', 'BONGGO BARAT');
INSERT INTO `districts` VALUES ('9419040', '9419', 'TOR ATAS');
INSERT INTO `districts` VALUES ('9419041', '9419', 'ISMARI');
INSERT INTO `districts` VALUES ('9419050', '9419', 'SARMI');
INSERT INTO `districts` VALUES ('9419051', '9419', 'SARMI TIMUR');
INSERT INTO `districts` VALUES ('9419052', '9419', 'SARMI SELATAN');
INSERT INTO `districts` VALUES ('9419053', '9419', 'SOBEY');
INSERT INTO `districts` VALUES ('9419054', '9419', 'MUARA TOR');
INSERT INTO `districts` VALUES ('9419055', '9419', 'VERKAM');
INSERT INTO `districts` VALUES ('9419060', '9419', 'PANTAI BARAT');
INSERT INTO `districts` VALUES ('9419061', '9419', 'APAWER HULU');
INSERT INTO `districts` VALUES ('9419062', '9419', 'APAWER HILIR');
INSERT INTO `districts` VALUES ('9419063', '9419', 'APAWER TENGAH');
INSERT INTO `districts` VALUES ('9420010', '9420', 'WEB');
INSERT INTO `districts` VALUES ('9420011', '9420', 'TOWE');
INSERT INTO `districts` VALUES ('9420012', '9420', 'YAFFI');
INSERT INTO `districts` VALUES ('9420020', '9420', 'SENGGI');
INSERT INTO `districts` VALUES ('9420021', '9420', 'KAISENAR');
INSERT INTO `districts` VALUES ('9420030', '9420', 'WARIS');
INSERT INTO `districts` VALUES ('9420040', '9420', 'ARSO');
INSERT INTO `districts` VALUES ('9420041', '9420', 'ARSO TIMUR');
INSERT INTO `districts` VALUES ('9420042', '9420', 'ARSO BARAT');
INSERT INTO `districts` VALUES ('9420043', '9420', 'MANNEM');
INSERT INTO `districts` VALUES ('9420050', '9420', 'SKANTO');
INSERT INTO `districts` VALUES ('9426010', '9426', 'WAROPEN BAWAH');
INSERT INTO `districts` VALUES ('9426011', '9426', 'INGGERUS');
INSERT INTO `districts` VALUES ('9426012', '9426', 'UREI FAISEI');
INSERT INTO `districts` VALUES ('9426013', '9426', 'OUDATE');
INSERT INTO `districts` VALUES ('9426014', '9426', 'WAPOGA');
INSERT INTO `districts` VALUES ('9426020', '9426', 'MASIREI');
INSERT INTO `districts` VALUES ('9426021', '9426', 'RISEI SAYATI');
INSERT INTO `districts` VALUES ('9426022', '9426', 'DEMBA');
INSERT INTO `districts` VALUES ('9426023', '9426', 'SOYOI MAMBAI');
INSERT INTO `districts` VALUES ('9426024', '9426', 'WONTI');
INSERT INTO `districts` VALUES ('9426030', '9426', 'WALANI');
INSERT INTO `districts` VALUES ('9426040', '9426', 'KIRIHI');
INSERT INTO `districts` VALUES ('9427010', '9427', 'SUPIORI SELATAN');
INSERT INTO `districts` VALUES ('9427011', '9427', 'KEPULAUAN ARURI');
INSERT INTO `districts` VALUES ('9427020', '9427', 'SUPIORI UTARA');
INSERT INTO `districts` VALUES ('9427021', '9427', 'SUPIORI BARAT');
INSERT INTO `districts` VALUES ('9427030', '9427', 'SUPIORI TIMUR');
INSERT INTO `districts` VALUES ('9428030', '9428', 'WAROPEN ATAS');
INSERT INTO `districts` VALUES ('9428031', '9428', 'BENUKI');
INSERT INTO `districts` VALUES ('9428032', '9428', 'SAWAI');
INSERT INTO `districts` VALUES ('9428040', '9428', 'MAMBERAMO ILIR');
INSERT INTO `districts` VALUES ('9428050', '9428', 'MAMBERAMO TENGAH');
INSERT INTO `districts` VALUES ('9428051', '9428', 'IWASO');
INSERT INTO `districts` VALUES ('9428060', '9428', 'MAMBERAMO TENGAH TIMUR');
INSERT INTO `districts` VALUES ('9428070', '9428', 'ROFAER');
INSERT INTO `districts` VALUES ('9428080', '9428', 'MAMBERAMO ULU');
INSERT INTO `districts` VALUES ('9429010', '9429', 'WOSAK');
INSERT INTO `districts` VALUES ('9429020', '9429', 'KENYAM');
INSERT INTO `districts` VALUES ('9429030', '9429', 'GESELMA');
INSERT INTO `districts` VALUES ('9429040', '9429', 'MAPENDUMA');
INSERT INTO `districts` VALUES ('9429050', '9429', 'MUGI');
INSERT INTO `districts` VALUES ('9429060', '9429', 'YIGI');
INSERT INTO `districts` VALUES ('9429070', '9429', 'MBUWA');
INSERT INTO `districts` VALUES ('9429080', '9429', 'GEAREK');
INSERT INTO `districts` VALUES ('9430010', '9430', 'MAKKI');
INSERT INTO `districts` VALUES ('9430011', '9430', 'GUPURA');
INSERT INTO `districts` VALUES ('9430012', '9430', 'KOLAWA');
INSERT INTO `districts` VALUES ('9430013', '9430', 'GELOK BEAM');
INSERT INTO `districts` VALUES ('9430020', '9430', 'PIRIME');
INSERT INTO `districts` VALUES ('9430021', '9430', 'BUGUK GONA');
INSERT INTO `districts` VALUES ('9430022', '9430', 'MILIMBO');
INSERT INTO `districts` VALUES ('9430023', '9430', 'GOLLO');
INSERT INTO `districts` VALUES ('9430024', '9430', 'WIRINGGABUT');
INSERT INTO `districts` VALUES ('9430030', '9430', 'TIOM');
INSERT INTO `districts` VALUES ('9430031', '9430', 'NOGI');
INSERT INTO `districts` VALUES ('9430032', '9430', 'MOKONI');
INSERT INTO `districts` VALUES ('9430033', '9430', 'NINAME');
INSERT INTO `districts` VALUES ('9430034', '9430', 'YIGINUA');
INSERT INTO `districts` VALUES ('9430040', '9430', 'BALINGGA');
INSERT INTO `districts` VALUES ('9430041', '9430', 'BALINGGA BARAT');
INSERT INTO `districts` VALUES ('9430042', '9430', 'BRUWA');
INSERT INTO `districts` VALUES ('9430050', '9430', 'KUYAWAGE');
INSERT INTO `districts` VALUES ('9430051', '9430', 'WANO BARAT');
INSERT INTO `districts` VALUES ('9430060', '9430', 'MALAGAINERI');
INSERT INTO `districts` VALUES ('9430061', '9430', 'MELAGAI');
INSERT INTO `districts` VALUES ('9430070', '9430', 'TIOMNERI');
INSERT INTO `districts` VALUES ('9430071', '9430', 'WEREKA');
INSERT INTO `districts` VALUES ('9430080', '9430', 'DIMBA');
INSERT INTO `districts` VALUES ('9430081', '9430', 'KELULOME');
INSERT INTO `districts` VALUES ('9430090', '9430', 'GAMELIA');
INSERT INTO `districts` VALUES ('9430091', '9430', 'KARU');
INSERT INTO `districts` VALUES ('9430092', '9430', 'YILUK');
INSERT INTO `districts` VALUES ('9430093', '9430', 'GUNA');
INSERT INTO `districts` VALUES ('9430100', '9430', 'POGA');
INSERT INTO `districts` VALUES ('9430101', '9430', 'MUARA');
INSERT INTO `districts` VALUES ('9431010', '9431', 'KOBAKMA');
INSERT INTO `districts` VALUES ('9431020', '9431', 'ILUGWA');
INSERT INTO `districts` VALUES ('9431030', '9431', 'KELILA');
INSERT INTO `districts` VALUES ('9431040', '9431', 'ERAGAYAM');
INSERT INTO `districts` VALUES ('9431050', '9431', 'MEGAMBILIS');
INSERT INTO `districts` VALUES ('9432010', '9432', 'WELAREK');
INSERT INTO `districts` VALUES ('9432020', '9432', 'APALAPSILI');
INSERT INTO `districts` VALUES ('9432030', '9432', 'ABENAHO');
INSERT INTO `districts` VALUES ('9432040', '9432', 'ELELIM');
INSERT INTO `districts` VALUES ('9432050', '9432', 'BENAWA');
INSERT INTO `districts` VALUES ('9433010', '9433', 'AGADUGUME');
INSERT INTO `districts` VALUES ('9433020', '9433', 'GOME');
INSERT INTO `districts` VALUES ('9433030', '9433', 'ILAGA');
INSERT INTO `districts` VALUES ('9433040', '9433', 'SINAK');
INSERT INTO `districts` VALUES ('9433050', '9433', 'POGOMA');
INSERT INTO `districts` VALUES ('9433060', '9433', 'WANGBE');
INSERT INTO `districts` VALUES ('9433070', '9433', 'BEOGA');
INSERT INTO `districts` VALUES ('9433080', '9433', 'DOUFO');
INSERT INTO `districts` VALUES ('9434010', '9434', 'SUKIKAI SELATAN');
INSERT INTO `districts` VALUES ('9434020', '9434', 'PIYAIYE');
INSERT INTO `districts` VALUES ('9434030', '9434', 'MAPIA BARAT');
INSERT INTO `districts` VALUES ('9434040', '9434', 'MAPIA TENGAH');
INSERT INTO `districts` VALUES ('9434050', '9434', 'MAPIA');
INSERT INTO `districts` VALUES ('9434060', '9434', 'DOGIYAI');
INSERT INTO `districts` VALUES ('9434070', '9434', 'KAMU SELATAN');
INSERT INTO `districts` VALUES ('9434080', '9434', 'KAMU');
INSERT INTO `districts` VALUES ('9434090', '9434', 'KAMU TIMUR');
INSERT INTO `districts` VALUES ('9434100', '9434', 'KAMU UTARA');
INSERT INTO `districts` VALUES ('9435010', '9435', 'HOMEYO');
INSERT INTO `districts` VALUES ('9435020', '9435', 'SUGAPA');
INSERT INTO `districts` VALUES ('9435030', '9435', 'HITADIPA');
INSERT INTO `districts` VALUES ('9435040', '9435', 'AGISIGA');
INSERT INTO `districts` VALUES ('9435050', '9435', 'BIANDOGA');
INSERT INTO `districts` VALUES ('9435060', '9435', 'WANDAI');
INSERT INTO `districts` VALUES ('9436010', '9436', 'KAPIRAYA');
INSERT INTO `districts` VALUES ('9436020', '9436', 'TIGI BARAT');
INSERT INTO `districts` VALUES ('9436030', '9436', 'TIGI');
INSERT INTO `districts` VALUES ('9436040', '9436', 'TIGI TIMUR');
INSERT INTO `districts` VALUES ('9436050', '9436', 'BOWOBADO');
INSERT INTO `districts` VALUES ('9471010', '9471', 'MUARA TAMI');
INSERT INTO `districts` VALUES ('9471020', '9471', 'ABEPURA');
INSERT INTO `districts` VALUES ('9471021', '9471', 'HERAM');
INSERT INTO `districts` VALUES ('9471030', '9471', 'JAYAPURA SELATAN');
INSERT INTO `districts` VALUES ('9471040', '9471', 'JAYAPURA UTARA');

-- ----------------------------
-- Table structure for m_agama
-- ----------------------------
DROP TABLE IF EXISTS `m_agama`;
CREATE TABLE `m_agama` (
  `agama_id` int(11) NOT NULL AUTO_INCREMENT,
  `agama_nama` varchar(50) NOT NULL,
  `agama_status_aktif` char(1) NOT NULL DEFAULT 'y',
  `agama_created_date` datetime NOT NULL,
  `agama_created_by` varchar(50) NOT NULL,
  `agama_updated_date` datetime DEFAULT NULL,
  `agama_updated_by` varchar(50) DEFAULT NULL,
  `agama_revised` int(11) DEFAULT '0',
  PRIMARY KEY (`agama_id`)
) ENGINE=InnoDB DEFAULT CHARSET=utf8;

-- ----------------------------
-- Records of m_agama
-- ----------------------------

-- ----------------------------
-- Table structure for m_atribut_barang
-- ----------------------------
DROP TABLE IF EXISTS `m_atribut_barang`;
CREATE TABLE `m_atribut_barang` (
  `atribut_id` int(11) NOT NULL AUTO_INCREMENT,
  `m_barang_id` int(11) NOT NULL,
  `atribut_jenis` varchar(255) NOT NULL,
  `atribut_nama` varchar(255) NOT NULL,
  `atribut_satuan` varchar(255) DEFAULT NULL,
  `atribut_default_value` varchar(255) DEFAULT NULL,
  `atribut_status_aktif` varchar(255) NOT NULL,
  `atribut_create_date` datetime NOT NULL DEFAULT '0000-00-00 00:00:00',
  `atribut_create_by` varchar(255) NOT NULL,
  `atribut_update_date` datetime DEFAULT NULL ON UPDATE CURRENT_TIMESTAMP,
  `atribut_update_by` varchar(255) DEFAULT NULL,
  `atribut_revised` int(11) DEFAULT NULL,
  PRIMARY KEY (`atribut_id`),
  KEY `barang` (`m_barang_id`),
  CONSTRAINT `barang` FOREIGN KEY (`m_barang_id`) REFERENCES `m_barang` (`barang_id`)
) ENGINE=InnoDB AUTO_INCREMENT=12 DEFAULT CHARSET=latin1;

-- ----------------------------
-- Records of m_atribut_barang
-- ----------------------------
INSERT INTO `m_atribut_barang` VALUES ('1', '1', '3', 'Dimensi Panjang', '1', '0', 'n', '2017-02-15 18:11:38', 'developer', '2017-03-06 13:26:42', 'developer', '14');
INSERT INTO `m_atribut_barang` VALUES ('2', '1', '3', 'Dimensi Lebar', '1', '0', 'n', '2017-02-15 18:15:15', 'developer', '2017-03-06 13:26:49', 'developer', '14');
INSERT INTO `m_atribut_barang` VALUES ('3', '1', '3', 'Dimensi Tinggi', '1', '0', 'n', '2017-02-15 18:15:44', 'developer', '2017-03-06 13:27:09', 'developer', '14');
INSERT INTO `m_atribut_barang` VALUES ('4', '1', '3', 'Berat', '2', '0', 'n', '2017-02-15 18:16:10', 'developer', '2017-03-06 13:27:04', 'developer', '14');
INSERT INTO `m_atribut_barang` VALUES ('5', '1', '1', 'Warna', null, '[{\"id\":\"1\",\"nama\":\"Abu Abu\"},{\"id\":\"2\",\"nama\":\"Hitam\"},{\"id\":\"3\",\"nama\":\"Putih\"}]', 'n', '2017-02-15 18:19:36', 'developer', '2017-03-06 13:26:59', 'developer', '14');
INSERT INTO `m_atribut_barang` VALUES ('6', '1', '2', 'Keterangan Lain', null, '-', 'n', '2017-02-15 18:20:00', 'developer', '2017-03-06 13:26:54', 'developer', '15');
INSERT INTO `m_atribut_barang` VALUES ('7', '1', '3', 'dimensi tinggi', '1', '0', 'y', '2017-03-06 13:50:01', 'developer', '2017-03-06 14:02:25', 'developer', '1');
INSERT INTO `m_atribut_barang` VALUES ('8', '2', '3', 'berat', '2', '0', 'y', '2017-03-08 09:31:11', 'developer', '2017-03-08 09:31:11', null, '0');
INSERT INTO `m_atribut_barang` VALUES ('9', '134', '2', 'as', '3', 'sasa', 'n', '2017-04-03 10:39:03', 'developer', '2017-04-03 10:39:41', 'developer', '1');
INSERT INTO `m_atribut_barang` VALUES ('10', '656', '1', 'TRIBUT', '6', '[{\"id\":\"1\",\"nama\":\"DV\"},{\"id\":\"2\",\"nama\":\"D\"}]', 'y', '2017-04-12 14:53:10', 'developer', '2017-04-12 14:53:10', null, '0');
INSERT INTO `m_atribut_barang` VALUES ('11', '41', '3', 'panjang', '1', '0', 'y', '2017-04-20 10:51:48', 'developer', '2017-04-20 10:51:48', null, '0');

-- ----------------------------
-- Table structure for m_bank
-- ----------------------------
DROP TABLE IF EXISTS `m_bank`;
CREATE TABLE `m_bank` (
  `bank_id` int(11) NOT NULL AUTO_INCREMENT,
  `bank_cabang` varchar(255) DEFAULT NULL,
  `bank_nama` varchar(255) DEFAULT NULL,
  `bank_atas_nama` varchar(255) DEFAULT NULL,
  `bank_no_rek` varchar(255) DEFAULT NULL,
  `bank_status_aktif` char(1) DEFAULT NULL,
  `bank_created_date` datetime DEFAULT NULL,
  `bank_created_by` varchar(255) DEFAULT NULL,
  `bank_update_date` datetime DEFAULT NULL,
  `bank_update_by` varchar(255) DEFAULT NULL,
  `bank_revised` int(11) DEFAULT NULL,
  `m_cabang_id` int(11) DEFAULT NULL,
  PRIMARY KEY (`bank_id`)
) ENGINE=MyISAM AUTO_INCREMENT=7 DEFAULT CHARSET=latin1;

-- ----------------------------
-- Records of m_bank
-- ----------------------------
INSERT INTO `m_bank` VALUES ('1', 'Cabang 1', 'BCA', 'NIM', '376234589', 'y', '2017-03-21 15:03:11', 'developer', '2017-03-22 13:37:28', 'developer', '3', '1');
INSERT INTO `m_bank` VALUES ('2', 'Cabang B', 'Bank A', 'ABC', '32415253', 'n', '2017-03-22 13:23:17', 'developer', '2017-03-29 11:01:01', 'developer', '2', '2');
INSERT INTO `m_bank` VALUES ('3', 'Cabang 1', 'BRI', 'Metalindo', '132252', 'y', '2017-03-22 13:26:15', 'developer', '2017-03-22 13:37:09', 'developer', '4', '1');
INSERT INTO `m_bank` VALUES ('4', 'BNI SURABAYA', 'BNI', 'tes', '2393488934894', 'y', '2017-03-29 11:00:48', 'developer', '2017-03-29 11:00:48', null, '0', '1');
INSERT INTO `m_bank` VALUES ('5', 'asa', 'BCA', 'saya', '1212121', 'n', '2017-04-03 10:50:13', 'developer', '2017-04-03 10:50:22', 'developer', '1', '1');
INSERT INTO `m_bank` VALUES ('6', 'Mulyosari', 'Bank BCA', 'Agun', '897368769321696', 'y', '2017-04-12 15:04:24', 'developer', '2017-04-12 15:05:50', 'developer', '2', '8');

-- ----------------------------
-- Table structure for m_barang
-- ----------------------------
DROP TABLE IF EXISTS `m_barang`;
CREATE TABLE `m_barang` (
  `barang_id` int(11) NOT NULL AUTO_INCREMENT,
  `m_jenis_barang_id` int(11) NOT NULL,
  `barang_kode` varchar(255) NOT NULL,
  `barang_nomor` varchar(255) DEFAULT NULL,
  `barang_nama` varchar(255) NOT NULL,
  `m_satuan_id` int(11) DEFAULT NULL,
  `barang_minimum_stok` decimal(20,2) NOT NULL DEFAULT '0.00',
  `barang_status_aktif` char(1) NOT NULL,
  `barang_create_date` datetime NOT NULL DEFAULT '0000-00-00 00:00:00',
  `barang_create_by` varchar(255) NOT NULL,
  `barang_update_date` datetime DEFAULT NULL ON UPDATE CURRENT_TIMESTAMP,
  `barang_update_by` varchar(255) DEFAULT NULL,
  `barang_revised` int(11) DEFAULT NULL,
  PRIMARY KEY (`barang_id`),
  KEY `jenis_barang` (`m_jenis_barang_id`),
  CONSTRAINT `jenis_barang` FOREIGN KEY (`m_jenis_barang_id`) REFERENCES `m_jenis_barang` (`jenis_barang_id`)
) ENGINE=InnoDB AUTO_INCREMENT=657 DEFAULT CHARSET=latin1;

-- ----------------------------
-- Records of m_barang
-- ----------------------------
INSERT INTO `m_barang` VALUES ('1', '3', 'GVR2090NS(R)', '', 'Galvalum 0.20 x 90 (NS)(R)', '4', '20.00', 'y', '2017-02-15 18:06:41', 'developer', '2017-04-11 15:13:24', 'developer', '19');
INSERT INTO `m_barang` VALUES ('2', '1', 'KDBRG00002', '00002', 'Barang 00002', '1', '20.00', 'y', '2017-02-16 03:44:01', 'developer', '2017-04-10 03:44:07', 'developer', '5');
INSERT INTO `m_barang` VALUES ('3', '1', 'KDBRG00003', '00003', 'Barang 00003', '1', '20.00', 'n', '2017-02-21 00:10:10', 'developer', '2017-02-21 00:13:57', 'developer', '6');
INSERT INTO `m_barang` VALUES ('4', '1', 'KDBRG004', '004', 'Barang 004', '2', '30.00', 'y', '2017-02-23 14:24:35', 'developer', '2017-02-23 14:24:35', null, '0');
INSERT INTO `m_barang` VALUES ('5', '1', 'KDBHN00001', 'BHN00001', 'Coil Galvalum 0.15 bmt x 914', '2', '20000.00', 'y', '2017-03-04 00:47:17', 'developer', '2017-04-10 11:28:34', 'developer', '6');
INSERT INTO `m_barang` VALUES ('6', '1', 'KDBHN00002', 'BHN00002', 'Coil Galvalum 0.20 bmt x 1219 ', '2', '10.00', 'y', '2017-03-04 00:47:47', 'developer', '2017-04-03 11:17:38', 'developer', '5');
INSERT INTO `m_barang` VALUES ('7', '1', 'KDBRG1111', '23256', 'Barang 00011', '1', '10.00', 'y', '2017-03-06 13:43:28', 'developer', '2017-03-06 13:47:08', 'developer', '2');
INSERT INTO `m_barang` VALUES ('8', '1', 'CGL1591AA', '', 'COIL GALVALUM 0,15 BMT x 914 AZ 50 G300', '2', '10.00', 'y', '2017-03-21 12:09:44', 'developer', '2017-03-21 12:09:44', null, '0');
INSERT INTO `m_barang` VALUES ('9', '1', 'CGL1591AB', '', 'COIL GALVALUM 0,15 BMT x 914 AZ 50 G400', '2', '10.00', 'y', '2017-03-21 12:13:28', 'developer', '2017-03-22 15:38:07', 'developer', '1');
INSERT INTO `m_barang` VALUES ('10', '1', 'CGL1891AC', '', 'COIL GALVALUM 0,18 BMT x 914 AZ 50 G450', '2', '10.00', 'y', '2017-03-21 12:17:29', 'developer', '2017-03-23 11:38:39', 'developer', '1');
INSERT INTO `m_barang` VALUES ('11', '1', 'CGL2059AB', '', 'COIL GALVALUM 0,20 BMT x 590 AZ 50 G400', '2', '100.00', 'y', '2017-03-21 12:18:32', 'developer', '2017-03-21 12:18:32', null, '0');
INSERT INTO `m_barang` VALUES ('12', '3', 'GVR2090SB', '', 'Galvalum 0.20 x 90 x 50 mtr', '4', '100.00', 'y', '2017-03-21 12:55:55', 'developer', '2017-03-21 12:57:07', 'developer', '1');
INSERT INTO `m_barang` VALUES ('13', '3', 'KS7C75', '', 'Kanal SOTHO C 75 - 0,75', '5', '10.00', 'y', '2017-03-21 13:09:35', 'developer', '2017-03-21 14:44:42', 'developer', '1');
INSERT INTO `m_barang` VALUES ('14', '1', 'CGL1591AC', '', 'COIL GALVALUM 0,15 BMT x 914 AZ 50 G450', '2', '10.00', 'y', '2017-03-22 15:16:16', 'developer', '2017-03-22 15:16:16', null, '0');
INSERT INTO `m_barang` VALUES ('15', '1', 'CGL1591AD', '', 'COIL GALVALUM 0,15 BMT x 914 AZ 50 G550', '2', '10.00', 'y', '2017-03-22 15:17:19', 'developer', '2017-03-22 15:54:06', 'developer', '3');
INSERT INTO `m_barang` VALUES ('17', '1', 'CGL1891AA', '', 'COIL GALVALUM 0,18 BMT x 914 AZ 50 G300', '2', '10.00', 'y', '2017-03-22 15:19:51', 'developer', '2017-03-22 15:19:51', null, '0');
INSERT INTO `m_barang` VALUES ('18', '1', 'CGL1591BA', '', 'COIL GALVALUM 0,15 BMT x 914 AZ 70 G300', '2', '10.00', 'y', '2017-03-22 15:20:21', 'developer', '2017-03-22 15:20:21', null, '0');
INSERT INTO `m_barang` VALUES ('20', '1', 'CGL1591BB', '', 'COIL GALVALUM 0,15 BMT x 914 AZ 70 G400', '2', '10.00', 'y', '2017-03-22 15:22:09', 'developer', '2017-03-22 15:22:09', null, '0');
INSERT INTO `m_barang` VALUES ('21', '1', 'CGL1891AB', '', 'COIL GALVALUM 0,18 BMT x 914 AZ 50 G400', '2', '10.00', 'y', '2017-03-22 15:23:54', 'developer', '2017-03-22 15:23:54', null, '0');
INSERT INTO `m_barang` VALUES ('22', '1', 'CGL1891AB', '', 'COIL GALVALUM 0,18 BMT x 914 AZ 50 G400', '2', '10.00', 'y', '2017-03-22 15:24:13', 'developer', '2017-03-22 15:24:13', null, '0');
INSERT INTO `m_barang` VALUES ('23', '1', 'CGL1891AB', '', 'COIL GALVALUM 0,18 BMT x 914 AZ 50 G400', '2', '10.00', 'y', '2017-03-22 15:24:13', 'developer', '2017-03-22 15:24:13', null, '0');
INSERT INTO `m_barang` VALUES ('24', '1', 'CGL1891AC', '', 'COIL GALVALUM 0,18 BMT x 914 AZ 50 G450', '2', '10.00', 'y', '2017-03-22 15:28:14', 'developer', '2017-03-22 15:28:14', null, '0');
INSERT INTO `m_barang` VALUES ('25', '1', 'CGL1591BC', '', 'COIL GALVALUM 0,15 BMT x 914 AZ 70 G450', '2', '10.00', 'y', '2017-03-22 15:29:37', 'developer', '2017-03-22 15:29:37', null, '0');
INSERT INTO `m_barang` VALUES ('26', '1', 'CGL1591BC', '', 'COIL GALVALUM 0,15 BMT x 914 AZ 70 G450', '2', '10.00', 'y', '2017-03-22 15:30:23', 'developer', '2017-03-22 15:30:23', null, '0');
INSERT INTO `m_barang` VALUES ('27', '1', 'CGL1891AD', '', 'COIL GALVALUM 0,18 BMT x 914 AZ 50 G550', '2', '10.00', 'y', '2017-03-22 15:30:28', 'developer', '2017-03-22 15:30:28', null, '0');
INSERT INTO `m_barang` VALUES ('28', '1', 'CGL1891BA', '', 'COIL GALVALUM 0,18 BMT x 914 AZ 70 G300', '2', '10.00', 'y', '2017-03-22 15:31:18', 'developer', '2017-03-22 15:31:18', null, '0');
INSERT INTO `m_barang` VALUES ('29', '1', 'CGL1591BD', '', 'COIL GALVALUM 0,15 BMT x 914 AZ 70 G550', '2', '10.00', 'y', '2017-03-22 15:31:51', 'developer', '2017-03-22 15:31:51', null, '0');
INSERT INTO `m_barang` VALUES ('30', '1', 'CGL1891BB', '', 'COIL GALVALUM 0,18 BMT x 914 AZ 70 G400', '2', '10.00', 'y', '2017-03-22 15:33:05', 'developer', '2017-03-22 15:33:05', null, '0');
INSERT INTO `m_barang` VALUES ('31', '1', 'CGL1891BB', '', 'COIL GALVALUM 0,18 BMT x 914 AZ 70 G400', '2', '10.00', 'y', '2017-03-22 15:33:07', 'developer', '2017-03-22 15:33:07', null, '0');
INSERT INTO `m_barang` VALUES ('32', '1', 'CGL1591CA', '', 'COIL GALVALUM 0,15 BMT x 914 AZ 100 G300', '2', '10.00', 'y', '2017-03-22 15:33:30', 'developer', '2017-03-22 15:33:30', null, '0');
INSERT INTO `m_barang` VALUES ('33', '1', 'CGL1891BC', '', 'COIL GALVALUM 0,18 BMT x 914 AZ 70 G450', '2', '10.00', 'y', '2017-03-22 15:35:12', 'developer', '2017-03-22 15:35:12', null, '0');
INSERT INTO `m_barang` VALUES ('34', '1', 'CGL1891BC', '', 'COIL GALVALUM 0,18 BMT x 914 AZ 70 G450', '2', '10.00', 'y', '2017-03-22 15:35:31', 'developer', '2017-03-22 15:35:31', null, '0');
INSERT INTO `m_barang` VALUES ('35', '1', 'CGL1891BD', '', 'COIL GALVALUM 0,18 BMT x 914 AZ 70 G550', '2', '10.00', 'y', '2017-03-22 15:40:09', 'developer', '2017-03-22 15:40:09', null, '0');
INSERT INTO `m_barang` VALUES ('36', '1', 'CGL1891BD', '', 'COIL GALVALUM 0,18 BMT x 914 AZ 70 G550', '2', '10.00', 'y', '2017-03-22 15:40:10', 'developer', '2017-03-22 15:40:10', null, '0');
INSERT INTO `m_barang` VALUES ('37', '1', 'CGL1891BD', '', 'COIL GALVALUM 0,18 BMT x 914 AZ 70 G550', '2', '10.00', 'y', '2017-03-22 15:40:11', 'developer', '2017-03-22 15:40:11', null, '0');
INSERT INTO `m_barang` VALUES ('38', '1', 'CGL1591CB', '', 'COIL GALVALUM 0,15 BMT x 914 AZ 100 G400', '2', '10.00', 'y', '2017-03-22 15:42:00', 'developer', '2017-03-22 15:42:00', null, '0');
INSERT INTO `m_barang` VALUES ('39', '1', 'CGL1891CA', '', 'COIL GALVALUM 0,18 BMT x 914 AZ 100 G300', '2', '10.00', 'y', '2017-03-22 15:42:59', 'developer', '2017-03-22 15:42:59', null, '0');
INSERT INTO `m_barang` VALUES ('40', '1', 'CGL1591CC', '', 'COIL GALVALUM 0,15 BMT x 914 AZ 100 G450', '2', '10.00', 'y', '2017-03-22 15:43:09', 'developer', '2017-03-22 15:43:09', null, '0');
INSERT INTO `m_barang` VALUES ('41', '1', 'CGB1991AA', '', 'COIL GALVALUM 0,19 BMT x 914 AZ 50 G300 TINTED BLUE', '2', '10.00', 'y', '2017-03-22 15:43:11', 'developer', '2017-03-22 15:43:11', null, '0');
INSERT INTO `m_barang` VALUES ('43', '1', 'CGL1891CA', '', 'COIL GALVALUM 0,18 BMT x 914 AZ 100 G300', '2', '10.00', 'y', '2017-03-22 15:43:24', 'developer', '2017-03-22 15:43:24', null, '0');
INSERT INTO `m_barang` VALUES ('44', '1', 'CGL1891CA', '', 'COIL GALVALUM 0,18 BMT x 914 AZ 100 G300', '2', '10.00', 'y', '2017-03-22 15:43:26', 'developer', '2017-03-22 15:43:26', null, '0');
INSERT INTO `m_barang` VALUES ('45', '1', 'CGL1591CD', '', 'COIL GALVALUM 0,15 BMT x 914 AZ 100 G550', '2', '10.00', 'y', '2017-03-22 15:43:59', 'developer', '2017-03-22 15:43:59', null, '0');
INSERT INTO `m_barang` VALUES ('46', '1', 'CGL1891AA', '', 'COIL GALVALUM 0,18 BMT x 914 AZ 50 G300', '2', '10.00', 'y', '2017-03-22 15:47:53', 'developer', '2017-03-22 15:47:53', null, '0');
INSERT INTO `m_barang` VALUES ('47', '1', 'CGB1991AB', '', 'COIL GALVALUM 0,19 BMT x 914 AZ 50 G400 TINTED BLUE', '2', '10.00', 'y', '2017-03-22 15:49:11', 'developer', '2017-03-22 15:49:11', null, '0');
INSERT INTO `m_barang` VALUES ('48', '1', 'CGB1991AC', '', 'COIL GALVALUM 0,19 BMT x 914 AZ 50 G450 TINTED BLUE', '2', '10.00', 'y', '2017-03-22 15:50:15', 'developer', '2017-03-22 15:50:15', null, '0');
INSERT INTO `m_barang` VALUES ('49', '1', 'CGL1891AB', '', 'COIL GALVALUM 0,18 BMT x 914 AZ 50 G400', '2', '10.00', 'y', '2017-03-22 15:50:45', 'developer', '2017-03-22 15:50:45', null, '0');
INSERT INTO `m_barang` VALUES ('50', '1', 'CGL1891CB', '', 'COIL GALVALUM 0,18 BMT x 914 AZ 100 G400', '2', '10.00', 'y', '2017-03-22 15:51:01', 'developer', '2017-03-22 15:51:01', null, '0');
INSERT INTO `m_barang` VALUES ('51', '1', 'CGL1891CB', '', 'COIL GALVALUM 0,18 BMT x 914 AZ 100 G400', '2', '10.00', 'y', '2017-03-22 15:51:13', 'developer', '2017-03-22 15:51:13', null, '0');
INSERT INTO `m_barang` VALUES ('52', '1', 'CGB1991AD', '', 'COIL GALVALUM 0,19 BMT x 914 AZ 50 G550 TINTED BLUE', '2', '10.00', 'y', '2017-03-22 15:53:16', 'developer', '2017-03-22 15:53:16', null, '0');
INSERT INTO `m_barang` VALUES ('53', '1', 'CGL1891AC', '', 'COIL GALVALUM 0,18 BMT x 914 AZ 50 G450', '2', '10.00', 'y', '2017-03-22 15:53:51', 'developer', '2017-03-22 15:53:51', null, '0');
INSERT INTO `m_barang` VALUES ('54', '1', 'CGL1891AD', '', 'COIL GALVALUM 0,18 BMT x 914 AZ 50 G550', '2', '10.00', 'y', '2017-03-22 15:57:16', 'developer', '2017-03-22 15:57:16', null, '0');
INSERT INTO `m_barang` VALUES ('55', '1', 'CGL1891CC', '', 'COIL GALVALUM 0,18 BMT x 914AZ 100 G450', '2', '10.00', 'y', '2017-03-22 16:00:15', 'developer', '2017-03-22 16:00:15', null, '0');
INSERT INTO `m_barang` VALUES ('56', '1', 'CGB1991BA', '', 'COIL GALVALUM 0,19 BMT x 914 AZ 70 G300 TINTED BLUE', '2', '10.00', 'y', '2017-03-22 16:01:49', 'developer', '2017-03-22 16:01:49', null, '0');
INSERT INTO `m_barang` VALUES ('57', '1', 'CGL1891CD', '', 'COIL GALVALUM 0,18 BMT x 914 AZ 100 G550', '2', '10.00', 'y', '2017-03-22 16:02:03', 'developer', '2017-03-22 16:02:03', null, '0');
INSERT INTO `m_barang` VALUES ('58', '1', 'CGB1991BB', '', 'COIL GALVALUM 0,19 BMT x 914 AZ 70 G400 TINTED BLUE', '2', '10.00', 'y', '2017-03-22 16:02:45', 'developer', '2017-03-22 16:02:45', null, '0');
INSERT INTO `m_barang` VALUES ('59', '1', 'CGB1991BB', '', 'COIL GALVALUM 0,19 BMT x 914 AZ 70 G400 TINTED BLUE', '2', '10.00', 'y', '2017-03-22 16:03:23', 'developer', '2017-03-22 16:03:23', null, '0');
INSERT INTO `m_barang` VALUES ('60', '1', 'CGL2091AA', '', 'COIL GALVALUM 0,20 BMT x 914 AZ 50 G300', '2', '10.00', 'y', '2017-03-22 16:04:46', 'developer', '2017-03-22 16:04:46', null, '0');
INSERT INTO `m_barang` VALUES ('61', '1', 'CGL2091AA', '', 'COIL GALVALUM 0,20 BMT x 914 AZ 50 G300', '2', '10.00', 'y', '2017-03-22 16:04:51', 'developer', '2017-03-22 16:04:51', null, '0');
INSERT INTO `m_barang` VALUES ('62', '1', 'CGL2059AA', '', 'COIL GALVALUM 0,20 BMT x 590 AZ 50 G300', '2', '10.00', 'y', '2017-03-22 16:06:53', 'developer', '2017-03-22 16:06:53', null, '0');
INSERT INTO `m_barang` VALUES ('63', '1', 'CGL2091AB', '', 'COIL GALVALUM 0,20 BMT x 914 AZ 50 G400', '2', '10.00', 'y', '2017-03-22 16:07:11', 'developer', '2017-03-22 16:07:11', null, '0');
INSERT INTO `m_barang` VALUES ('64', '1', 'CGL2059AB', '', 'COIL GALVALUM 0,20 BMT x 590 AZ 50 G400', '2', '10.00', 'y', '2017-03-22 16:07:45', 'developer', '2017-03-22 16:07:45', null, '0');
INSERT INTO `m_barang` VALUES ('65', '1', 'CGL2059AC', '', 'COIL GALVALUM 0,20 BMT x 590 AZ 50 G450', '2', '10.00', 'y', '2017-03-22 16:13:55', 'developer', '2017-03-22 16:13:55', null, '0');
INSERT INTO `m_barang` VALUES ('66', '1', 'CGL2091AC', '', 'COIL GALVALUM 0,20 BMT x 914 AZ 50 G450', '2', '10.00', 'y', '2017-03-22 16:17:35', 'developer', '2017-03-22 16:17:35', null, '0');
INSERT INTO `m_barang` VALUES ('67', '1', 'CGL2059AD', '', 'COIL GALVALUM 0,20 BMT x 590 AZ 50 G550', '2', '10.00', 'y', '2017-03-22 16:17:39', 'developer', '2017-03-22 16:17:39', null, '0');
INSERT INTO `m_barang` VALUES ('68', '1', 'CGL2091AC', '', 'COIL GALVALUM 0,20 BMT x 914 AZ 50 G450', '2', '10.00', 'y', '2017-03-22 16:17:45', 'developer', '2017-03-22 16:17:45', null, '0');
INSERT INTO `m_barang` VALUES ('69', '1', 'CGB1991BC', '', 'COIL GALVALUM 0,19 BMT x 914 AZ 70 G450 TINTED BLUE', '2', '10.00', 'y', '2017-03-22 16:18:38', 'developer', '2017-03-22 16:18:38', null, '0');
INSERT INTO `m_barang` VALUES ('70', '1', 'CGB1991BC', '', 'COIL GALVALUM 0,19 BMT x 914 AZ 70 G450 TINTED BLUE', '2', '10.00', 'y', '2017-03-22 16:19:15', 'developer', '2017-03-22 16:19:15', null, '0');
INSERT INTO `m_barang` VALUES ('71', '1', 'CGL2059BA', '', 'COIL GALVALUM 0,20 BMT x 590 AZ 70 G300', '2', '10.00', 'y', '2017-03-22 16:20:09', 'developer', '2017-03-22 16:20:09', null, '0');
INSERT INTO `m_barang` VALUES ('72', '1', 'CGL2091AD', '', 'COIL GALVALUM 0,20 BMT x 914 AZ 50 G550', '2', '10.00', 'y', '2017-03-22 16:22:45', 'developer', '2017-03-22 16:22:45', null, '0');
INSERT INTO `m_barang` VALUES ('73', '1', 'CGB1991BD', '', 'COIL GALVALUM 0,19 BMT x 914 AZ 70 G550 TINTED BLUE', '2', '10.00', 'y', '2017-03-22 16:23:28', 'developer', '2017-03-22 16:23:28', null, '0');
INSERT INTO `m_barang` VALUES ('74', '1', 'CGL2091BA', '', 'COIL GALVALUM 0,20 BMT x 914 AZ 70 G300', '2', '10.00', 'y', '2017-03-22 16:23:42', 'developer', '2017-03-22 16:23:42', null, '0');
INSERT INTO `m_barang` VALUES ('75', '1', 'CGL2059BB', '', 'COIL GALVALUM 0,20 BMT x 590 AZ 70 G400', '2', '10.00', 'y', '2017-03-22 16:23:59', 'developer', '2017-03-22 16:23:59', null, '0');
INSERT INTO `m_barang` VALUES ('76', '1', 'CGB1991CA', '', 'COIL GALVALUM 0,19 BMT x 914 AZ 100 G300 TINTED BLUE', '2', '10.00', 'y', '2017-03-22 16:25:43', 'developer', '2017-03-22 16:25:43', null, '0');
INSERT INTO `m_barang` VALUES ('77', '1', 'CGL2091BA', '', 'COIL GALVALUM 0,20 BMT x 914 AZ 70 G300', '2', '10.00', 'y', '2017-03-22 16:28:19', 'developer', '2017-03-22 16:28:19', null, '0');
INSERT INTO `m_barang` VALUES ('78', '1', 'CGB1991CB', '', 'COIL GALVALUM 0,19 BMT x 914 AZ 100 G400 TINTED BLUE', '2', '10.00', 'y', '2017-03-22 16:32:13', 'developer', '2017-03-22 16:32:13', null, '0');
INSERT INTO `m_barang` VALUES ('79', '1', 'CGL2059BC', '', 'COIL GALVALUM 0,20 BMT x 590 AZ 70 G450', '2', '10.00', 'y', '2017-03-22 16:32:30', 'developer', '2017-03-22 16:32:30', null, '0');
INSERT INTO `m_barang` VALUES ('80', '1', 'CGL2091BB', '', 'COIL GALVALUM 0,20 BMT x 914 AZ 70 G400', '2', '10.00', 'y', '2017-03-22 16:32:48', 'developer', '2017-03-22 16:32:48', null, '0');
INSERT INTO `m_barang` VALUES ('81', '1', 'CGB1991CC', '', 'COIL GALVALUM 0,19 BMT x 914 AZ 100 G450 TINTED BLUE', '2', '10.00', 'y', '2017-03-22 16:33:41', 'developer', '2017-03-22 16:33:41', null, '0');
INSERT INTO `m_barang` VALUES ('82', '2', 'CGL2091BC', '', 'COIL GALVALUM 0,20 BMT x 914 AZ 70 G450', '2', '10.00', 'y', '2017-03-22 16:33:42', 'developer', '2017-03-22 16:33:42', null, '0');
INSERT INTO `m_barang` VALUES ('83', '1', 'CGB1991CD', '', 'COIL GALVALUM 0,19 BMT x 914 AZ 100 G550 TINTED BLUE', '2', '10.00', 'y', '2017-03-22 16:34:40', 'developer', '2017-03-22 16:34:40', null, '0');
INSERT INTO `m_barang` VALUES ('84', '1', 'CGL2091BD', '', 'COIL GALVALUM 0,20 BMT x 914 AZ 70 G550', '2', '10.00', 'y', '2017-03-22 16:34:41', 'developer', '2017-03-22 16:34:41', null, '0');
INSERT INTO `m_barang` VALUES ('85', '1', 'CGL2091CA', '', 'COIL GALVALUM 0,20 BMT x 914 AZ 100 G300', '2', '10.00', 'y', '2017-03-22 16:38:06', 'developer', '2017-03-22 16:38:06', null, '0');
INSERT INTO `m_barang` VALUES ('86', '1', 'CGL2091CA', '', 'COIL GALVALUM 0,20 BMT x 914 AZ 100 G300', '2', '10.00', 'y', '2017-03-22 16:38:07', 'developer', '2017-03-22 16:38:07', null, '0');
INSERT INTO `m_barang` VALUES ('87', '1', 'CGL2091CA', '', 'COIL GALVALUM 0,20 BMT x 914 AZ 100 G300', '2', '10.00', 'y', '2017-03-22 16:38:09', 'developer', '2017-03-22 16:38:09', null, '0');
INSERT INTO `m_barang` VALUES ('88', '1', 'CGL2012AA', '', 'COIL GALVALUM 0,20 BMT x 1219 AZ 50 G300', '2', '10.00', 'y', '2017-03-22 16:41:44', 'developer', '2017-03-22 16:41:44', null, '0');
INSERT INTO `m_barang` VALUES ('89', '1', 'CGL2059BD', '', 'COIL GALVALUM 0,20 BMT x 590 AZ 70 G550', '2', '10.00', 'y', '2017-03-22 16:43:37', 'developer', '2017-03-22 16:43:37', null, '0');
INSERT INTO `m_barang` VALUES ('90', '1', 'CGL2091CB', '', 'COIL GALVALUM 0,20 BMT x 914 AZ 100 G400', '2', '10.00', 'y', '2017-03-22 16:52:29', 'developer', '2017-03-22 16:52:29', null, '0');
INSERT INTO `m_barang` VALUES ('91', '1', 'CGL2091CB', '', 'COIL GALVALUM 0,20 BMT x 914 AZ 100 G400', '2', '10.00', 'y', '2017-03-22 16:52:53', 'developer', '2017-03-22 16:52:53', null, '0');
INSERT INTO `m_barang` VALUES ('92', '1', 'CGL2091CC', '', 'COIL GALVALUM 0,20 BMT x 914 AZ 100 G450', '2', '10.00', 'y', '2017-03-22 16:55:04', 'developer', '2017-03-22 16:55:04', null, '0');
INSERT INTO `m_barang` VALUES ('93', '1', 'CGL2091CD', '', 'COIL GALVALUM 0,20 BMT x 914 AZ 100 G550', '2', '10.00', 'y', '2017-03-22 16:58:24', 'developer', '2017-03-22 16:58:24', null, '0');
INSERT INTO `m_barang` VALUES ('94', '1', 'CGL1891BA', '', 'COIL GALVALUM 0,18 BMT x 914 AZ 70 G300', '2', '10.00', 'y', '2017-03-23 10:49:19', 'developer', '2017-03-23 10:49:19', null, '0');
INSERT INTO `m_barang` VALUES ('95', '1', 'CGL1891BB', '', 'COIL GALVALUM 0,18 BMT x 914 AZ 70 G400', '2', '10.00', 'y', '2017-03-23 10:50:26', 'developer', '2017-03-23 10:50:26', null, '0');
INSERT INTO `m_barang` VALUES ('96', '1', 'CGL2591AA', '', 'COIL GALVALUM 0,25 BMT x 914 AZ 50 G300', '2', '10.00', 'y', '2017-03-23 10:52:21', 'developer', '2017-03-23 10:52:21', null, '0');
INSERT INTO `m_barang` VALUES ('97', '1', 'CGL2591AB', '', 'COIL GALVALUM 0,25 BMT x 914 AZ 50 G400', '2', '10.00', 'y', '2017-03-23 10:53:20', 'developer', '2017-03-23 10:53:20', null, '0');
INSERT INTO `m_barang` VALUES ('98', '1', 'CGL2591AC', '', 'COIL GALVALUM 0,25 BMT x 914 AZ 50 G450', '2', '10.00', 'y', '2017-03-23 10:54:39', 'developer', '2017-03-23 10:54:39', null, '0');
INSERT INTO `m_barang` VALUES ('99', '1', 'CGL2591AD', '', 'COIL GALVALUM 0,25 BMT x 914 AZ 50 G550', '2', '10.00', 'y', '2017-03-23 10:55:15', 'developer', '2017-03-23 10:55:15', null, '0');
INSERT INTO `m_barang` VALUES ('100', '1', 'CGL2591BA', '', 'COIL GALVALUM 0,25 BMT x 914 AZ 70 G300', '2', '10.00', 'y', '2017-03-23 10:56:38', 'developer', '2017-03-23 10:56:38', null, '0');
INSERT INTO `m_barang` VALUES ('101', '1', 'CGL2059CA', '', 'COIL GALVALUM 0,20 BMT x 590 AZ 100 G300', '2', '10.00', 'y', '2017-03-23 10:56:46', 'developer', '2017-03-23 10:56:46', null, '0');
INSERT INTO `m_barang` VALUES ('102', '1', 'CGL2591BB', '', 'COIL GALVALUM 0,25 BMT x 914 AZ 70 G400', '2', '10.00', 'y', '2017-03-23 10:57:18', 'developer', '2017-03-23 10:57:18', null, '0');
INSERT INTO `m_barang` VALUES ('103', '1', 'CGL2059CB', '', 'COIL GALVALUM 0,20 BMT x 590 AZ 100 G400', '2', '10.00', 'y', '2017-03-23 10:57:31', 'developer', '2017-03-23 10:57:31', null, '0');
INSERT INTO `m_barang` VALUES ('104', '1', 'CGL2059CC', '', 'COIL GALVALUM 0,20 BMT x 590 AZ 100 G450', '2', '10.00', 'y', '2017-03-23 10:58:17', 'developer', '2017-03-23 10:58:17', null, '0');
INSERT INTO `m_barang` VALUES ('105', '1', 'CGL2591BC', '', 'COIL GALVALUM 0,25 BMT x 914 AZ 70 G450', '2', '10.00', 'y', '2017-03-23 10:58:57', 'developer', '2017-03-23 10:58:57', null, '0');
INSERT INTO `m_barang` VALUES ('106', '1', 'CGL2059CD', '', 'COIL GALVALUM 0,20 BMT x 590 AZ 100 G550', '2', '10.00', 'y', '2017-03-23 10:59:51', 'developer', '2017-03-23 10:59:51', null, '0');
INSERT INTO `m_barang` VALUES ('107', '1', 'CGL2591BD', '', 'COIL GALVALUM 0,25 BMT x 914 AZ 70 G550', '2', '10.00', 'y', '2017-03-23 11:00:52', 'developer', '2017-03-23 11:00:52', null, '0');
INSERT INTO `m_barang` VALUES ('108', '1', 'CGL2559AA', '', 'COIL GALVALUM 0,25 BMT x 590 AZ 50 G300', '2', '10.00', 'y', '2017-03-23 11:01:14', 'developer', '2017-03-23 11:01:14', null, '0');
INSERT INTO `m_barang` VALUES ('109', '1', 'CGL2559AB', '', 'COIL GALVALUM 0,25 BMT x 590 AZ 50 G400', '2', '10.00', 'y', '2017-03-23 11:01:49', 'developer', '2017-03-23 11:01:49', null, '0');
INSERT INTO `m_barang` VALUES ('110', '1', 'CGL2591CA', '', 'COIL GALVALUM 0,25 BMT x 914 AZ 100 G300', '2', '10.00', 'y', '2017-03-23 11:02:05', 'developer', '2017-03-23 11:02:05', null, '0');
INSERT INTO `m_barang` VALUES ('111', '1', 'CGL2559AC', '', 'COIL GALVALUM 0,25 BMT x 590 AZ 50 G450', '2', '10.00', 'y', '2017-03-23 11:02:29', 'developer', '2017-03-23 11:02:29', null, '0');
INSERT INTO `m_barang` VALUES ('112', '1', 'CGL2591CB', '', 'COIL GALVALUM 0,25 BMT x 914 AZ 100 G400', '2', '10.00', 'y', '2017-03-23 11:02:57', 'developer', '2017-03-23 11:02:57', null, '0');
INSERT INTO `m_barang` VALUES ('113', '1', 'CGL2559AD', '', 'COIL GALVALUM 0,25 BMT x 590 AZ 50 G550', '2', '10.00', 'y', '2017-03-23 11:03:04', 'developer', '2017-03-23 11:03:04', null, '0');
INSERT INTO `m_barang` VALUES ('114', '1', 'CGL2591CC', '', 'COIL GALVALUM 0,25 BMT x 914 AZ 100 G450', '2', '10.00', 'y', '2017-03-23 11:03:38', 'developer', '2017-03-23 11:03:38', null, '0');
INSERT INTO `m_barang` VALUES ('115', '1', 'CGL2559BA', '', 'COIL GALVALUM 0,25 BMT x 590 AZ 70 G300', '2', '10.00', 'y', '2017-03-23 11:03:47', 'developer', '2017-03-23 11:03:47', null, '0');
INSERT INTO `m_barang` VALUES ('116', '1', 'CGL2591CD', '', 'COIL GALVALUM 0,25 BMT x 914 AZ 100 G550', '2', '10.00', 'y', '2017-03-23 11:04:08', 'developer', '2017-03-23 11:04:08', null, '0');
INSERT INTO `m_barang` VALUES ('117', '1', 'CGL2559BB', '', 'COIL GALVALUM 0,25 BMT x 590 AZ 70 G400', '2', '10.00', 'y', '2017-03-23 11:04:30', 'developer', '2017-03-23 11:04:30', null, '0');
INSERT INTO `m_barang` VALUES ('118', '1', 'CGL2559BC', '', 'COIL GALVALUM 0,25 BMT x 590 AZ 70 G450', '2', '10.00', 'y', '2017-03-23 11:05:15', 'developer', '2017-03-23 11:05:15', null, '0');
INSERT INTO `m_barang` VALUES ('119', '1', 'CGL2559BD', '', 'COIL GALVALUM 0,25 BMT x 590 AZ 70 G550', '2', '10.00', 'y', '2017-03-23 11:05:55', 'developer', '2017-03-23 11:05:55', null, '0');
INSERT INTO `m_barang` VALUES ('120', '1', 'CGL3012AA', '', 'COIL GALVALUM 0,30 BMT x 1219 AZ 50 G300', '2', '10.00', 'y', '2017-03-23 11:06:17', 'developer', '2017-03-23 11:06:17', null, '0');
INSERT INTO `m_barang` VALUES ('121', '1', 'CGL2559CA', '', 'COIL GALVALUM 0,25 BMT x 590 AZ 100 G300', '2', '10.00', 'y', '2017-03-23 11:06:43', 'developer', '2017-03-23 11:06:43', null, '0');
INSERT INTO `m_barang` VALUES ('122', '1', 'CGL2559CB', '', 'COIL GALVALUM 0,25 BMT x 590 AZ 100 G400', '2', '10.00', 'y', '2017-03-23 11:07:56', 'developer', '2017-03-23 11:07:56', null, '0');
INSERT INTO `m_barang` VALUES ('123', '1', 'CGL3012AB', '', 'COIL GALVALUM 0,30 BMT x 1219 AZ 50 G400', '2', '10.00', 'y', '2017-03-23 11:08:38', 'developer', '2017-03-23 11:08:38', null, '0');
INSERT INTO `m_barang` VALUES ('124', '1', 'CGL3012AB', '', 'COIL GALVALUM 0,30 BMT x 1219 AZ 50 G400', '2', '10.00', 'y', '2017-03-23 11:08:38', 'developer', '2017-03-23 11:08:38', null, '0');
INSERT INTO `m_barang` VALUES ('125', '1', 'CGL2559CC', '', 'COIL GALVALUM 0,25 BMT x 590 AZ 100 G450', '2', '10.00', 'y', '2017-03-23 11:08:48', 'developer', '2017-03-23 11:08:48', null, '0');
INSERT INTO `m_barang` VALUES ('126', '1', 'CGL2012AB', '', 'COIL GALVALUM 0,20 BMT x 1219 AZ 50 G400', '2', '10.00', 'y', '2017-03-23 11:09:03', 'developer', '2017-03-23 11:09:03', null, '0');
INSERT INTO `m_barang` VALUES ('127', '1', 'CGL2559CD', '', 'COIL GALVALUM 0,25 BMT x 590 AZ 100 G550', '2', '10.00', 'y', '2017-03-23 11:09:56', 'developer', '2017-03-23 11:09:56', null, '0');
INSERT INTO `m_barang` VALUES ('128', '1', 'CGL3012AC', '', 'COIL GALVALUM 0,30 BMT x 1219 AZ 50 G450', '2', '10.00', 'y', '2017-03-23 11:10:31', 'developer', '2017-03-23 11:10:31', null, '0');
INSERT INTO `m_barang` VALUES ('129', '1', 'CGL2012AC', '', 'COIL GALVALUM 0,20 BMT x 1219 AZ 50 G450', '2', '10.00', 'y', '2017-03-23 11:11:03', 'developer', '2017-03-23 11:11:03', null, '0');
INSERT INTO `m_barang` VALUES ('130', '1', 'CGL3012AD', '', 'COIL GALVALUM 0,30 BMT x 1219 AZ 50 G550', '2', '10.00', 'y', '2017-03-23 11:11:06', 'developer', '2017-03-23 11:11:06', null, '0');
INSERT INTO `m_barang` VALUES ('131', '1', 'CGL2012AD', '', 'COIL GALVALUM 0,20 BMT x 1219 AZ 50 G550', '2', '10.00', 'y', '2017-03-23 11:12:03', 'developer', '2017-03-23 11:12:03', null, '0');
INSERT INTO `m_barang` VALUES ('132', '1', 'CGL3091AA', '', 'COIL GALVALUM 0,30 BMT x 914 AZ 50 G300', '2', '10.00', 'y', '2017-03-23 11:12:05', 'developer', '2017-03-23 11:12:05', null, '0');
INSERT INTO `m_barang` VALUES ('133', '1', 'CGL3012BA', '', 'COIL GALVALUM 0,30 BMT x 1219 AZ 70 G300', '2', '10.00', 'y', '2017-03-23 11:12:45', 'developer', '2017-03-23 11:12:45', null, '0');
INSERT INTO `m_barang` VALUES ('134', '1', 'CGL2012BA', '', 'COIL GALVALUM 0 ,20 BMT x 1219 AZ 70 G300', '2', '10.00', 'y', '2017-03-23 11:12:46', 'developer', '2017-03-23 11:12:46', null, '0');
INSERT INTO `m_barang` VALUES ('135', '1', 'CGL3091AB', '', 'COIL GALVALUM 0,30 BMT x 914 AZ 50 G400', '2', '10.00', 'y', '2017-03-23 11:13:05', 'developer', '2017-03-23 11:13:05', null, '0');
INSERT INTO `m_barang` VALUES ('136', '1', 'CGL2012BB', '', 'COIL GALVALUM 0,20 BMT x 1219 AZ 70 G400', '2', '10.00', 'y', '2017-03-23 11:13:25', 'developer', '2017-03-23 11:13:25', null, '0');
INSERT INTO `m_barang` VALUES ('137', '1', 'CGL3091AC', '', 'COIL GALVALUM 0,30 BMT x 914 AZ 50 G450', '2', '10.00', 'y', '2017-03-23 11:13:43', 'developer', '2017-03-23 11:13:43', null, '0');
INSERT INTO `m_barang` VALUES ('138', '1', 'CGL3012BB', '', 'COIL GALVALUM 0,30 BMT x 1219 AZ 70 G400', '2', '10.00', 'y', '2017-03-23 11:14:00', 'developer', '2017-03-23 11:14:00', null, '0');
INSERT INTO `m_barang` VALUES ('139', '1', 'CGL2012BC', '', 'COIL GALVALUM 0,20 BMT x 1219 AZ 70 G450', '2', '10.00', 'y', '2017-03-23 11:14:10', 'developer', '2017-03-23 11:14:10', null, '0');
INSERT INTO `m_barang` VALUES ('140', '1', 'CGL3091AD', '', 'COIL GALVALUM 0,30 BMT x 914 AZ 50 G550', '2', '10.00', 'y', '2017-03-23 11:14:21', 'developer', '2017-03-23 11:14:21', null, '0');
INSERT INTO `m_barang` VALUES ('141', '1', 'CGL2012BD', '', 'COIL GALVALUM 0,20 BMT x 1219 AZ 70 G550', '2', '10.00', 'y', '2017-03-23 11:14:48', 'developer', '2017-03-23 11:14:48', null, '0');
INSERT INTO `m_barang` VALUES ('142', '1', 'CGL3012BC', '', 'COIL GALVALUM 0,30 BMT x 1219 AZ 70 G450', '2', '10.00', 'y', '2017-03-23 11:14:49', 'developer', '2017-03-23 11:14:49', null, '0');
INSERT INTO `m_barang` VALUES ('143', '1', 'CGL3091BA', '', 'COIL GALVALUM 0,30 BMT x 914 AZ 70 G300', '2', '10.00', 'y', '2017-03-23 11:14:55', 'developer', '2017-03-23 11:14:55', null, '0');
INSERT INTO `m_barang` VALUES ('144', '1', 'CGL2012CA', '', 'COIL GALVALUM 0,20 BMT x 1219 AZ 100 G300', '2', '10.00', 'y', '2017-03-23 11:15:22', 'developer', '2017-03-23 11:15:22', null, '0');
INSERT INTO `m_barang` VALUES ('145', '1', 'CGL3012BD', '', 'COIL GALVALUM 0,30 BMT x 1219 AZ 70 G550', '2', '10.00', 'y', '2017-03-23 11:15:35', 'developer', '2017-03-23 11:15:35', null, '0');
INSERT INTO `m_barang` VALUES ('146', '1', 'CGL3091BB', '', 'COIL GALVALUM 0,30 BMT x 914 AZ 70 G400', '2', '10.00', 'y', '2017-03-23 11:15:49', 'developer', '2017-03-23 11:15:49', null, '0');
INSERT INTO `m_barang` VALUES ('147', '1', 'CGL2012CB', '', 'COIL GALVALUM 0,20 BMT x 1219 AZ 100 G400', '2', '10.00', 'y', '2017-03-23 11:16:08', 'developer', '2017-03-23 11:16:08', null, '0');
INSERT INTO `m_barang` VALUES ('148', '1', 'CGL3012CA', '', 'COIL GALVALUM 0,30 BMT x 1219 AZ 100 G300', '2', '10.00', 'y', '2017-03-23 11:16:18', 'developer', '2017-03-23 11:16:18', null, '0');
INSERT INTO `m_barang` VALUES ('149', '1', 'CGL3091BC', '', 'COIL GALVALUM 0,30 BMT x 914 AZ 70 G450', '2', '10.00', 'y', '2017-03-23 11:16:36', 'developer', '2017-03-23 11:16:36', null, '0');
INSERT INTO `m_barang` VALUES ('150', '1', 'CGL2012CC', '', 'COIL GALVALUM 0,20 BMT x 1219 AZ 100 G450', '2', '10.00', 'y', '2017-03-23 11:16:45', 'developer', '2017-03-23 11:16:45', null, '0');
INSERT INTO `m_barang` VALUES ('151', '1', 'CGL3012CB', '', 'COIL GALVALUM 0,30 BMT x 1219 AZ 100 G400', '2', '10.00', 'y', '2017-03-23 11:16:58', 'developer', '2017-03-23 11:16:58', null, '0');
INSERT INTO `m_barang` VALUES ('152', '1', 'CGL3091BD', '', 'COIL GALVALUM 0,30 BMT x 914 AZ 70 G550', '2', '10.00', 'y', '2017-03-23 11:17:10', 'developer', '2017-03-23 11:17:10', null, '0');
INSERT INTO `m_barang` VALUES ('153', '1', 'CGL2012CD', '', 'COIL GALVALUM 0,20 BMT x 1219 AZ 100 G550', '2', '10.00', 'y', '2017-03-23 11:17:29', 'developer', '2017-03-23 11:17:29', null, '0');
INSERT INTO `m_barang` VALUES ('154', '1', 'CGL3012CC', '', 'COIL GALVALUM 0,30 BMT x 1219 AZ 100 G450', '2', '10.00', 'y', '2017-03-23 11:17:32', 'developer', '2017-03-23 11:17:32', null, '0');
INSERT INTO `m_barang` VALUES ('155', '1', 'CGL3091CA', '', 'COIL GALVALUM 0,30 BMT x 914 AZ 100 G300', '2', '10.00', 'y', '2017-03-23 11:17:45', 'developer', '2017-03-23 11:17:45', null, '0');
INSERT INTO `m_barang` VALUES ('156', '1', 'CGL3012CD', '', 'COIL GALVALUM 0,30 BMT x 1219 AZ 100 G550', '2', '10.00', 'y', '2017-03-23 11:18:10', 'developer', '2017-03-23 11:18:10', null, '0');
INSERT INTO `m_barang` VALUES ('157', '1', 'CGL3091CB', '', 'COIL GALVALUM 0,30 BMT x 914 AZ 100 G400', '2', '10.00', 'y', '2017-03-23 11:18:30', 'developer', '2017-03-23 11:18:30', null, '0');
INSERT INTO `m_barang` VALUES ('158', '1', 'CGL2512AA', '', 'COIL GALVALUM 0,25 BMT x 1219 AZ 50 G300', '2', '10.00', 'y', '2017-03-23 11:19:37', 'developer', '2017-03-23 11:19:37', null, '0');
INSERT INTO `m_barang` VALUES ('159', '1', 'CGL3091CC', '', 'COIL GALVALUM 0,30 BMT x 914 AZ 100 G450', '2', '10.00', 'y', '2017-03-23 11:19:39', 'developer', '2017-03-23 11:19:39', null, '0');
INSERT INTO `m_barang` VALUES ('160', '1', 'CGL2512AB', '', 'COIL GALVALUM 0,25 BMT x 1219 AZ 50 G400', '2', '10.00', 'y', '2017-03-23 11:20:14', 'developer', '2017-03-23 11:20:14', null, '0');
INSERT INTO `m_barang` VALUES ('161', '1', 'CGL3091CD', '', 'COIL GALVALUM 0,30 BMT x 914 AZ 100 G550', '2', '10.00', 'y', '2017-03-23 11:20:16', 'developer', '2017-03-23 11:20:16', null, '0');
INSERT INTO `m_barang` VALUES ('162', '1', 'CGL4012AA', '', 'COIL GALVALUM 0,40 BMT x 1219 AZ 50 G300', '2', '10.00', 'y', '2017-03-23 11:20:42', 'developer', '2017-03-23 11:20:42', null, '0');
INSERT INTO `m_barang` VALUES ('163', '1', 'CGL2512AC', '', 'COIL GALVALUM 0,25 BMT x 1219 AZ 50 G450', '2', '10.00', 'y', '2017-03-23 11:20:55', 'developer', '2017-03-23 11:20:55', null, '0');
INSERT INTO `m_barang` VALUES ('164', '1', 'CGL2512AD', '', 'COIL GALVALUM 0,25 BMT x 1219 AZ 50 G550', '2', '10.00', 'y', '2017-03-23 11:21:33', 'developer', '2017-03-23 11:21:33', null, '0');
INSERT INTO `m_barang` VALUES ('165', '1', 'CGL3512AA', '', 'COIL GALVALUM 0,35 BMT x 1219 AZ 50 G300', '2', '10.00', 'y', '2017-03-23 11:21:45', 'developer', '2017-03-23 11:21:45', null, '0');
INSERT INTO `m_barang` VALUES ('166', '1', 'CGL4012AB', '', 'COIL GALVALUM 0,40 BMT x 1219 AZ 50 G400', '2', '10.00', 'y', '2017-03-23 11:21:59', 'developer', '2017-03-23 11:21:59', null, '0');
INSERT INTO `m_barang` VALUES ('167', '1', 'CGL2512BA', '', 'COIL GALVALUM 0,25 BMT x 1219 AZ 70 G300', '2', '10.00', 'y', '2017-03-23 11:22:08', 'developer', '2017-03-23 11:22:08', null, '0');
INSERT INTO `m_barang` VALUES ('168', '1', 'CGL3512AB', '', 'COIL GALVALUM 0,35 BMT x 1219 AZ 50 G400', '2', '10.00', 'y', '2017-03-23 11:22:20', 'developer', '2017-03-23 11:22:20', null, '0');
INSERT INTO `m_barang` VALUES ('169', '1', 'CGL4012AC', '', 'COIL GALVALUM 0,40 BMT x 1219 AZ 50 G450', '2', '10.00', 'y', '2017-03-23 11:22:33', 'developer', '2017-03-23 11:22:33', null, '0');
INSERT INTO `m_barang` VALUES ('170', '1', 'CGL2512BB', '', 'COIL GALVALUM 0,25 BMT x 1219 AZ 70 G400', '2', '10.00', 'y', '2017-03-23 11:22:45', 'developer', '2017-03-23 11:22:45', null, '0');
INSERT INTO `m_barang` VALUES ('171', '1', 'CGL3512AC', '', 'COIL GALVALUM 0,35 BMT x 1219 AZ 50 G450', '2', '10.00', 'y', '2017-03-23 11:23:06', 'developer', '2017-03-23 11:23:06', null, '0');
INSERT INTO `m_barang` VALUES ('172', '1', 'CGL2512BC', '', 'COIL GALVALUM 0,25 BMT x 1219 AZ 70 G450', '2', '10.00', 'y', '2017-03-23 11:23:19', 'developer', '2017-03-23 11:23:19', null, '0');
INSERT INTO `m_barang` VALUES ('173', '1', 'CGL4012AD', '', 'COIL GALVALUM 0,40 BMT x 1219 AZ 50 G550', '2', '10.00', 'y', '2017-03-23 11:23:36', 'developer', '2017-03-23 11:23:36', null, '0');
INSERT INTO `m_barang` VALUES ('174', '1', 'CGL3512AD', '', 'COIL GALVALUM 0,35 BMT x 1219 AZ 50 G550', '2', '10.00', 'y', '2017-03-23 11:23:41', 'developer', '2017-03-23 11:23:41', null, '0');
INSERT INTO `m_barang` VALUES ('175', '1', 'CGL2512BD', '', 'COIL GALVALUM 0,25 BMT x 1219 AZ 70 G550', '2', '10.00', 'y', '2017-03-23 11:24:00', 'developer', '2017-03-23 11:24:00', null, '0');
INSERT INTO `m_barang` VALUES ('176', '1', 'CGL4012BA', '', 'COIL GALVALUM 0,40 BMT x 1219 AZ 70 G300', '2', '10.00', 'y', '2017-03-23 11:24:25', 'developer', '2017-03-23 11:24:25', null, '0');
INSERT INTO `m_barang` VALUES ('177', '1', 'CGL3512BA', '', 'COIL GALVALUM 0,35 BMT x 1219 AZ 70 G300', '2', '10.00', 'y', '2017-03-23 11:24:55', 'developer', '2017-03-23 11:24:55', null, '0');
INSERT INTO `m_barang` VALUES ('178', '1', 'CGL2512CA', '', 'COIL GALVALUM 0,25 BMT x 1219 AZ 100 G300', '2', '10.00', 'y', '2017-03-23 11:25:02', 'developer', '2017-03-23 11:25:02', null, '0');
INSERT INTO `m_barang` VALUES ('179', '1', 'CGL3512BA', '', 'COIL GALVALUM 0,35 BMT x 1219 AZ 70 G300', '2', '10.00', 'y', '2017-03-23 11:25:11', 'developer', '2017-03-23 11:25:11', null, '0');
INSERT INTO `m_barang` VALUES ('180', '1', 'CGL3512BB', '', 'COIL GALVALUM 0,35 BMT x 1219 AZ 70 G400', '2', '10.00', 'y', '2017-03-23 11:25:40', 'developer', '2017-03-23 11:25:40', null, '0');
INSERT INTO `m_barang` VALUES ('181', '1', 'CGL2512CB', '', 'COIL GALVALUM 0,25 BMT x 1219 AZ 100 G400', '2', '10.00', 'y', '2017-03-23 11:25:41', 'developer', '2017-03-23 11:25:41', null, '0');
INSERT INTO `m_barang` VALUES ('182', '1', 'CGL3512BC', '', 'COIL GALVALUM 0,35 BMT x 1219 AZ 70 G450', '2', '10.00', 'y', '2017-03-23 11:26:12', 'developer', '2017-03-23 11:26:12', null, '0');
INSERT INTO `m_barang` VALUES ('183', '1', 'CGL2512CC', '', 'COIL GALVALUM 0,25 BMT x 1219 AZ 100 G450', '2', '10.00', 'y', '2017-03-23 11:26:16', 'developer', '2017-03-23 11:26:16', null, '0');
INSERT INTO `m_barang` VALUES ('184', '1', 'CGL4012BB', '', 'COIL GALVALUM 0,40 BMT x 1219 AZ 70 G400', '2', '10.00', 'y', '2017-03-23 11:26:17', 'developer', '2017-03-23 11:26:17', null, '0');
INSERT INTO `m_barang` VALUES ('185', '1', 'CGL3512BD', '', 'COIL GALVALUM 0,35 BMT x 1219 AZ 70 G550', '2', '10.00', 'y', '2017-03-23 11:26:48', 'developer', '2017-03-23 11:26:48', null, '0');
INSERT INTO `m_barang` VALUES ('186', '1', 'CGL2512CD', '', 'COIL GALVALUM 0,25 BMT x 1219 AZ 100 G550', '2', '10.00', 'y', '2017-03-23 11:26:55', 'developer', '2017-03-23 11:26:55', null, '0');
INSERT INTO `m_barang` VALUES ('187', '1', 'CGL3512CA', '', 'COIL GALVALUM 0,35 BMT x 1219 AZ 100 G300', '2', '10.00', 'y', '2017-03-23 11:27:18', 'developer', '2017-03-23 11:27:18', null, '0');
INSERT INTO `m_barang` VALUES ('188', '1', 'CGL4012BC', '', 'COIL GALVALUM 0,40 BMT x 1219 AZ 70 G450', '2', '10.00', 'y', '2017-03-23 11:27:19', 'developer', '2017-03-23 11:27:19', null, '0');
INSERT INTO `m_barang` VALUES ('189', '1', 'CGL3512CB', '', 'COIL GALVALUM 0,35 BMT x 1219 AZ 100 G400', '2', '10.00', 'y', '2017-03-23 11:27:55', 'developer', '2017-03-23 11:27:55', null, '0');
INSERT INTO `m_barang` VALUES ('190', '1', 'CGL3591AA', '', 'COIL GALVALUM 0,35 BMT x 914 AZ 50 G300', '2', '10.00', 'y', '2017-03-23 11:28:05', 'developer', '2017-03-23 11:28:05', null, '0');
INSERT INTO `m_barang` VALUES ('191', '1', 'CGL3512CC', '', 'COIL GALVALUM 0,35 BMT x 1219 AZ 100 G450', '2', '10.00', 'y', '2017-03-23 11:28:24', 'developer', '2017-03-23 11:28:24', null, '0');
INSERT INTO `m_barang` VALUES ('192', '1', 'CGL4012BD', '', 'COIL GALVALUM 0,40 BMT x 1219 AZ 70 G550', '2', '10.00', 'y', '2017-03-23 11:28:30', 'developer', '2017-03-23 11:28:30', null, '0');
INSERT INTO `m_barang` VALUES ('193', '1', 'CGL3591AB', '', 'COIL GALVALUM 0,35 BMT x 914 AZ 50 G400', '2', '10.00', 'y', '2017-03-23 11:28:38', 'developer', '2017-03-23 11:28:38', null, '0');
INSERT INTO `m_barang` VALUES ('194', '1', 'CGL3512CD', '', 'COIL GALVALUM 0,35 BMT x 1219 AZ 100 G550', '2', '10.00', 'y', '2017-03-23 11:28:59', 'developer', '2017-03-23 11:28:59', null, '0');
INSERT INTO `m_barang` VALUES ('195', '1', 'CGL4012CA', '', 'COIL GALVALUM 0,40 BMT x 1219 AZ 100 G300', '2', '10.00', 'y', '2017-03-23 11:29:04', 'developer', '2017-03-23 11:29:04', null, '0');
INSERT INTO `m_barang` VALUES ('196', '1', 'CGL3591AC', '', 'COIL GALVALUM 0,35 BMT x 914 AZ 50 G450', '2', '10.00', 'y', '2017-03-23 11:29:13', 'developer', '2017-03-23 11:29:13', null, '0');
INSERT INTO `m_barang` VALUES ('197', '1', 'CGL3591AD', '', 'COIL GALVALUM 0,35 BMT x 914 AZ 50 G550', '2', '10.00', 'y', '2017-03-23 11:29:49', 'developer', '2017-03-23 11:29:49', null, '0');
INSERT INTO `m_barang` VALUES ('198', '1', 'CGL4012CB', '', 'COIL GALVALUM 0,40 BMT x 1219 AZ 100 G400', '2', '10.00', 'y', '2017-03-23 11:29:59', 'developer', '2017-03-23 11:29:59', null, '0');
INSERT INTO `m_barang` VALUES ('199', '1', 'CGL4512AA', '', 'COIL GALVALUM 0,45 BMT x 1219 AZ 50 G300', '2', '10.00', 'y', '2017-03-23 11:30:03', 'developer', '2017-03-23 11:30:03', null, '0');
INSERT INTO `m_barang` VALUES ('200', '1', 'CGL3591BA', '', 'COIL GALVALUM 0,35 BMT x 914 AZ 70 G300', '2', '10.00', 'y', '2017-03-23 11:30:23', 'developer', '2017-03-23 11:30:23', null, '0');
INSERT INTO `m_barang` VALUES ('201', '1', 'CGL4012CC', '', 'COIL GALVALUM 0,40 BMT x 1219 AZ 100 G450', '2', '10.00', 'y', '2017-03-23 11:30:28', 'developer', '2017-03-23 11:30:28', null, '0');
INSERT INTO `m_barang` VALUES ('202', '1', 'CGL4512AB', '', 'COIL GALVALUM 0,45 BMT x 1219 AZ 50 G400', '2', '10.00', 'y', '2017-03-23 11:30:36', 'developer', '2017-03-23 11:30:36', null, '0');
INSERT INTO `m_barang` VALUES ('203', '1', 'CGL3591BB', '', 'COIL GALVALUM 0,35 BMT x 914 AZ 70 G400', '2', '10.00', 'y', '2017-03-23 11:30:58', 'developer', '2017-03-23 11:30:58', null, '0');
INSERT INTO `m_barang` VALUES ('204', '1', 'CGL4012CD', '', 'COIL GALVALUM 0,40 BMT x 1219 AZ 100 G550', '2', '10.00', 'y', '2017-03-23 11:31:10', 'developer', '2017-03-23 11:31:10', null, '0');
INSERT INTO `m_barang` VALUES ('205', '1', 'CGL4512AC', '', 'COIL GALVALUM 0,45 BMT x 1219 AZ 50 G450', '2', '10.00', 'y', '2017-03-23 11:31:12', 'developer', '2017-03-23 11:31:12', null, '0');
INSERT INTO `m_barang` VALUES ('206', '1', 'CGL3591BC', '', 'COIL GALVALUM 0,35 BMT x 914 AZ 70 G450', '2', '10.00', 'y', '2017-03-23 11:31:32', 'developer', '2017-03-23 11:31:32', null, '0');
INSERT INTO `m_barang` VALUES ('207', '1', 'CGL4512AD', '', 'COIL GALVALUM 0,45 BMT x 1219 AZ 50 G550', '2', '10.00', 'y', '2017-03-23 11:31:48', 'developer', '2017-03-23 11:31:48', null, '0');
INSERT INTO `m_barang` VALUES ('208', '1', 'CGL3591BD', '', 'COIL GALVALUM 0,35 BMT x 914 AZ 70 G550', '2', '10.00', 'y', '2017-03-23 11:32:07', 'developer', '2017-03-23 11:32:07', null, '0');
INSERT INTO `m_barang` VALUES ('209', '1', 'CGL4512BA', '', 'COIL GALVALUM 0,45 BMT x 1219 AZ 70 G300', '2', '10.00', 'y', '2017-03-23 11:32:19', 'developer', '2017-03-23 11:32:19', null, '0');
INSERT INTO `m_barang` VALUES ('210', '1', 'CGL3591CA', '', 'COIL GALVALUM 0,35 BMT x 914 AZ 100 G300', '2', '10.00', 'y', '2017-03-23 11:32:43', 'developer', '2017-03-23 11:32:43', null, '0');
INSERT INTO `m_barang` VALUES ('211', '1', 'CGL4512BB', '', 'COIL GALVALUM 0,45 BMT x 1219 AZ 70 G400', '2', '10.00', 'y', '2017-03-23 11:32:52', 'developer', '2017-03-23 11:32:52', null, '0');
INSERT INTO `m_barang` VALUES ('212', '1', 'CGL4512BC', '', 'COIL GALVALUM 0,45 BMT x 1219 AZ 70 G450', '2', '10.00', 'y', '2017-03-23 11:33:27', 'developer', '2017-03-23 11:33:27', null, '0');
INSERT INTO `m_barang` VALUES ('213', '1', 'CGL3591CB', '', 'COIL GALVALUM 0,35 BMT x 914 AZ 100 G400', '2', '10.00', 'y', '2017-03-23 11:33:27', 'developer', '2017-03-23 11:33:27', null, '0');
INSERT INTO `m_barang` VALUES ('214', '1', 'CGL4512BD', '', 'COIL GALVALUM 0,45 BMT x 1219 AZ 70 G550', '2', '10.00', 'y', '2017-03-23 11:33:58', 'developer', '2017-03-23 11:33:58', null, '0');
INSERT INTO `m_barang` VALUES ('215', '1', 'CGL3591CC', '', 'COIL GALVALUM 0,35 BMT x 914 AZ 100 G450', '2', '10.00', 'y', '2017-03-23 11:34:07', 'developer', '2017-03-23 11:34:07', null, '0');
INSERT INTO `m_barang` VALUES ('216', '1', 'CGL4512CA', '', 'COIL GALVALUM 0,45 BMT x 1219 AZ 100 G300', '2', '10.00', 'y', '2017-03-23 11:34:30', 'developer', '2017-03-23 11:34:30', null, '0');
INSERT INTO `m_barang` VALUES ('217', '1', 'CGL3591CD', '', 'COIL GALVALUM 0,35 BMT x 914 AZ 100 G550', '2', '10.00', 'y', '2017-03-23 11:34:42', 'developer', '2017-03-23 11:34:42', null, '0');
INSERT INTO `m_barang` VALUES ('218', '1', 'CGL4512CB', '', 'COIL GALVALUM 0,45 BMT x 1219 AZ 100 G400', '2', '10.00', 'y', '2017-03-23 11:35:08', 'developer', '2017-03-23 11:35:08', null, '0');
INSERT INTO `m_barang` VALUES ('219', '1', 'CGL4512CC', '', 'COIL GALVALUM 0,45 BMT x 1219 AZ 100 G450', '2', '10.00', 'y', '2017-03-23 11:35:43', 'developer', '2017-03-23 11:35:43', null, '0');
INSERT INTO `m_barang` VALUES ('220', '1', 'CGL4512CD', '', 'COIL GALVALUM 0,45 BMT x 1219 AZ 100 G550', '2', '10.00', 'y', '2017-03-23 11:36:25', 'developer', '2017-03-23 11:36:25', null, '0');
INSERT INTO `m_barang` VALUES ('221', '1', 'CGS5551BD', '', 'COIL GALVALUM 0,55 BMT x 151,8 AZ 70 G550', '2', '10.00', 'y', '2017-03-23 13:24:30', 'developer', '2017-03-23 13:24:30', null, '0');
INSERT INTO `m_barang` VALUES ('222', '1', 'CGS5551CD', '', 'COIL GALVALUM 0,55 BMT x 151,8 AZ 100 G550', '2', '10.00', 'y', '2017-03-23 13:25:39', 'developer', '2017-03-23 13:25:39', null, '0');
INSERT INTO `m_barang` VALUES ('223', '1', 'CGS5552BD', '', 'COIL GALVALUM 0,55 BMT x 152 AZ 70 G550', '2', '10.00', 'y', '2017-03-23 13:27:16', 'developer', '2017-03-23 13:27:16', null, '0');
INSERT INTO `m_barang` VALUES ('224', '1', 'CGS5552CD', '', 'COIL GALVALUM 0,55 BMT x 152 AZ 100 G550', '2', '10.00', 'y', '2017-03-23 13:28:32', 'developer', '2017-03-23 13:28:32', null, '0');
INSERT INTO `m_barang` VALUES ('225', '1', 'CGS6551BD', '', 'COIL GALVALUM 0,65 BMT x 151,8 AZ 70 G550', '2', '10.00', 'y', '2017-03-23 13:29:39', 'developer', '2017-03-23 13:29:39', null, '0');
INSERT INTO `m_barang` VALUES ('226', '1', 'CGS6551BD', '', 'COIL GALVALUM 0,65 BMT x 151,8 AZ 70 G550', '2', '10.00', 'y', '2017-03-23 13:29:39', 'developer', '2017-03-23 13:29:39', null, '0');
INSERT INTO `m_barang` VALUES ('227', '1', 'CGS6551CD', '', 'COIL GALVALUM 0,65 BMT x 151,8 AZ 100 G550', '2', '10.00', 'y', '2017-03-23 13:31:12', 'developer', '2017-03-23 13:31:12', null, '0');
INSERT INTO `m_barang` VALUES ('228', '1', 'CGS6552BD', '', 'COIL GALVALUM 0,65 BMT x 152 AZ 70 G550', '2', '10.00', 'y', '2017-03-23 13:31:55', 'developer', '2017-03-23 13:31:55', null, '0');
INSERT INTO `m_barang` VALUES ('229', '1', 'CGS6552CD', '', 'COIL GALVALUM 0,65 BMT x 152 AZ 100 G550', '2', '10.00', 'y', '2017-03-23 13:32:49', 'developer', '2017-03-23 13:32:49', null, '0');
INSERT INTO `m_barang` VALUES ('230', '1', 'CGS7052BD', '', 'COIL GALVALUM 0,70 BMT x 152 AZ 70 G550', '2', '10.00', 'y', '2017-03-23 13:34:02', 'developer', '2017-03-23 13:34:02', null, '0');
INSERT INTO `m_barang` VALUES ('231', '1', 'CGS7051BD', '', 'COIL GALVALUM 0,70 BMT x 151,8 AZ 70 G550', '2', '10.00', 'y', '2017-03-23 13:34:07', 'developer', '2017-03-23 13:34:07', null, '0');
INSERT INTO `m_barang` VALUES ('232', '1', 'CGS7051CD', '', 'COIL GALVALUM 0,70 BMT x 151,8 AZ 100 G550', '2', '10.00', 'y', '2017-03-23 13:35:13', 'developer', '2017-03-23 13:35:13', null, '0');
INSERT INTO `m_barang` VALUES ('233', '1', 'CGS7052CD', '', 'COIL GALVALUM 0,70 BMT x 152 AZ 100 G550', '2', '10.00', 'y', '2017-03-23 13:35:27', 'developer', '2017-03-23 13:35:27', null, '0');
INSERT INTO `m_barang` VALUES ('234', '1', 'CGP2091MM', '', 'COIL GALVALUM 0,20 BMT x 914 MERAH MERAPI', '2', '10.00', 'y', '2017-03-23 13:36:32', 'developer', '2017-03-23 13:36:32', null, '0');
INSERT INTO `m_barang` VALUES ('235', '1', 'CGP2091MC', '', 'COIL GALVALUM 0,20 BMT x 914 MERAH CARITA', '2', '10.00', 'y', '2017-03-23 13:38:53', 'developer', '2017-03-23 13:38:53', null, '0');
INSERT INTO `m_barang` VALUES ('236', '1', 'CGS4093BD', '', 'COIL GALVALUM 0,40 BMT x 93  AZ 70 G550', '2', '10.00', 'y', '2017-03-23 13:38:55', 'developer', '2017-03-23 13:38:55', null, '0');
INSERT INTO `m_barang` VALUES ('237', '1', 'CGP2091CT', '', 'COIL GALVALUM 0,20 BMT x 914 COKLAT TORAJA', '2', '10.00', 'y', '2017-03-23 13:40:00', 'developer', '2017-03-23 13:40:00', null, '0');
INSERT INTO `m_barang` VALUES ('238', '1', 'CGS2011BD', '', 'COIL SITTING 0,20 BMT x 110 AZ 70 G550', '2', '10.00', 'y', '2017-03-23 13:41:34', 'developer', '2017-03-23 13:41:34', null, '0');
INSERT INTO `m_barang` VALUES ('239', '1', 'CGP2091HB', '', 'COIL GALVALUM 0,20 BMT x 914 HIJAU BORNEO', '2', '10.00', 'y', '2017-03-23 13:42:44', 'developer', '2017-03-23 13:42:44', null, '0');
INSERT INTO `m_barang` VALUES ('240', '1', 'CGP2091BR', '', 'COIL GALVALUM 0,20 BMT x 914 BIRU BROMO', '2', '10.00', 'y', '2017-03-23 13:43:27', 'developer', '2017-03-23 13:43:27', null, '0');
INSERT INTO `m_barang` VALUES ('241', '1', 'CGS2011CD', '', 'COIL SITTING 0,20 BMT x 110 AZ 100 G550', '2', '10.00', 'y', '2017-03-23 13:43:31', 'developer', '2017-03-23 13:43:31', null, '0');
INSERT INTO `m_barang` VALUES ('242', '1', 'CGP2591GRY', '', 'COIL GALVALUM 0,25 BMT x 914 GREY', '2', '10.00', 'y', '2017-03-23 13:44:01', 'developer', '2017-03-23 13:44:01', null, '0');
INSERT INTO `m_barang` VALUES ('243', '1', 'CGS2013BD', '', 'COIL SITTING 0,20 BMT x 135  AZ 70 G550', '2', '10.00', 'y', '2017-03-23 13:44:27', 'developer', '2017-03-23 13:44:27', null, '0');
INSERT INTO `m_barang` VALUES ('244', '1', 'CGS2013BD', '', 'COIL SITTING 0,20 BMT x 135  AZ 70 G550', '2', '10.00', 'y', '2017-03-23 13:44:27', 'developer', '2017-03-23 13:44:27', null, '0');
INSERT INTO `m_barang` VALUES ('245', '1', 'CGP3091GRY', '', 'COIL GALVALUM 0,30 BMT x 914 GREY', '2', '10.00', 'y', '2017-03-23 13:44:48', 'developer', '2017-03-23 13:44:48', null, '0');
INSERT INTO `m_barang` VALUES ('246', '1', 'CGS4093CD', '', 'COIL GALVALUM 0,40 BMT x 93 AZ 100 G550', '2', '10.00', 'y', '2017-03-23 13:44:59', 'developer', '2017-03-23 13:44:59', null, '0');
INSERT INTO `m_barang` VALUES ('247', '1', 'CGP3591GRY', '', 'COIL GALVALUM 0,35 BMT x 914 GREY', '2', '10.00', 'y', '2017-03-23 13:45:31', 'developer', '2017-03-23 13:45:31', null, '0');
INSERT INTO `m_barang` VALUES ('248', '1', 'CGS2013CD', '', 'COIL SITTING 0,20 BMT x 135  AZ 100 G550', '2', '10.00', 'y', '2017-03-23 13:45:48', 'developer', '2017-03-23 13:45:48', null, '0');
INSERT INTO `m_barang` VALUES ('249', '1', 'CGS4010BD', '', 'COIL GALVALUM 0,40 BMT x 101  AZ 70 G550', '2', '10.00', 'y', '2017-03-23 13:45:50', 'developer', '2017-03-23 13:45:50', null, '0');
INSERT INTO `m_barang` VALUES ('250', '1', 'CGP4212OW', '', 'COIL GALVALUM 0,42 BMT x 1219 OFFWHITE', '2', '10.00', 'y', '2017-03-23 13:46:08', 'developer', '2017-03-23 13:46:08', null, '0');
INSERT INTO `m_barang` VALUES ('251', '1', 'CGS4010CD', '', 'COIL GALVALUM 0,40 BMT x 101 AZ 100 G550', '2', '10.00', 'y', '2017-03-23 13:46:23', 'developer', '2017-03-23 13:46:23', null, '0');
INSERT INTO `m_barang` VALUES ('252', '1', 'CGS2015BD', '', 'COIL SITTING 0,20 BMT x 150  AZ 70 G550', '2', '10.00', 'y', '2017-03-23 13:46:35', 'developer', '2017-03-23 13:46:35', null, '0');
INSERT INTO `m_barang` VALUES ('253', '1', 'CGP4512OW', '', 'COIL GALVALUM 0,45 BMT x 1219 OFFWHITE', '2', '10.00', 'y', '2017-03-23 13:46:46', 'developer', '2017-03-23 13:46:46', null, '0');
INSERT INTO `m_barang` VALUES ('254', '1', 'CGS2040BD', '', 'COIL SITTING 0,20 BMT x 40  AZ 70 G550', '2', '10.00', 'y', '2017-03-23 13:46:53', 'developer', '2017-03-23 13:46:53', null, '0');
INSERT INTO `m_barang` VALUES ('255', '1', 'CGS2015CD', '', 'COIL SITTING 0,20 BMT x 150  AZ 100 G550', '2', '10.00', 'y', '2017-03-23 13:48:03', 'developer', '2017-03-23 13:48:03', null, '0');
INSERT INTO `m_barang` VALUES ('256', '1', 'CGS2040CD', '', 'COIL SITTING 0,20 BMT x 40  AZ 100 G550', '2', '10.00', 'y', '2017-03-23 13:48:04', 'developer', '2017-03-23 13:48:04', null, '0');
INSERT INTO `m_barang` VALUES ('257', '1', 'CGS2010BD', '', 'COIL SITTING 0,20 BMT x 101 AZ 70 G550', '2', '10.00', 'y', '2017-03-23 13:48:49', 'developer', '2017-03-23 13:48:49', null, '0');
INSERT INTO `m_barang` VALUES ('258', '1', 'CGS2010CD', '', 'COIL SITTING 0,20 BMT x 101 AZ 100 G550', '2', '10.00', 'y', '2017-03-23 13:49:22', 'developer', '2017-03-23 13:49:22', null, '0');
INSERT INTO `m_barang` VALUES ('259', '1', 'CGS2070BD', '', 'COIL SITTING 0,20 BMT x 708  AZ 70 G550', '2', '10.00', 'y', '2017-03-23 13:49:29', 'developer', '2017-03-23 13:49:29', null, '0');
INSERT INTO `m_barang` VALUES ('260', '1', 'CGS2070CD', '', 'COIL SITTING 0,20 BMT x 708 AZ 100 G550', '2', '10.00', 'y', '2017-03-23 13:50:09', 'developer', '2017-03-23 13:50:09', null, '0');
INSERT INTO `m_barang` VALUES ('261', '3', 'GVR2090SB', '', 'Galvalum 0.20 x 90 x 50 mtr', '1', '10.00', 'y', '2017-03-23 14:38:57', 'developer', '2017-03-23 14:38:57', null, '0');
INSERT INTO `m_barang` VALUES ('262', '3', 'GVR2590SA', '', 'Galvalum 0.25 x 90 x 25 mtr', '1', '10.00', 'y', '2017-03-23 14:39:02', 'developer', '2017-03-23 14:39:02', null, '0');
INSERT INTO `m_barang` VALUES ('263', '3', 'GVR2590SB', '', 'Galvalum 0.25 x 90 x 50 mtr', '1', '10.00', 'y', '2017-03-23 14:39:51', 'developer', '2017-03-23 14:39:51', null, '0');
INSERT INTO `m_barang` VALUES ('264', '3', 'GVR2090SC', '', 'Galvalum 0.20 x 90 x 50 Second', '1', '10.00', 'y', '2017-03-23 14:39:54', 'developer', '2017-03-23 14:39:54', null, '0');
INSERT INTO `m_barang` VALUES ('265', '3', 'GVR3090SA', '', 'Galvalum 0.30 x 90 x 25 mtr', '1', '10.00', 'y', '2017-03-23 14:40:06', 'developer', '2017-03-23 14:40:06', null, '0');
INSERT INTO `m_barang` VALUES ('266', '3', 'GVR2090NS(m)', '', 'Galvalum 0.20 x 90 (NS) (meter)', '1', '10.00', 'y', '2017-03-23 14:40:30', 'developer', '2017-04-11 15:13:05', 'developer', '1');
INSERT INTO `m_barang` VALUES ('267', '3', 'GVR2590SB', '', 'Galvalum 0.25 x 90 x 50 Second', '1', '10.00', 'y', '2017-03-23 14:40:32', 'developer', '2017-03-23 14:40:32', null, '0');
INSERT INTO `m_barang` VALUES ('268', '3', 'GVR3090SB', '', 'Galvalum 0.30 x 90 x 50 mtr', '1', '10.00', 'y', '2017-03-23 14:40:48', 'developer', '2017-03-23 14:40:48', null, '0');
INSERT INTO `m_barang` VALUES ('269', '3', 'GVR2090NSH', '', 'Galvalum 0.20 x 90 (NS) Hijau', '1', '10.00', 'y', '2017-03-23 14:41:05', 'developer', '2017-03-23 14:41:05', null, '0');
INSERT INTO `m_barang` VALUES ('270', '3', 'GVR2590NS', '', 'Galvalum 0.25 x 90 (NS)', '1', '10.00', 'y', '2017-03-23 14:41:11', 'developer', '2017-03-23 14:41:11', null, '0');
INSERT INTO `m_barang` VALUES ('271', '3', 'GVR3090SC', '', 'Galvalum 0.30 x 90 x 50 Second', '1', '10.00', 'y', '2017-03-23 14:41:24', 'developer', '2017-03-23 14:41:24', null, '0');
INSERT INTO `m_barang` VALUES ('272', '3', 'GVR3090NS', '', 'Galvalum 0.30 x 90 (NS)', '1', '10.00', 'y', '2017-03-23 14:42:03', 'developer', '2017-03-23 14:42:03', null, '0');
INSERT INTO `m_barang` VALUES ('273', '3', 'GVR30120SA', '', 'Galvalum 0.30 x 120 x 25 mtr', '1', '10.00', 'y', '2017-03-23 14:42:41', 'developer', '2017-03-23 14:42:41', null, '0');
INSERT INTO `m_barang` VALUES ('274', '3', 'GVR25120SA', '', 'Galvalum 0.25 x 120 x 25 mtr', '1', '10.00', 'y', '2017-03-23 14:42:47', 'developer', '2017-03-23 14:42:47', null, '0');
INSERT INTO `m_barang` VALUES ('275', '3', 'GVR2530SA', '', 'Galvalum 0.25 x 30 x 25 mtr', '1', '10.00', 'y', '2017-03-23 14:43:12', 'developer', '2017-03-23 14:43:12', null, '0');
INSERT INTO `m_barang` VALUES ('276', '3', 'GVR30120SB', '', 'Galvalum 0.30 x 120 x 50 mtr', '1', '10.00', 'y', '2017-03-23 14:43:18', 'developer', '2017-03-23 14:43:18', null, '0');
INSERT INTO `m_barang` VALUES ('277', '3', 'GVR25120SB', '', 'Galvalum 0.25 x 120 x 50 mtr', '1', '10.00', 'y', '2017-03-23 14:43:26', 'developer', '2017-03-23 14:43:26', null, '0');
INSERT INTO `m_barang` VALUES ('278', '3', 'GVR30120SC', '', 'Galvalum 0.30 x 120 x 50 Second', '1', '10.00', 'y', '2017-03-23 14:43:56', 'developer', '2017-03-23 14:43:56', null, '0');
INSERT INTO `m_barang` VALUES ('279', '3', 'GVR25120SB', '', 'Galvalum 0.25 x 120 x 50 Second', '1', '10.00', 'y', '2017-03-23 14:44:06', 'developer', '2017-03-23 14:44:06', null, '0');
INSERT INTO `m_barang` VALUES ('280', '3', 'GVR2530SB', '', 'Galvalum 0.25 x 30 x 50 mtr', '1', '10.00', 'y', '2017-03-23 14:44:21', 'developer', '2017-03-23 14:44:21', null, '0');
INSERT INTO `m_barang` VALUES ('281', '3', 'GVR30120NS', '', 'Galvalum 0.30 x 120 (NS)', '1', '10.00', 'y', '2017-03-23 14:44:30', 'developer', '2017-03-23 14:44:30', null, '0');
INSERT INTO `m_barang` VALUES ('282', '3', 'GVR25120NS', '', 'Galvalum 0.25 x 120 (NS)', '1', '10.00', 'y', '2017-03-23 14:44:45', 'developer', '2017-03-23 14:44:45', null, '0');
INSERT INTO `m_barang` VALUES ('283', '3', 'GVR2530SC', '', 'Galvalum 0.25 x 30 x 50 Second', '1', '10.00', 'y', '2017-03-23 14:44:55', 'developer', '2017-03-23 14:44:55', null, '0');
INSERT INTO `m_barang` VALUES ('284', '3', 'GVR3560SA', '', 'Galvalum 0.35 x 60 x 25 mtr', '1', '10.00', 'y', '2017-03-23 14:45:01', 'developer', '2017-03-23 14:45:01', null, '0');
INSERT INTO `m_barang` VALUES ('285', '3', 'GVR2530NS', '', 'Galvalum 0.25 x 30 (NS)', '1', '10.00', 'y', '2017-03-23 14:45:31', 'developer', '2017-03-23 14:45:31', null, '0');
INSERT INTO `m_barang` VALUES ('286', '3', 'GVR3560SB', '', 'Galvalum 0.35 x 60 x 50 mtr', '1', '10.00', 'y', '2017-03-23 14:45:35', 'developer', '2017-03-23 14:45:35', null, '0');
INSERT INTO `m_barang` VALUES ('287', '3', 'GVR3040SA', '', 'Galvalum 0.30 x 40 x 25 mtr', '1', '10.00', 'y', '2017-03-23 14:45:40', 'developer', '2017-03-23 14:45:40', null, '0');
INSERT INTO `m_barang` VALUES ('288', '3', 'GVR2540SA', '', 'Galvalum 0.25 x 40 x 25 mtr', '1', '10.00', 'y', '2017-03-23 14:46:09', 'developer', '2017-03-23 14:46:09', null, '0');
INSERT INTO `m_barang` VALUES ('289', '3', 'GVR3560SC', '', 'Galvalum 0.35 x 60 x 50 Second', '1', '10.00', 'y', '2017-03-23 14:46:11', 'developer', '2017-03-23 14:46:11', null, '0');
INSERT INTO `m_barang` VALUES ('290', '3', 'GVR3040SB', '', 'Galvalum 0.30 x 40 x 50 mtr', '1', '10.00', 'y', '2017-03-23 14:46:24', 'developer', '2017-03-23 14:46:24', null, '0');
INSERT INTO `m_barang` VALUES ('291', '3', 'GVR3560NS', '', 'Galvalum 0.35 x 60 (NS)', '1', '10.00', 'y', '2017-03-23 14:46:47', 'developer', '2017-03-23 14:46:47', null, '0');
INSERT INTO `m_barang` VALUES ('292', '3', 'GVR2540SB', '', 'Galvalum 0.25 x 40 x 50 mtr', '1', '10.00', 'y', '2017-03-23 14:46:48', 'developer', '2017-03-23 14:46:48', null, '0');
INSERT INTO `m_barang` VALUES ('293', '3', 'GVR3040SC', '', 'Galvalum 0.30 x 40 x 50 Second', '1', '10.00', 'y', '2017-03-23 14:46:53', 'developer', '2017-03-23 14:46:53', null, '0');
INSERT INTO `m_barang` VALUES ('294', '3', 'GVR3590SA', '', 'Galvalum 0.35 x 90 x 25 mtr', '1', '10.00', 'y', '2017-03-23 14:47:23', 'developer', '2017-03-23 14:47:23', null, '0');
INSERT INTO `m_barang` VALUES ('295', '3', 'GVR3040NS', '', 'Galvalum 0.30 x 40 (NS)', '1', '10.00', 'y', '2017-03-23 14:47:28', 'developer', '2017-03-23 14:47:28', null, '0');
INSERT INTO `m_barang` VALUES ('296', '3', 'GVR2540SC', '', 'Galvalum 0.25 x 40 x 50 Second', '1', '10.00', 'y', '2017-03-23 14:47:30', 'developer', '2017-03-23 14:47:30', null, '0');
INSERT INTO `m_barang` VALUES ('297', '3', 'GVR3590SB', '', 'Galvalum 0.35 x 90 x 50 mtr', '1', '10.00', 'y', '2017-03-23 14:47:55', 'developer', '2017-03-23 14:47:55', null, '0');
INSERT INTO `m_barang` VALUES ('298', '3', 'GVR30449SA', '', 'Galvalum 0.30 x 44,9 x 25 mtr', '1', '10.00', 'y', '2017-03-23 14:47:56', 'developer', '2017-03-23 14:47:56', null, '0');
INSERT INTO `m_barang` VALUES ('299', '3', 'GVR2540NS', '', 'Galvalum 0.25 x 40 (NS)', '1', '10.00', 'y', '2017-03-23 14:48:11', 'developer', '2017-03-23 14:48:11', null, '0');
INSERT INTO `m_barang` VALUES ('300', '3', 'GVR3590SC', '', 'Galvalum 0.35 x 90 x 50 Second', '1', '10.00', 'y', '2017-03-23 14:48:33', 'developer', '2017-03-23 14:48:33', null, '0');
INSERT INTO `m_barang` VALUES ('301', '3', 'GVR30449SB', '', 'Galvalum 0.30 x 44,9 x 50 mtr', '1', '10.00', 'y', '2017-03-23 14:48:34', 'developer', '2017-03-23 14:48:34', null, '0');
INSERT INTO `m_barang` VALUES ('302', '3', 'GVR2545SA', '', 'Galvalum 0.25 x 45 x 25 mtr', '1', '10.00', 'y', '2017-03-23 14:48:40', 'developer', '2017-03-23 14:48:40', null, '0');
INSERT INTO `m_barang` VALUES ('303', '3', 'GVR3590NS', '', 'Galvalum 0.35 x 90 (NS)', '1', '10.00', 'y', '2017-03-23 14:49:08', 'developer', '2017-03-23 14:49:08', null, '0');
INSERT INTO `m_barang` VALUES ('304', '3', 'GVR2545SB', '', 'Galvalum 0.25 x 45 x 50 mtr', '1', '10.00', 'y', '2017-03-23 14:49:18', 'developer', '2017-03-23 14:49:18', null, '0');
INSERT INTO `m_barang` VALUES ('305', '3', 'GVR30449SC', '', 'Galvalum 0.30 x 44,9 x 50 Second', '1', '10.00', 'y', '2017-03-23 14:49:36', 'developer', '2017-03-23 14:49:36', null, '0');
INSERT INTO `m_barang` VALUES ('306', '3', 'GVR3590NSGY', '', 'Galvalum 0.35 x 90 (NS) GREY', '1', '10.00', 'y', '2017-03-23 14:49:41', 'developer', '2017-03-23 14:49:41', null, '0');
INSERT INTO `m_barang` VALUES ('307', '3', 'GVR2545SC', '', 'Galvalum 0.25 x 45 x 50 Second', '1', '10.00', 'y', '2017-03-23 14:49:48', 'developer', '2017-03-23 14:49:48', null, '0');
INSERT INTO `m_barang` VALUES ('308', '3', 'GVR30449NS', '', 'Galvalum 0.30 x 44,9 (NS)', '1', '10.00', 'y', '2017-03-23 14:50:11', 'developer', '2017-03-23 14:50:11', null, '0');
INSERT INTO `m_barang` VALUES ('309', '3', 'GVR2545NS', '', 'Galvalum 0.25 x 45 (NS)', '1', '10.00', 'y', '2017-03-23 14:50:20', 'developer', '2017-03-23 14:50:20', null, '0');
INSERT INTO `m_barang` VALUES ('310', '3', 'GVR3045SA', '', 'Galvalum 0.30 x 45 x 25 mtr', '1', '1.00', 'y', '2017-03-23 14:50:52', 'developer', '2017-03-23 14:50:52', null, '0');
INSERT INTO `m_barang` VALUES ('311', '3', 'GVR2550SA', '', 'Galvalum 0.25 x 50 x 25 mtr', '1', '10.00', 'y', '2017-03-23 14:50:54', 'developer', '2017-03-23 14:50:54', null, '0');
INSERT INTO `m_barang` VALUES ('312', '3', 'GVR35120SA', '', 'Galvalum 0.35 x 120 x 25 mtr', '1', '10.00', 'y', '2017-03-23 14:50:59', 'developer', '2017-03-23 14:50:59', null, '0');
INSERT INTO `m_barang` VALUES ('313', '3', 'GVR2550SB', '', 'Galvalum 0.25 x 50 x 50 mtr', '1', '10.00', 'y', '2017-03-23 14:51:25', 'developer', '2017-03-23 14:51:25', null, '0');
INSERT INTO `m_barang` VALUES ('314', '3', 'GVR3045SB', '', 'Galvalum 0.30 x 45 x 50 mtr', '1', '10.00', 'y', '2017-03-23 14:51:25', 'developer', '2017-03-23 14:51:25', null, '0');
INSERT INTO `m_barang` VALUES ('315', '3', 'GVR35120SC', '', 'Galvalum 0.35 x 120 x 25 Second', '1', '10.00', 'y', '2017-03-23 14:51:37', 'developer', '2017-03-23 14:51:37', null, '0');
INSERT INTO `m_barang` VALUES ('316', '3', 'GVR2550SC', '', 'Galvalum 0.25 x 50 x 50 Second', '1', '10.00', 'y', '2017-03-23 14:51:59', 'developer', '2017-03-23 14:51:59', null, '0');
INSERT INTO `m_barang` VALUES ('317', '3', 'GVR3045SC', '', 'Galvalum 0.30 x 45 x 50 Second', '1', '10.00', 'y', '2017-03-23 14:52:03', 'developer', '2017-03-23 14:52:03', null, '0');
INSERT INTO `m_barang` VALUES ('318', '3', 'GVR35120NS', '', 'Galvalum 0.35 x 120 (NS)', '1', '10.00', 'y', '2017-03-23 14:52:15', 'developer', '2017-03-23 14:52:15', null, '0');
INSERT INTO `m_barang` VALUES ('319', '3', 'GVR2550NS', '', 'Galvalum 0.25 x 50 (NS)', '1', '10.00', 'y', '2017-03-23 14:52:36', 'developer', '2017-03-23 14:52:36', null, '0');
INSERT INTO `m_barang` VALUES ('320', '3', 'GVR4060SA', '', 'Galvalum 0.40 x 60 x 25 mtr', '1', '10.00', 'y', '2017-03-23 14:52:44', 'developer', '2017-03-23 14:52:44', null, '0');
INSERT INTO `m_barang` VALUES ('321', '3', 'GVR3045NS', '', 'Galvalum 0.30 x 45 (NS)', '1', '10.00', 'y', '2017-03-23 14:52:51', 'developer', '2017-03-23 14:52:51', null, '0');
INSERT INTO `m_barang` VALUES ('322', '3', 'GVR2553SA', '', 'Galvalum 0.25 x 53 x 25 mtr', '1', '10.00', 'y', '2017-03-23 14:53:07', 'developer', '2017-03-23 14:53:07', null, '0');
INSERT INTO `m_barang` VALUES ('323', '3', 'GVR4060SB', '', 'Galvalum 0.40 x 60 x 50 mtr', '1', '10.00', 'y', '2017-03-23 14:53:35', 'developer', '2017-03-23 14:53:35', null, '0');
INSERT INTO `m_barang` VALUES ('324', '3', 'GVR2553SB', '', 'Galvalum 0.25 x 53 x 50 mtr', '1', '10.00', 'y', '2017-03-23 14:53:42', 'developer', '2017-03-23 14:53:42', null, '0');
INSERT INTO `m_barang` VALUES ('325', '3', 'GVR4060SC', '', 'Galvalum 0.40 x 60 x 50 Second', '1', '10.00', 'y', '2017-03-23 14:54:07', 'developer', '2017-03-23 14:54:07', null, '0');
INSERT INTO `m_barang` VALUES ('326', '3', 'GVR2553SC', '', 'Galvalum 0.25 x 53 x 50 Second', '1', '10.00', 'y', '2017-03-23 14:54:20', 'developer', '2017-03-23 14:54:20', null, '0');
INSERT INTO `m_barang` VALUES ('327', '3', 'GVR3050SA', '', 'Galvalum 0.30 x 50 x 25 mtr', '1', '10.00', 'y', '2017-03-23 14:54:26', 'developer', '2017-03-23 14:54:26', null, '0');
INSERT INTO `m_barang` VALUES ('328', '3', 'GVR4060NS', '', 'Galvalum 0.40 x 60 (NS)', '1', '10.00', 'y', '2017-03-23 14:54:43', 'developer', '2017-03-23 14:54:43', null, '0');
INSERT INTO `m_barang` VALUES ('329', '3', 'GVR2560NS', '', 'Galvalum 0.25 x 53 (NS)', '1', '10.00', 'y', '2017-03-23 14:54:54', 'developer', '2017-03-23 14:54:54', null, '0');
INSERT INTO `m_barang` VALUES ('330', '3', 'GVR3050SB', '', 'Galvalum 0.30 x 50 x 50 mtr', '1', '10.00', 'y', '2017-03-23 14:55:08', 'developer', '2017-03-23 14:55:08', null, '0');
INSERT INTO `m_barang` VALUES ('331', '3', 'GVR4090SA', '', 'Galvalum 0.40 x 90 x 25 mtr', '1', '10.00', 'y', '2017-03-23 14:55:17', 'developer', '2017-03-23 14:55:17', null, '0');
INSERT INTO `m_barang` VALUES ('332', '3', 'GVR3050SC', '', 'Galvalum 0.30 x 50 x 50 Second', '1', '10.00', 'y', '2017-03-23 14:55:39', 'developer', '2017-03-23 14:55:39', null, '0');
INSERT INTO `m_barang` VALUES ('333', '3', 'GVR4090SB', '', 'Galvalum 0.40 x 90 x 50 mtr', '1', '10.00', 'y', '2017-03-23 14:55:50', 'developer', '2017-03-23 14:55:50', null, '0');
INSERT INTO `m_barang` VALUES ('334', '3', 'GVR4090SC', '', 'Galvalum 0.40 x 90 x 50 Second', '1', '10.00', 'y', '2017-03-23 14:56:23', 'developer', '2017-03-23 14:56:23', null, '0');
INSERT INTO `m_barang` VALUES ('335', '3', 'GVR3050NS', '', 'Galvalum 0.30 x 50 (NS)', '1', '10.00', 'y', '2017-03-23 14:56:24', 'developer', '2017-03-23 14:56:24', null, '0');
INSERT INTO `m_barang` VALUES ('336', '3', 'GVR2560SA', '', 'Galvalum 0.25 x 60 x 25 mtr', '1', '10.00', 'y', '2017-03-23 14:56:49', 'developer', '2017-03-23 14:56:49', null, '0');
INSERT INTO `m_barang` VALUES ('337', '3', 'GVR4090NS', '', 'Galvalum 0.40 x 90 (NS)', '1', '10.00', 'y', '2017-03-23 14:56:54', 'developer', '2017-03-23 14:56:54', null, '0');
INSERT INTO `m_barang` VALUES ('338', '3', 'GVR3060SA', '', 'Galvalum 0.30 x 60 x 25 mtr', '1', '10.00', 'y', '2017-03-23 14:56:58', 'developer', '2017-03-23 14:56:58', null, '0');
INSERT INTO `m_barang` VALUES ('339', '3', 'GVR2560SB', '', 'Galvalum 0.25 x 60 x 50 mtr', '1', '10.00', 'y', '2017-03-23 14:57:17', 'developer', '2017-03-23 14:57:17', null, '0');
INSERT INTO `m_barang` VALUES ('340', '3', 'GVR40120SA', '', 'Galvalum 0.40 x 120 x 25 mtr', '1', '10.00', 'y', '2017-03-23 14:57:24', 'developer', '2017-03-23 14:57:24', null, '0');
INSERT INTO `m_barang` VALUES ('341', '3', 'GVR3060SB', '', 'Galvalum 0.30 x 60 x 50 mtr', '1', '10.00', 'y', '2017-03-23 14:57:42', 'developer', '2017-03-23 14:57:42', null, '0');
INSERT INTO `m_barang` VALUES ('342', '3', 'GVR2560SC', '', 'Galvalum 0.25 x 60 x 50 Second', '1', '10.00', 'y', '2017-03-23 14:57:50', 'developer', '2017-03-23 14:57:50', null, '0');
INSERT INTO `m_barang` VALUES ('343', '3', 'GVR40120SB', '', 'Galvalum 0.40 x 120 x 25 Second', '1', '10.00', 'y', '2017-03-23 14:58:00', 'developer', '2017-03-23 14:58:00', null, '0');
INSERT INTO `m_barang` VALUES ('344', '3', 'GVR3060SC', '', 'Galvalum 0.30 x 60 x 50 Second', '1', '10.00', 'y', '2017-03-23 14:58:21', 'developer', '2017-03-23 14:58:21', null, '0');
INSERT INTO `m_barang` VALUES ('345', '3', 'GVR40120NS', '', 'Galvalum 0.40 x 120 (NS)', '1', '10.00', 'y', '2017-03-23 14:58:32', 'developer', '2017-03-23 14:58:32', null, '0');
INSERT INTO `m_barang` VALUES ('346', '3', 'GVR2560NS', '', 'Galvalum 0.25 x 60 (NS)', '1', '10.00', 'y', '2017-03-23 14:58:33', 'developer', '2017-03-23 14:58:33', null, '0');
INSERT INTO `m_barang` VALUES ('347', '3', 'GVR3060NS', '', 'Galvalum 0.30 x 60 (NS)', '1', '10.00', 'y', '2017-03-23 14:58:57', 'developer', '2017-03-23 14:58:57', null, '0');
INSERT INTO `m_barang` VALUES ('348', '3', 'GVR25689SA', '', 'Galvalum 0.25 x 68,9 x 25 mtr', '1', '10.00', 'y', '2017-03-23 14:59:06', 'developer', '2017-03-23 14:59:06', null, '0');
INSERT INTO `m_barang` VALUES ('349', '3', 'GVR50120SA', '', 'Galvalum 0.50 x 120 x 25 mtr', '1', '10.00', 'y', '2017-03-23 14:59:14', 'developer', '2017-03-23 14:59:14', null, '0');
INSERT INTO `m_barang` VALUES ('350', '3', 'GVR3070SA', '', 'Galvalum 0.30 x 70 x 25 mtr', '1', '10.00', 'y', '2017-03-23 14:59:28', 'developer', '2017-03-23 14:59:28', null, '0');
INSERT INTO `m_barang` VALUES ('351', '3', 'GVR25689SB', '', 'Galvalum 0.25 x 68,9 x 50 mtr', '1', '10.00', 'y', '2017-03-23 14:59:43', 'developer', '2017-03-23 14:59:43', null, '0');
INSERT INTO `m_barang` VALUES ('352', '3', 'GVR50120SB', '', 'Galvalum 0.50 x 120 x 25 Second', '1', '10.00', 'y', '2017-03-23 14:59:47', 'developer', '2017-03-23 14:59:47', null, '0');
INSERT INTO `m_barang` VALUES ('353', '3', 'GVR25689SC', '', 'Galvalum 0.25 x 68,9 x 50 Second', '1', '10.00', 'y', '2017-03-23 15:00:13', 'developer', '2017-03-23 15:00:13', null, '0');
INSERT INTO `m_barang` VALUES ('354', '3', 'GVR3070SB', '', 'Galvalum 0.30 x 70 x 50 mtr', '1', '10.00', 'y', '2017-03-23 15:00:16', 'developer', '2017-03-23 15:00:16', null, '0');
INSERT INTO `m_barang` VALUES ('355', '3', 'GVR50120NS', '', 'Galvalum 0.50 x 120 (NS)', '1', '10.00', 'y', '2017-03-23 15:00:24', 'developer', '2017-03-23 15:00:24', null, '0');
INSERT INTO `m_barang` VALUES ('356', '3', 'GVR3070SC', '', 'Galvalum 0.30 x 70 x 50 Second', '1', '10.00', 'y', '2017-03-23 15:00:50', 'developer', '2017-03-23 15:00:50', null, '0');
INSERT INTO `m_barang` VALUES ('357', '3', 'GVR25689NS', '', 'Galvalum 0.25 x 68,9 (NS)', '1', '10.00', 'y', '2017-03-23 15:00:53', 'developer', '2017-03-23 15:00:53', null, '0');
INSERT INTO `m_barang` VALUES ('358', '3', 'GVR2570SA', '', 'Galvalum 0.25 x 70 x 25 mtr', '1', '10.00', 'y', '2017-03-23 15:01:29', 'developer', '2017-03-23 15:01:29', null, '0');
INSERT INTO `m_barang` VALUES ('359', '3', 'GVR3070NS', '', 'Galvalum 0.30 x 70 (NS)', '1', '10.00', 'y', '2017-03-23 15:01:42', 'developer', '2017-03-23 15:01:42', null, '0');
INSERT INTO `m_barang` VALUES ('360', '3', 'GVR2570SB', '', 'Galvalum 0.25 x 70 x 50 mtr', '1', '10.00', 'y', '2017-03-23 15:02:09', 'developer', '2017-03-23 15:02:09', null, '0');
INSERT INTO `m_barang` VALUES ('361', '3', 'GVR3077SA', '', 'Galvalum 0.30 x 77 x 25 mtr', '1', '10.00', 'y', '2017-03-23 15:02:32', 'developer', '2017-03-23 15:02:32', null, '0');
INSERT INTO `m_barang` VALUES ('362', '3', 'GVR2570SC', '', 'Galvalum 0.25 x 70 x 50 Second', '1', '10.00', 'y', '2017-03-23 15:02:39', 'developer', '2017-03-23 15:02:39', null, '0');
INSERT INTO `m_barang` VALUES ('363', '3', 'GVR3077SB', '', 'Galvalum 0.30 x 77 x 50 mtr', '1', '10.00', 'y', '2017-03-23 15:03:09', 'developer', '2017-03-23 15:03:09', null, '0');
INSERT INTO `m_barang` VALUES ('364', '3', 'GVR25689NS', '', 'Galvalum 0.25 x 70 (NS)', '1', '10.00', 'y', '2017-03-23 15:03:11', 'developer', '2017-03-23 15:03:11', null, '0');
INSERT INTO `m_barang` VALUES ('365', '3', 'GVR2575SA', '', 'Galvalum 0.25 x 75 x 25 mtr', '1', '10.00', 'y', '2017-03-23 15:03:40', 'developer', '2017-03-23 15:03:40', null, '0');
INSERT INTO `m_barang` VALUES ('366', '3', 'GVR3077SC', '', 'Galvalum 0.30 x 77 x 50 Second', '1', '10.00', 'y', '2017-03-23 15:03:51', 'developer', '2017-03-23 15:03:51', null, '0');
INSERT INTO `m_barang` VALUES ('367', '3', 'GVR2575SB', '', 'Galvalum 0.25 x 75 x 50 mtr', '1', '10.00', 'y', '2017-03-23 15:04:15', 'developer', '2017-03-23 15:04:15', null, '0');
INSERT INTO `m_barang` VALUES ('368', '3', 'GVR3077NS', '', 'Galvalum 0.30 x 77 (NS)', '1', '10.00', 'y', '2017-03-23 15:04:25', 'developer', '2017-03-23 15:04:25', null, '0');
INSERT INTO `m_barang` VALUES ('369', '3', 'GVR2575SC', '', 'Galvalum 0.25 x 75 x 50 Second', '1', '10.00', 'y', '2017-03-23 15:04:44', 'developer', '2017-03-23 15:04:44', null, '0');
INSERT INTO `m_barang` VALUES ('370', '3', 'GVR2575NS', '', 'Galvalum 0.25 x 75 (NS)', '1', '10.00', 'y', '2017-03-23 15:05:26', 'developer', '2017-03-23 15:05:26', null, '0');
INSERT INTO `m_barang` VALUES ('371', '3', 'GPMC', '', 'Genteng Pasir Merah Carita ', '6', '10.00', 'y', '2017-03-23 15:08:39', 'developer', '2017-03-23 15:08:39', null, '0');
INSERT INTO `m_barang` VALUES ('372', '3', 'GSMC', '', 'Genteng SOTHO Merah Carita ', '6', '10.00', 'y', '2017-03-23 15:14:09', 'developer', '2017-03-23 15:14:09', null, '0');
INSERT INTO `m_barang` VALUES ('373', '3', 'GMC', '', 'Genteng Merah Carita ', '6', '10.00', 'y', '2017-03-23 15:14:45', 'developer', '2017-03-23 15:14:45', null, '0');
INSERT INTO `m_barang` VALUES ('374', '3', 'GPMM', '', 'Genteng Pasir Merah Merapi ', '6', '10.00', 'y', '2017-03-23 15:14:48', 'developer', '2017-03-23 15:14:48', null, '0');
INSERT INTO `m_barang` VALUES ('375', '3', 'NGPMC', '', 'Nok Genteng Pasir Merah Carita ', '6', '10.00', 'y', '2017-03-23 15:37:25', 'developer', '2017-03-23 15:37:25', null, '0');
INSERT INTO `m_barang` VALUES ('376', '3', 'GPB', '', 'Genteng Pasir Biru ', '6', '10.00', 'y', '2017-03-23 15:37:39', 'developer', '2017-03-23 15:37:39', null, '0');
INSERT INTO `m_barang` VALUES ('377', '3', 'GPHT', '', 'Genteng Pasir Hitam ', '6', '10.00', 'y', '2017-03-23 15:38:16', 'developer', '2017-03-23 15:38:16', null, '0');
INSERT INTO `m_barang` VALUES ('378', '3', 'NGPMM', '', 'Nok Genteng Pasir Merah Merapi ', '6', '10.00', 'y', '2017-03-23 15:38:18', 'developer', '2017-03-23 15:38:18', null, '0');
INSERT INTO `m_barang` VALUES ('379', '3', 'GPHJ', '', 'Genteng Pasir Hijau ', '6', '10.00', 'y', '2017-03-23 15:38:57', 'developer', '2017-03-23 15:38:57', null, '0');
INSERT INTO `m_barang` VALUES ('380', '3', 'NGPB', '', 'Nok Genteng Pasir Biru ', '6', '10.00', 'y', '2017-03-23 15:39:07', 'developer', '2017-03-23 15:39:07', null, '0');
INSERT INTO `m_barang` VALUES ('381', '3', 'GPC', '', 'Genteng Pasir Coklat ', '6', '10.00', 'y', '2017-03-23 15:39:27', 'developer', '2017-03-23 15:39:27', null, '0');
INSERT INTO `m_barang` VALUES ('382', '3', 'NGSMC', '', 'Nok Genteng SOTHO Merah Carita ', '6', '10.00', 'y', '2017-03-23 15:39:57', 'developer', '2017-03-23 15:39:57', null, '0');
INSERT INTO `m_barang` VALUES ('383', '3', 'NGPHT', '', 'Nok Genteng Pasir Hitam ', '6', '10.00', 'y', '2017-03-23 15:40:26', 'developer', '2017-03-23 15:40:26', null, '0');
INSERT INTO `m_barang` VALUES ('384', '3', 'NGMC', '', 'Nok Genteng Merah Carita ', '6', '10.00', 'y', '2017-03-23 15:40:42', 'developer', '2017-03-23 15:40:42', null, '0');
INSERT INTO `m_barang` VALUES ('385', '3', 'NGSMM', '', 'Nok Genteng SOTHO Merah Merapi ', '6', '10.00', 'y', '2017-03-23 15:41:16', 'developer', '2017-03-23 15:41:16', null, '0');
INSERT INTO `m_barang` VALUES ('386', '3', 'NGMM', '', 'Nok Genteng Merah Merapi ', '6', '10.00', 'y', '2017-03-23 15:41:57', 'developer', '2017-03-23 15:41:57', null, '0');
INSERT INTO `m_barang` VALUES ('387', '3', 'NGSCT', '', 'Nok Genteng SOTHO Coklat Toraja ', '6', '10.00', 'y', '2017-03-23 15:42:54', 'developer', '2017-03-23 15:42:54', null, '0');
INSERT INTO `m_barang` VALUES ('388', '3', 'NGCT', '', 'Nok Genteng Coklat Toraja ', '6', '10.00', 'y', '2017-03-23 15:43:33', 'developer', '2017-03-23 15:43:33', null, '0');
INSERT INTO `m_barang` VALUES ('389', '3', 'NGPHJ', '', 'Nok Genteng Pasir Hijau ', '6', '10.00', 'y', '2017-03-23 15:44:24', 'developer', '2017-03-23 15:44:24', null, '0');
INSERT INTO `m_barang` VALUES ('390', '3', 'NGSBB', '', 'Nok Genteng SOTHO Biru Bromo ', '6', '10.00', 'y', '2017-03-23 15:44:48', 'developer', '2017-03-23 15:44:48', null, '0');
INSERT INTO `m_barang` VALUES ('391', '3', 'NGSBB', '', 'Nok Genteng SOTHO Biru Bromo ', '6', '10.00', 'y', '2017-03-23 15:44:48', 'developer', '2017-03-23 15:44:48', null, '0');
INSERT INTO `m_barang` VALUES ('392', '3', 'NGBB', '', 'Nok Genteng Biru Bromo ', '6', '10.00', 'y', '2017-03-23 15:45:30', 'developer', '2017-03-23 15:45:30', null, '0');
INSERT INTO `m_barang` VALUES ('393', '3', 'NGPC', '', 'Nok Genteng Pasir Coklat ', '6', '10.00', 'y', '2017-03-23 15:45:33', 'developer', '2017-03-23 15:45:33', null, '0');
INSERT INTO `m_barang` VALUES ('394', '3', 'NGSHB', '', 'Nok Genteng SOTHO Hijau Borneo ', '6', '10.00', 'y', '2017-03-23 15:46:42', 'developer', '2017-03-23 15:46:42', null, '0');
INSERT INTO `m_barang` VALUES ('395', '3', 'NGHB', '', 'Nok Genteng Hijau Borneo ', '6', '10.00', 'y', '2017-03-23 15:47:49', 'developer', '2017-03-23 15:47:49', null, '0');
INSERT INTO `m_barang` VALUES ('396', '3', 'NGHB', '', 'Nok Genteng Hijau Borneo ', '6', '10.00', 'y', '2017-03-23 15:47:49', 'developer', '2017-03-23 15:47:49', null, '0');
INSERT INTO `m_barang` VALUES ('397', '3', 'GSMM', '', 'Genteng SOTHO Merah Merapi ', '6', '10.00', 'y', '2017-03-23 15:50:17', 'developer', '2017-03-23 15:50:17', null, '0');
INSERT INTO `m_barang` VALUES ('398', '3', 'GSMM', '', 'Genteng SOTHO Merah Merapi ', '6', '10.00', 'y', '2017-03-23 15:50:17', 'developer', '2017-03-23 15:50:17', null, '0');
INSERT INTO `m_barang` VALUES ('399', '3', 'GMM', '', 'Genteng Merah Merapi', '6', '10.00', 'y', '2017-03-23 15:51:52', 'developer', '2017-03-23 15:51:52', null, '0');
INSERT INTO `m_barang` VALUES ('400', '3', 'GMM', '', 'Genteng Merah Merapi', '6', '10.00', 'y', '2017-03-23 15:51:53', 'developer', '2017-03-23 15:51:53', null, '0');
INSERT INTO `m_barang` VALUES ('401', '3', 'GSCT', '', 'Genteng SOTHO Coklat Toraja ', '6', '10.00', 'y', '2017-03-23 15:52:34', 'developer', '2017-03-23 15:52:34', null, '0');
INSERT INTO `m_barang` VALUES ('402', '3', 'GCT', '', 'Genteng Coklat Toraja', '6', '10.00', 'y', '2017-03-23 15:53:53', 'developer', '2017-03-23 15:53:53', null, '0');
INSERT INTO `m_barang` VALUES ('403', '3', 'GCT', '', 'Genteng Coklat Toraja', '6', '10.00', 'y', '2017-03-23 15:53:53', 'developer', '2017-03-23 15:53:53', null, '0');
INSERT INTO `m_barang` VALUES ('404', '3', 'HS24AA', '', 'Hollow SOTHO 2 x 4 AA', '5', '10.00', 'y', '2017-03-23 15:54:02', 'developer', '2017-03-23 15:54:02', null, '0');
INSERT INTO `m_barang` VALUES ('405', '3', 'GSBB', '', 'Genteng SOTHO Biru Bromo', '6', '10.00', 'y', '2017-03-23 15:55:06', 'developer', '2017-03-23 15:55:06', null, '0');
INSERT INTO `m_barang` VALUES ('406', '3', 'GSBB', '', 'Genteng SOTHO Biru Bromo', '6', '10.00', 'y', '2017-03-23 15:55:07', 'developer', '2017-03-23 15:55:07', null, '0');
INSERT INTO `m_barang` VALUES ('407', '3', 'GBB', '', 'Genteng Biru Bromo', '6', '10.00', 'y', '2017-03-23 15:55:42', 'developer', '2017-03-23 15:55:42', null, '0');
INSERT INTO `m_barang` VALUES ('408', '3', 'GSHB', '', 'Genteng SOTHO Hijau Borneo', '6', '10.00', 'y', '2017-03-23 15:56:30', 'developer', '2017-03-23 15:56:30', null, '0');
INSERT INTO `m_barang` VALUES ('409', '3', 'GHB', '', 'Genteng Hijau Borneo ', '6', '10.00', 'y', '2017-03-23 15:57:48', 'developer', '2017-03-23 15:57:48', null, '0');
INSERT INTO `m_barang` VALUES ('410', '3', 'HS24AB', '', 'Hollow SOTHO 2 x 4 AB', '5', '10.00', 'y', '2017-03-23 15:58:38', 'developer', '2017-03-23 15:58:38', null, '0');
INSERT INTO `m_barang` VALUES ('411', '3', 'TS2510', '', 'Trimdeck SOTHO 0,25 TCT x 1,00 Meter', '1', '10.00', 'y', '2017-03-23 16:08:03', 'developer', '2017-03-23 16:08:03', null, '0');
INSERT INTO `m_barang` VALUES ('412', '3', 'TS2515', '', 'Trimdeck SOTHO 0,25 TCT x 1,50 Meter', '1', '10.00', 'y', '2017-03-23 16:08:40', 'developer', '2017-03-23 16:08:40', null, '0');
INSERT INTO `m_barang` VALUES ('413', '3', 'TS2515', '', 'Trimdeck SOTHO 0,25 TCT x 1,50 Meter', '1', '10.00', 'y', '2017-03-23 16:08:40', 'developer', '2017-03-23 16:08:40', null, '0');
INSERT INTO `m_barang` VALUES ('414', '3', 'TS2520', '', 'Trimdeck SOTHO 0,25 TCT x 2,00 Meter', '1', '10.00', 'y', '2017-03-23 16:09:25', 'developer', '2017-03-23 16:09:25', null, '0');
INSERT INTO `m_barang` VALUES ('415', '3', 'TS2520', '', 'Trimdeck SOTHO 0,25 TCT x 2,00 Meter', '1', '10.00', 'y', '2017-03-23 16:09:25', 'developer', '2017-03-23 16:09:25', null, '0');
INSERT INTO `m_barang` VALUES ('416', '3', 'TS2525', '', 'Trimdeck SOTHO 0,25 TCT x 2,50 Meter', '1', '10.00', 'y', '2017-03-23 16:10:08', 'developer', '2017-03-23 16:10:08', null, '0');
INSERT INTO `m_barang` VALUES ('417', '3', 'TS2530', '', 'Trimdeck SOTHO 0,25 TCT x 3,00 Meter', '1', '10.00', 'y', '2017-03-23 16:11:41', 'developer', '2017-03-23 16:11:41', null, '0');
INSERT INTO `m_barang` VALUES ('418', '3', 'TS2535', '', 'Trimdeck SOTHO 0,25 TCT x 3,50 Meter', '1', '10.00', 'y', '2017-03-23 16:12:30', 'developer', '2017-03-23 16:12:30', null, '0');
INSERT INTO `m_barang` VALUES ('419', '3', 'TS2535', '', 'Trimdeck SOTHO 0,25 TCT x 3,50 Meter', '1', '10.00', 'y', '2017-03-23 16:12:31', 'developer', '2017-03-23 16:12:31', null, '0');
INSERT INTO `m_barang` VALUES ('420', '3', 'TS2540', '', 'Trimdeck SOTHO 0,25 TCT x 4,00 Meter', '1', '10.00', 'y', '2017-03-23 16:13:22', 'developer', '2017-03-23 16:13:22', null, '0');
INSERT INTO `m_barang` VALUES ('421', '3', 'TS2545', '', 'Trimdeck SOTHO 0,25 TCT x 4,50 Meter', '1', '10.00', 'y', '2017-03-23 16:13:54', 'developer', '2017-03-23 16:13:54', null, '0');
INSERT INTO `m_barang` VALUES ('422', '3', 'TS2550', '', 'Trimdeck SOTHO 0,25 TCT x 5,00 Meter', '1', '10.00', 'y', '2017-03-23 16:14:41', 'developer', '2017-03-23 16:14:41', null, '0');
INSERT INTO `m_barang` VALUES ('423', '3', 'TS2555', '', 'Trimdeck SOTHO 0,25 TCT x 5,50 Meter', '1', '10.00', 'y', '2017-03-23 16:15:18', 'developer', '2017-03-23 16:15:18', null, '0');
INSERT INTO `m_barang` VALUES ('424', '3', 'TS2560', '', 'Trimdeck SOTHO 0,25 TCT x 6,00 Meter', '1', '10.00', 'y', '2017-03-23 16:16:51', 'developer', '2017-03-23 16:16:51', null, '0');
INSERT INTO `m_barang` VALUES ('425', '3', 'GPMC', '', 'Genteng Pasir Merah Carita ', '1', '10.00', 'y', '2017-03-24 13:30:30', 'developer', '2017-03-24 13:30:30', null, '0');
INSERT INTO `m_barang` VALUES ('426', '3', 'GPMM', '', 'Genteng Pasir Merah Merapi ', '1', '10.00', 'y', '2017-03-24 13:31:06', 'developer', '2017-03-24 13:31:06', null, '0');
INSERT INTO `m_barang` VALUES ('427', '3', 'TS3510', '', 'Trimdeck SOTHO 0,35 TCT x 1,00 Meter', '1', '10.00', 'y', '2017-03-24 13:31:43', 'developer', '2017-03-24 13:31:43', null, '0');
INSERT INTO `m_barang` VALUES ('428', '3', 'GPB', '', 'Genteng Pasir Biru ', '1', '10.00', 'y', '2017-03-24 13:31:49', 'developer', '2017-03-24 13:31:49', null, '0');
INSERT INTO `m_barang` VALUES ('429', '3', 'GPHT', '', 'Genteng Pasir Hitam ', '1', '10.00', 'y', '2017-03-24 13:32:38', 'developer', '2017-03-24 13:32:38', null, '0');
INSERT INTO `m_barang` VALUES ('430', '3', 'GPHJ', '', 'Genteng Pasir Hijau ', '1', '10.00', 'y', '2017-03-24 13:33:12', 'developer', '2017-03-24 13:33:12', null, '0');
INSERT INTO `m_barang` VALUES ('431', '3', 'TS3515', '', 'Trimdeck SOTHO 0,35 TCT x 1,50 Meter', '1', '10.00', 'y', '2017-03-24 13:33:20', 'developer', '2017-03-24 13:33:20', null, '0');
INSERT INTO `m_barang` VALUES ('432', '3', 'GPC', '', 'Genteng Pasir Coklat ', '1', '10.00', 'y', '2017-03-24 13:33:50', 'developer', '2017-03-24 13:33:50', null, '0');
INSERT INTO `m_barang` VALUES ('433', '3', 'TS3520', '', 'Trimdeck SOTHO 0,35 TCT x 2,00 Meter', '1', '10.00', 'y', '2017-03-24 13:35:08', 'developer', '2017-03-24 13:35:08', null, '0');
INSERT INTO `m_barang` VALUES ('434', '3', 'TS3525', '', 'Trimdeck SOTHO 0,35 TCT x 2,50 Meter', '1', '10.00', 'y', '2017-03-24 13:35:58', 'developer', '2017-03-24 13:35:58', null, '0');
INSERT INTO `m_barang` VALUES ('435', '3', 'NGPMC', '', 'Nok Genteng Pasir Merah Carita ', '1', '10.00', 'y', '2017-03-24 13:36:14', 'developer', '2017-03-24 13:36:14', null, '0');
INSERT INTO `m_barang` VALUES ('436', '3', 'NGPMM', '', 'Nok Genteng Pasir Merah Merapi ', '1', '10.00', 'y', '2017-03-24 13:36:48', 'developer', '2017-03-24 13:36:48', null, '0');
INSERT INTO `m_barang` VALUES ('437', '3', 'TS3530', '', 'Trimdeck SOTHO 0,35 TCT x 3,00 Meter', '1', '10.00', 'y', '2017-03-24 13:36:52', 'developer', '2017-03-24 13:36:52', null, '0');
INSERT INTO `m_barang` VALUES ('438', '3', 'H24B', '', 'Hollow 2 x 4 Bintang ', '5', '10.00', 'y', '2017-03-24 13:37:11', 'developer', '2017-03-24 13:37:11', null, '0');
INSERT INTO `m_barang` VALUES ('439', '3', 'NGPB', '', 'Nok Genteng Pasir Biru ', '1', '10.00', 'y', '2017-03-24 13:37:20', 'developer', '2017-03-24 13:37:20', null, '0');
INSERT INTO `m_barang` VALUES ('440', '3', 'TS3535', '', 'Trimdeck SOTHO 0,35 TCT x 3,50 Meter', '1', '10.00', 'y', '2017-03-24 13:37:35', 'developer', '2017-03-24 13:37:35', null, '0');
INSERT INTO `m_barang` VALUES ('441', '3', 'H44', '', 'Hollow 4 x 4 ', '5', '10.00', 'y', '2017-03-24 13:37:44', 'developer', '2017-03-24 13:37:44', null, '0');
INSERT INTO `m_barang` VALUES ('442', '3', 'NGPHT', '', 'Nok Genteng Pasir Hitam ', '1', '10.00', 'y', '2017-03-24 13:37:53', 'developer', '2017-03-24 13:37:53', null, '0');
INSERT INTO `m_barang` VALUES ('443', '3', 'KS7C60', '', 'Kanal SOTHO C 75 - 0,60', '5', '10.00', 'y', '2017-03-24 13:38:21', 'developer', '2017-03-24 13:38:21', null, '0');
INSERT INTO `m_barang` VALUES ('444', '3', 'KS8C60', '', 'Kanal SOTHO C 80 - 0,60', '5', '10.00', 'y', '2017-03-24 13:40:20', 'developer', '2017-03-24 13:40:20', null, '0');
INSERT INTO `m_barang` VALUES ('445', '3', 'KS7C75', '', 'Kanal SOTHO C 75 - 0,75', '5', '10.00', 'y', '2017-03-24 13:40:55', 'developer', '2017-03-24 13:40:55', null, '0');
INSERT INTO `m_barang` VALUES ('446', '3', 'TS3540', '', 'Trimdeck SOTHO 0,35 TCT x 4,00 Meter', '1', '10.00', 'y', '2017-03-24 13:41:21', 'developer', '2017-03-24 13:41:21', null, '0');
INSERT INTO `m_barang` VALUES ('447', '3', 'KS8C75', '', 'Kanal SOTHO C 80 - 0,75', '5', '10.00', 'y', '2017-03-24 13:41:26', 'developer', '2017-03-24 13:41:26', null, '0');
INSERT INTO `m_barang` VALUES ('448', '3', 'TS3545', '', 'Trimdeck SOTHO 0,35 TCT x 4,50 Meter', '1', '10.00', 'y', '2017-03-24 13:41:56', 'developer', '2017-03-24 13:41:56', null, '0');
INSERT INTO `m_barang` VALUES ('449', '3', 'KS7C75E', '', 'Kanal SOTHO C 75 - 0,75 ECO', '5', '10.00', 'y', '2017-03-24 13:42:26', 'developer', '2017-03-24 13:42:26', null, '0');
INSERT INTO `m_barang` VALUES ('450', '3', 'TS3550', '', 'Trimdeck SOTHO 0,35 TCT x 5,00 Meter', '1', '10.00', 'y', '2017-03-24 13:42:29', 'developer', '2017-03-24 13:42:29', null, '0');
INSERT INTO `m_barang` VALUES ('451', '3', 'KS8C75E', '', 'Kanal SOTHO C 80 - 0,75 ECO', '5', '10.00', 'y', '2017-03-24 13:42:56', 'developer', '2017-03-24 13:42:56', null, '0');
INSERT INTO `m_barang` VALUES ('452', '3', 'TS3555', '', 'Trimdeck SOTHO 0,35 TCT x 5,50 Meter', '1', '10.00', 'y', '2017-03-24 13:43:20', 'developer', '2017-03-24 13:43:20', null, '0');
INSERT INTO `m_barang` VALUES ('453', '3', 'RS45AA', '', 'Reng SOTHO 0,45 AA', '5', '10.00', 'y', '2017-03-24 13:43:24', 'developer', '2017-03-24 13:43:24', null, '0');
INSERT INTO `m_barang` VALUES ('454', '3', 'TS3010', '', 'Trimdeck SOTHO 0,30 TCT x 1,00 Meter', '1', '10.00', 'y', '2017-03-24 13:43:38', 'developer', '2017-03-24 13:43:38', null, '0');
INSERT INTO `m_barang` VALUES ('455', '3', 'TS3560', '', 'Trimdeck SOTHO 0,35 TCT x 6,00 Meter', '1', '10.00', 'y', '2017-03-24 13:43:58', 'developer', '2017-03-24 13:43:58', null, '0');
INSERT INTO `m_barang` VALUES ('456', '3', 'RS45AB', '', 'Reng SOTHO 0,45 AB', '5', '10.00', 'y', '2017-03-24 13:44:13', 'developer', '2017-03-24 13:44:13', null, '0');
INSERT INTO `m_barang` VALUES ('457', '3', 'WAS025', '', 'Wall Angle 0,25 SOTHO ', '5', '10.00', 'y', '2017-03-24 13:44:42', 'developer', '2017-03-24 13:44:42', null, '0');
INSERT INTO `m_barang` VALUES ('458', '3', 'TS4010', '', 'Trimdeck SOTHO 0,40 TCT x 1,00 Meter', '1', '10.00', 'y', '2017-03-24 13:44:52', 'developer', '2017-03-24 13:44:52', null, '0');
INSERT INTO `m_barang` VALUES ('459', '3', 'TS3015', '', 'Trimdeck SOTHO 0,30 TCT x 1,50 Meter', '1', '10.00', 'y', '2017-03-24 13:45:03', 'developer', '2017-03-24 13:45:03', null, '0');
INSERT INTO `m_barang` VALUES ('460', '3', 'TS3020', '', 'Trimdeck SOTHO 0,30 TCT x 2,00 Meter', '1', '10.00', 'y', '2017-03-24 13:45:35', 'developer', '2017-03-24 13:45:35', null, '0');
INSERT INTO `m_barang` VALUES ('461', '3', 'TS4015', '', 'Trimdeck SOTHO 0,40 TCT x 1,50 Meter', '1', '10.00', 'y', '2017-03-24 13:45:47', 'developer', '2017-03-24 13:45:47', null, '0');
INSERT INTO `m_barang` VALUES ('462', '3', 'TSB2510', '', 'Trimdeck SOTHO BIRU 0,25 TCT x 1,00 Meter', '1', '10.00', 'y', '2017-03-24 13:46:04', 'developer', '2017-03-24 13:46:04', null, '0');
INSERT INTO `m_barang` VALUES ('463', '3', 'TS3025', '', 'Trimdeck SOTHO 0,30 TCT x 2,50 Meter', '1', '10.00', 'y', '2017-03-24 13:46:06', 'developer', '2017-03-24 13:46:06', null, '0');
INSERT INTO `m_barang` VALUES ('464', '3', 'TS4020', '', 'Trimdeck SOTHO 0,40 TCT x 2,00 Meter', '1', '10.00', 'y', '2017-03-24 13:46:34', 'developer', '2017-03-24 13:46:34', null, '0');
INSERT INTO `m_barang` VALUES ('465', '3', 'TSB2515', '', 'Trimdeck SOTHO BIRU 0,25 TCT x 1,50 Meter', '1', '10.00', 'y', '2017-03-24 13:46:38', 'developer', '2017-03-24 13:46:38', null, '0');
INSERT INTO `m_barang` VALUES ('466', '3', 'TS3030', '', 'Trimdeck SOTHO 0,30 TCT x 3,00 Meter', '1', '10.00', 'y', '2017-03-24 13:46:39', 'developer', '2017-03-24 13:46:39', null, '0');
INSERT INTO `m_barang` VALUES ('467', '3', 'TS3035', '', 'Trimdeck SOTHO 0,30 TCT x 3,50 Meter', '1', '10.00', 'y', '2017-03-24 13:47:07', 'developer', '2017-03-24 13:47:07', null, '0');
INSERT INTO `m_barang` VALUES ('468', '3', 'TS4025', '', 'Trimdeck SOTHO 0,40 TCT x 2,50 Meter', '1', '10.00', 'y', '2017-03-24 13:47:09', 'developer', '2017-03-24 13:47:09', null, '0');
INSERT INTO `m_barang` VALUES ('469', '3', 'TSB2520', '', 'Trimdeck SOTHO BIRU 0,25 TCT x 2,00 Meter', '1', '10.00', 'y', '2017-03-24 13:47:12', 'developer', '2017-03-24 13:47:12', null, '0');
INSERT INTO `m_barang` VALUES ('470', '3', 'TS3040', '', 'Trimdeck SOTHO 0,30 TCT x 4,00 Meter', '1', '10.00', 'y', '2017-03-24 13:47:36', 'developer', '2017-03-24 13:47:36', null, '0');
INSERT INTO `m_barang` VALUES ('471', '3', 'TS4030', '', 'Trimdeck SOTHO 0,40 TCT x 3,00 Meter', '1', '10.00', 'y', '2017-03-24 13:47:46', 'developer', '2017-03-24 13:47:46', null, '0');
INSERT INTO `m_barang` VALUES ('472', '3', 'TSB2525', '', 'Trimdeck SOTHO BIRU 0,25 TCT x 2,50 Meter', '1', '10.00', 'y', '2017-03-24 13:47:47', 'developer', '2017-03-24 13:47:47', null, '0');
INSERT INTO `m_barang` VALUES ('473', '3', 'TS3045', '', 'Trimdeck SOTHO 0,30 TCT x 4,50 Meter', '1', '10.00', 'y', '2017-03-24 13:48:02', 'developer', '2017-03-24 13:48:02', null, '0');
INSERT INTO `m_barang` VALUES ('474', '3', 'TSB2530', '', 'Trimdeck SOTHO BIRU 0,25 TCT x 3,00 Meter', '1', '10.00', 'y', '2017-03-24 13:48:20', 'developer', '2017-03-24 13:48:20', null, '0');
INSERT INTO `m_barang` VALUES ('475', '3', 'TS4035', '', 'Trimdeck SOTHO 0,40 TCT x 3,50 Meter', '1', '10.00', 'y', '2017-03-24 13:48:32', 'developer', '2017-03-24 13:48:32', null, '0');
INSERT INTO `m_barang` VALUES ('476', '3', 'TS3050', '', 'Trimdeck SOTHO 0,30 TCT x 5,00 Meter', '1', '10.00', 'y', '2017-03-24 13:48:32', 'developer', '2017-03-24 13:48:32', null, '0');
INSERT INTO `m_barang` VALUES ('477', '3', 'TSB2535', '', 'Trimdeck SOTHO BIRU 0,25 TCT x 3,50 Meter', '1', '10.00', 'y', '2017-03-24 13:48:52', 'developer', '2017-03-24 13:48:52', null, '0');
INSERT INTO `m_barang` VALUES ('478', '3', 'TS3055', '', 'Trimdeck SOTHO 0,30 TCT x 5,50 Meter', '1', '10.00', 'y', '2017-03-24 13:49:01', 'developer', '2017-03-24 13:49:01', null, '0');
INSERT INTO `m_barang` VALUES ('479', '3', 'TSB2540', '', 'Trimdeck SOTHO BIRU 0,25 TCT x 4,00 Meter', '1', '10.00', 'y', '2017-03-24 13:49:26', 'developer', '2017-03-24 13:49:26', null, '0');
INSERT INTO `m_barang` VALUES ('480', '3', 'TS3060', '', 'Trimdeck SOTHO 0,30 TCT x 6,00 Meter', '1', '10.00', 'y', '2017-03-24 13:49:33', 'developer', '2017-03-24 13:49:33', null, '0');
INSERT INTO `m_barang` VALUES ('481', '3', 'TS4040', '', 'Trimdeck SOTHO 0,40 TCT x 4,00 Meter', '1', '10.00', 'y', '2017-03-24 13:49:39', 'developer', '2017-03-24 13:49:39', null, '0');
INSERT INTO `m_barang` VALUES ('482', '3', 'TSB2545', '', 'Trimdeck SOTHO BIRU 0,25 TCT x 4,50 Meter', '1', '10.00', 'y', '2017-03-24 13:49:57', 'developer', '2017-03-24 13:49:57', null, '0');
INSERT INTO `m_barang` VALUES ('483', '3', 'TSG3510', '', 'Trimdeck SOTHO GREY 0,35 TCT x 1,00 Meter', '1', '10.00', 'y', '2017-03-24 13:50:19', 'developer', '2017-03-24 13:50:19', null, '0');
INSERT INTO `m_barang` VALUES ('484', '3', 'TS4045', '', 'Trimdeck SOTHO 0,40 TCT x 4,50 Meter', '1', '10.00', 'y', '2017-03-24 13:50:20', 'developer', '2017-03-24 13:50:20', null, '0');
INSERT INTO `m_barang` VALUES ('485', '3', 'TSB2550', '', 'Trimdeck SOTHO BIRU 0,25 TCT x 5,00 Meter', '1', '10.00', 'y', '2017-03-24 13:50:38', 'developer', '2017-03-24 13:50:38', null, '0');
INSERT INTO `m_barang` VALUES ('486', '3', 'TSG3515', '', 'Trimdeck SOTHO GREY 0,35 TCT x 1,50 Meter', '1', '10.00', 'y', '2017-03-24 13:50:49', 'developer', '2017-03-24 13:50:49', null, '0');
INSERT INTO `m_barang` VALUES ('487', '3', 'TSB2555', '', 'Trimdeck SOTHO BIRU 0,25 TCT x 5,50 Meter', '1', '10.00', 'y', '2017-03-24 13:51:17', 'developer', '2017-03-24 13:51:17', null, '0');
INSERT INTO `m_barang` VALUES ('488', '3', 'TSB2560', '', 'Trimdeck SOTHO BIRU 0,25 TCT x 6,00 Meter', '1', '10.00', 'y', '2017-03-24 13:51:51', 'developer', '2017-03-24 13:51:51', null, '0');
INSERT INTO `m_barang` VALUES ('489', '3', 'TS4050', '', 'Trimdeck SOTHO 0,40 TCT x 5,00 Meter', '1', '10.00', 'y', '2017-03-24 13:52:29', 'developer', '2017-03-24 13:52:29', null, '0');
INSERT INTO `m_barang` VALUES ('490', '3', 'TS4050', '', 'Trimdeck SOTHO 0,40 TCT x 5,00 Meter', '1', '10.00', 'y', '2017-03-24 13:52:29', 'developer', '2017-03-24 13:52:29', null, '0');
INSERT INTO `m_barang` VALUES ('491', '3', 'TSG4010', '', 'Trimdeck SOTHO GREY 0,40 TCT x 1,00 Meter', '1', '10.00', 'y', '2017-03-24 13:52:34', 'developer', '2017-03-24 13:52:34', null, '0');
INSERT INTO `m_barang` VALUES ('492', '3', 'TS4055', '', 'Trimdeck SOTHO 0,40 TCT x 5,50 Meter', '1', '10.00', 'y', '2017-03-24 13:53:05', 'developer', '2017-03-24 13:53:05', null, '0');
INSERT INTO `m_barang` VALUES ('493', '3', 'TSG4015', '', 'Trimdeck SOTHO GREY 0,40 TCT x 1,50 Meter', '1', '10.00', 'y', '2017-03-24 13:53:09', 'developer', '2017-03-24 13:53:09', null, '0');
INSERT INTO `m_barang` VALUES ('494', '3', 'TSG4020', '', 'Trimdeck SOTHO GREY 0,40 TCT x 2,00 Meter', '1', '10.00', 'y', '2017-03-24 13:53:39', 'developer', '2017-03-24 13:53:39', null, '0');
INSERT INTO `m_barang` VALUES ('495', '3', 'TS4060', '', 'Trimdeck SOTHO 0,40 TCT x 6,00 Meter', '1', '10.00', 'y', '2017-03-24 13:53:41', 'developer', '2017-03-24 13:53:41', null, '0');
INSERT INTO `m_barang` VALUES ('496', '3', 'TSG4025', '', 'Trimdeck SOTHO GREY 0,40 TCT x 2,50 Meter', '1', '10.00', 'y', '2017-03-24 13:54:08', 'developer', '2017-03-24 13:54:08', null, '0');
INSERT INTO `m_barang` VALUES ('497', '3', 'TSG4030', '', 'Trimdeck SOTHO GREY 0,40 TCT x 3,00 Meter', '1', '10.00', 'y', '2017-03-24 13:54:40', 'developer', '2017-03-24 13:54:40', null, '0');
INSERT INTO `m_barang` VALUES ('498', '3', 'TSG3520', '', 'Trimdeck SOTHO GREY 0,35 TCT x 2,00 Meter', '1', '10.00', 'y', '2017-03-24 13:55:04', 'developer', '2017-03-24 13:55:04', null, '0');
INSERT INTO `m_barang` VALUES ('499', '3', 'TSG4035', '', 'Trimdeck SOTHO GREY 0,40 TCT x 3,50 Meter', '1', '10.00', 'y', '2017-03-24 13:55:12', 'developer', '2017-03-24 13:55:12', null, '0');
INSERT INTO `m_barang` VALUES ('500', '3', 'TSG3525', '', 'Trimdeck SOTHO GREY 0,35 TCT x 2,50 Meter', '1', '10.00', 'y', '2017-03-24 13:55:31', 'developer', '2017-03-24 13:55:31', null, '0');
INSERT INTO `m_barang` VALUES ('501', '3', 'HS24AAV', '', 'Hollow SOTHO 2 x 4 AA AVALAN', '5', '10.00', 'y', '2017-03-24 13:55:37', 'developer', '2017-03-24 13:55:37', null, '0');
INSERT INTO `m_barang` VALUES ('502', '3', 'HS24AAV', '', 'Hollow SOTHO 2 x 4 AA AVALAN', '5', '10.00', 'y', '2017-03-24 13:55:37', 'developer', '2017-03-24 13:55:37', null, '0');
INSERT INTO `m_barang` VALUES ('503', '3', 'TSG4040', '', 'Trimdeck SOTHO GREY 0,40 TCT x 4,00 Meter', '1', '10.00', 'y', '2017-03-24 13:55:47', 'developer', '2017-03-24 13:55:47', null, '0');
INSERT INTO `m_barang` VALUES ('504', '3', 'TSG3530', '', 'Trimdeck SOTHO GREY 0,35 TCT x 3,00 Meter', '1', '10.00', 'y', '2017-03-24 13:56:09', 'developer', '2017-03-24 13:56:09', null, '0');
INSERT INTO `m_barang` VALUES ('505', '3', 'TSG4045', '', 'Trimdeck SOTHO GREY 0,40 TCT x 4,50 Meter', '1', '10.00', 'y', '2017-03-24 13:56:21', 'developer', '2017-03-24 13:56:21', null, '0');
INSERT INTO `m_barang` VALUES ('506', '3', 'HS24ABV', '', 'Hollow SOTHO 2 x 4 AB AVALAN', '5', '10.00', 'y', '2017-03-24 13:56:34', 'developer', '2017-03-24 13:56:34', null, '0');
INSERT INTO `m_barang` VALUES ('507', '3', 'TSG4050', '', 'Trimdeck SOTHO GREY 0,40 TCT x 5,00 Meter', '1', '10.00', 'y', '2017-03-24 13:56:53', 'developer', '2017-03-24 13:56:53', null, '0');
INSERT INTO `m_barang` VALUES ('508', '3', 'H24V', '', 'Hollow 2 x 4 Bintang AVALAN', '5', '10.00', 'y', '2017-03-24 13:57:16', 'developer', '2017-03-24 13:57:16', null, '0');
INSERT INTO `m_barang` VALUES ('509', '3', 'TSG3535', '', 'Trimdeck SOTHO GREY 0,35 TCT x 3,50 Meter', '1', '10.00', 'y', '2017-03-24 13:57:23', 'developer', '2017-03-24 13:57:23', null, '0');
INSERT INTO `m_barang` VALUES ('510', '3', 'TSG4055', '', 'Trimdeck SOTHO GREY 0,40 TCT x 5,50 Meter', '1', '10.00', 'y', '2017-03-24 13:57:26', 'developer', '2017-03-24 13:57:26', null, '0');
INSERT INTO `m_barang` VALUES ('511', '3', 'TSG4060', '', 'Trimdeck SOTHO GREY 0,40 TCT x 6,00 Meter', '1', '10.00', 'y', '2017-03-24 13:57:56', 'developer', '2017-03-24 13:57:56', null, '0');
INSERT INTO `m_barang` VALUES ('512', '3', 'H44V', '', 'Hollow 4 x 4 AVALAN', '5', '10.00', 'y', '2017-03-24 13:58:06', 'developer', '2017-03-24 13:58:06', null, '0');
INSERT INTO `m_barang` VALUES ('513', '3', 'TSG3540', '', 'Trimdeck SOTHO GREY 0,35 TCT x 4,00 Meter', '1', '10.00', 'y', '2017-03-24 13:58:13', 'developer', '2017-03-24 13:58:13', null, '0');
INSERT INTO `m_barang` VALUES ('514', '3', 'TSG3545', '', 'Trimdeck SOTHO GREY 0,35 TCT x 4,50 Meter', '1', '10.00', 'y', '2017-03-24 13:58:45', 'developer', '2017-03-24 13:58:45', null, '0');
INSERT INTO `m_barang` VALUES ('515', '3', 'RS45AAV', '', 'Reng SOTHO 0,45 AA AVALAN', '5', '10.00', 'y', '2017-03-24 13:59:04', 'developer', '2017-03-24 13:59:04', null, '0');
INSERT INTO `m_barang` VALUES ('516', '3', 'TSG3550', '', 'Trimdeck SOTHO GREY 0,35 TCT x 5,00 Meter', '1', '10.00', 'y', '2017-03-24 13:59:12', 'developer', '2017-03-24 13:59:12', null, '0');
INSERT INTO `m_barang` VALUES ('517', '3', 'KS7C60V', '', 'Kanal SOTHO C 75 - 0,60 AVALAN', '5', '10.00', 'y', '2017-03-24 13:59:16', 'developer', '2017-03-24 13:59:16', null, '0');
INSERT INTO `m_barang` VALUES ('518', '3', 'KS8C60V', '', 'Kanal SOTHO C 80 - 0,60 AVALAN', '5', '10.00', 'y', '2017-03-24 13:59:56', 'developer', '2017-03-24 13:59:56', null, '0');
INSERT INTO `m_barang` VALUES ('519', '3', 'KS7C75V', '', 'Kanal SOTHO C 75 - 0,75 AVALAN', '5', '10.00', 'y', '2017-03-24 14:00:29', 'developer', '2017-03-24 14:00:29', null, '0');
INSERT INTO `m_barang` VALUES ('520', '3', 'KS8C75V', '', 'Kanal SOTHO C 80 - 0,75 AVALAN', '5', '10.00', 'y', '2017-03-24 14:01:00', 'developer', '2017-03-24 14:01:00', null, '0');
INSERT INTO `m_barang` VALUES ('521', '3', 'KS7C75EV', '', 'Kanal SOTHO C 75 - 0,75 ECO AVALAN', '5', '10.00', 'y', '2017-03-24 14:01:39', 'developer', '2017-03-24 14:01:39', null, '0');
INSERT INTO `m_barang` VALUES ('522', '3', 'KS8C75EV', '', 'Kanal SOTHO C 80 - 0,75 ECO AVALAN', '5', '10.00', 'y', '2017-03-24 14:02:10', 'developer', '2017-03-24 14:02:10', null, '0');
INSERT INTO `m_barang` VALUES ('523', '3', 'TS2510V', '', 'Trimdeck SOTHO 0,25 TCT x 1,00 Meter AVALAN', '5', '10.00', 'y', '2017-03-24 14:07:53', 'developer', '2017-03-24 14:07:53', null, '0');
INSERT INTO `m_barang` VALUES ('524', '3', 'TS2515V', '', 'Trimdeck SOTHO 0,25 TCT x 1,50 Meter AVALAN', '1', '10.00', 'y', '2017-03-24 14:08:32', 'developer', '2017-03-24 14:08:32', null, '0');
INSERT INTO `m_barang` VALUES ('525', '3', 'TSG3555', '', 'Trimdeck SOTHO GREY 0,35 TCT x 5,50 Meter', '1', '10.00', 'y', '2017-03-24 14:09:16', 'developer', '2017-03-24 14:09:16', null, '0');
INSERT INTO `m_barang` VALUES ('526', '3', 'TS2520V', '', 'Trimdeck SOTHO 0,25 TCT x 2,00 Meter AVALAN', '1', '10.00', 'y', '2017-03-24 14:09:28', 'developer', '2017-03-24 14:09:28', null, '0');
INSERT INTO `m_barang` VALUES ('527', '3', 'TSG3560', '', 'Trimdeck SOTHO GREY 0,35 TCT x 6,00 Meter', '1', '10.00', 'y', '2017-03-24 14:09:43', 'developer', '2017-03-24 14:09:43', null, '0');
INSERT INTO `m_barang` VALUES ('528', '3', 'TS2525V', '', 'Trimdeck SOTHO 0,25 TCT x 2,50 Meter AVALAN', '1', '10.00', 'y', '2017-03-24 14:10:09', 'developer', '2017-03-24 14:10:09', null, '0');
INSERT INTO `m_barang` VALUES ('529', '3', 'TSG4010', '', 'Trimdeck SOTHO GREY 0,40 TCT x 1,00 Meter', '1', '10.00', 'y', '2017-03-24 14:10:24', 'developer', '2017-03-24 14:10:24', null, '0');
INSERT INTO `m_barang` VALUES ('530', '3', 'TS2530V', '', 'Trimdeck SOTHO 0,25 TCT x 3,00 Meter AVALAN', '1', '10.00', 'y', '2017-03-24 14:10:45', 'developer', '2017-03-24 14:10:45', null, '0');
INSERT INTO `m_barang` VALUES ('531', '3', 'RS45ABV', '', 'Reng SOTHO 0,45 AB AVALAN', '5', '10.00', 'y', '2017-03-24 14:10:49', 'developer', '2017-03-24 14:10:49', null, '0');
INSERT INTO `m_barang` VALUES ('532', '3', 'TS2535V', '', 'Trimdeck SOTHO 0,25 TCT x 3,50 Meter AVALAN', '1', '10.00', 'y', '2017-03-24 14:11:14', 'developer', '2017-03-24 14:11:14', null, '0');
INSERT INTO `m_barang` VALUES ('533', '3', 'WAS025V', '', 'Wall Angle 0,25 SOTHO AVALAN', '5', '10.00', 'y', '2017-03-24 14:11:25', 'developer', '2017-03-24 14:11:25', null, '0');
INSERT INTO `m_barang` VALUES ('534', '3', 'TS2540V ', '', 'Trimdeck SOTHO 0,25 TCT x 4,00 Meter AVALAN', '1', '10.00', 'y', '2017-03-24 14:11:43', 'developer', '2017-03-24 14:11:43', null, '0');
INSERT INTO `m_barang` VALUES ('535', '3', 'TS2545V', '', 'Trimdeck SOTHO 0,25 TCT x 4,50 Meter AVALAN', '1', '10.00', 'y', '2017-03-24 14:12:15', 'developer', '2017-03-24 14:12:15', null, '0');
INSERT INTO `m_barang` VALUES ('536', '3', 'TS2550V', '', 'Trimdeck SOTHO 0,25 TCT x 5,00 Meter AVALAN', '1', '10.00', 'y', '2017-03-24 14:12:47', 'developer', '2017-03-24 14:12:47', null, '0');
INSERT INTO `m_barang` VALUES ('537', '3', 'TS2555V', '', 'Trimdeck SOTHO 0,25 TCT x 5,50 Meter AVALAN', '1', '10.00', 'y', '2017-03-24 14:13:16', 'developer', '2017-03-24 14:13:16', null, '0');
INSERT INTO `m_barang` VALUES ('538', '3', 'TS2560V', '', 'Trimdeck SOTHO 0,25 TCT x 6,00 Meter AVALAN', '1', '10.00', 'y', '2017-03-24 14:13:48', 'developer', '2017-03-24 14:13:48', null, '0');
INSERT INTO `m_barang` VALUES ('539', '3', 'TS4010V', '', 'Trimdeck SOTHO 0,40 TCT x 1,00 Meter AVALAN', '1', '10.00', 'y', '2017-03-24 14:18:44', 'developer', '2017-03-24 14:18:44', null, '0');
INSERT INTO `m_barang` VALUES ('540', '3', 'TS4015V', '', 'Trimdeck SOTHO 0,40 TCT x 1,50 Meter AVALAN', '1', '10.00', 'y', '2017-03-24 14:19:11', 'developer', '2017-03-24 14:19:11', null, '0');
INSERT INTO `m_barang` VALUES ('541', '3', 'TS4020V', '', 'Trimdeck SOTHO 0,40 TCT x 2,00 Meter AVALAN', '1', '10.00', 'y', '2017-03-24 14:20:40', 'developer', '2017-03-24 14:20:40', null, '0');
INSERT INTO `m_barang` VALUES ('542', '3', 'TS4025V', '', 'Trimdeck SOTHO 0,40 TCT x 2,50 Meter AVALAN', '1', '10.00', 'y', '2017-03-24 14:21:14', 'developer', '2017-03-24 14:21:14', null, '0');
INSERT INTO `m_barang` VALUES ('543', '3', 'TS3510V', '', 'Trimdeck SOTHO 0,35 TCT x 1,00 Meter AVALAN', '1', '10.00', 'y', '2017-03-24 14:21:25', 'developer', '2017-03-24 14:21:25', null, '0');
INSERT INTO `m_barang` VALUES ('544', '3', 'TS3010V', '', 'Trimdeck SOTHO 0,30 TCT x 1,00 Meter AVALAN', '1', '10.00', 'y', '2017-03-24 14:21:27', 'developer', '2017-03-24 14:21:27', null, '0');
INSERT INTO `m_barang` VALUES ('545', '3', 'TS3510V', '', 'Trimdeck SOTHO 0,35 TCT x 1,00 Meter AVALAN', '1', '10.00', 'y', '2017-03-24 14:21:31', 'developer', '2017-03-24 14:21:31', null, '0');
INSERT INTO `m_barang` VALUES ('546', '3', 'TS4030V', '', 'Trimdeck SOTHO 0,40 TCT x 3,00 Meter AVALAN', '1', '10.00', 'y', '2017-03-24 14:21:50', 'developer', '2017-03-24 14:21:50', null, '0');
INSERT INTO `m_barang` VALUES ('547', '3', 'TS3015V', '', 'Trimdeck SOTHO 0,30 TCT x 1,50 Meter AVALAN', '1', '10.00', 'y', '2017-03-24 14:22:11', 'developer', '2017-03-24 14:22:11', null, '0');
INSERT INTO `m_barang` VALUES ('548', '3', 'TS3515V', '', 'Trimdeck SOTHO 0,35 TCT x 1,50 Meter AVALAN', '1', '10.00', 'y', '2017-03-24 14:22:20', 'developer', '2017-03-24 14:22:20', null, '0');
INSERT INTO `m_barang` VALUES ('549', '3', 'TS4035V', '', 'Trimdeck SOTHO 0,40 TCT x 3,50 Meter AVALAN', '1', '10.00', 'y', '2017-03-24 14:22:22', 'developer', '2017-03-24 14:22:22', null, '0');
INSERT INTO `m_barang` VALUES ('550', '3', 'TS3020V', '', 'Trimdeck SOTHO 0,30 TCT x 2,00 Meter AVALAN', '1', '10.00', 'y', '2017-03-24 14:22:43', 'developer', '2017-03-24 14:22:43', null, '0');
INSERT INTO `m_barang` VALUES ('551', '3', 'TS4040V', '', 'Trimdeck SOTHO 0,40 TCT x 4,00 Meter AVALAN', '1', '10.00', 'y', '2017-03-24 14:22:54', 'developer', '2017-03-24 14:22:54', null, '0');
INSERT INTO `m_barang` VALUES ('552', '3', 'TS3520V', '', 'Trimdeck SOTHO 0,35 TCT x 2,00 Meter AVALAN', '1', '10.00', 'y', '2017-03-24 14:23:11', 'developer', '2017-03-24 14:23:11', null, '0');
INSERT INTO `m_barang` VALUES ('553', '3', 'TS3025V', '', 'Trimdeck SOTHO 0,30 TCT x 2,50 Meter AVALAN', '1', '10.00', 'y', '2017-03-24 14:23:13', 'developer', '2017-03-24 14:23:13', null, '0');
INSERT INTO `m_barang` VALUES ('554', '3', 'TS4045V', '', 'Trimdeck SOTHO 0,40 TCT x 4,50 Meter AVALAN', '1', '10.00', 'y', '2017-03-24 14:23:46', 'developer', '2017-03-24 14:23:46', null, '0');
INSERT INTO `m_barang` VALUES ('555', '3', 'TS3525V', '', 'Trimdeck SOTHO 0,35 TCT x 2,50 Meter AVALAN', '1', '10.00', 'y', '2017-03-24 14:23:52', 'developer', '2017-03-24 14:23:52', null, '0');
INSERT INTO `m_barang` VALUES ('556', '3', 'TS3030V', '', 'Trimdeck SOTHO 0,30 TCT x 3,00 Meter AVALAN', '1', '10.00', 'y', '2017-03-24 14:23:53', 'developer', '2017-03-24 14:23:53', null, '0');
INSERT INTO `m_barang` VALUES ('557', '3', 'TS3530V', '', 'Trimdeck SOTHO 0,35 TCT x 3,00 Meter AVALAN', '1', '10.00', 'y', '2017-03-24 14:24:18', 'developer', '2017-03-24 14:24:18', null, '0');
INSERT INTO `m_barang` VALUES ('558', '3', 'TS4050V', '', 'Trimdeck SOTHO 0,40 TCT x 5,00 Meter AVALAN', '1', '10.00', 'y', '2017-03-24 14:24:25', 'developer', '2017-03-24 14:24:25', null, '0');
INSERT INTO `m_barang` VALUES ('559', '3', 'TS3035V', '', 'Trimdeck SOTHO 0,30 TCT x 3,50 Meter AVALAN', '1', '10.00', 'y', '2017-03-24 14:24:34', 'developer', '2017-03-24 14:24:34', null, '0');
INSERT INTO `m_barang` VALUES ('560', '3', 'TS4055V', '', 'Trimdeck SOTHO 0,40 TCT x 5,50 Meter AVALAN', '1', '10.00', 'y', '2017-03-24 14:24:57', 'developer', '2017-03-24 14:24:57', null, '0');
INSERT INTO `m_barang` VALUES ('561', '3', 'TS3535V', '', 'Trimdeck SOTHO 0,35 TCT x 3,50 Meter AVALAN', '1', '10.00', 'y', '2017-03-24 14:25:09', 'developer', '2017-03-24 14:25:09', null, '0');
INSERT INTO `m_barang` VALUES ('562', '3', 'TS4060V', '', 'Trimdeck SOTHO 0,40 TCT x 6,00 Meter AVALAN', '1', '10.00', 'y', '2017-03-24 14:25:25', 'developer', '2017-03-24 14:25:25', null, '0');
INSERT INTO `m_barang` VALUES ('563', '3', 'TS3040V', '', 'Trimdeck SOTHO 0,30 TCT x 4,00 Meter AVALAN', '1', '10.00', 'y', '2017-03-24 14:25:28', 'developer', '2017-03-24 14:25:28', null, '0');
INSERT INTO `m_barang` VALUES ('564', '3', 'TS3540V', '', 'Trimdeck SOTHO 0,35 TCT x 4,00 Meter AVALAN', '1', '10.00', 'y', '2017-03-24 14:25:40', 'developer', '2017-03-24 14:25:40', null, '0');
INSERT INTO `m_barang` VALUES ('565', '3', 'TS3545V', '', 'Trimdeck SOTHO 0,35 TCT x 4,50 Meter AVALAN', '1', '10.00', 'y', '2017-03-24 14:26:18', 'developer', '2017-03-24 14:26:18', null, '0');
INSERT INTO `m_barang` VALUES ('566', '3', 'TSB2510V', '', 'Trimdeck SOTHO BIRU 0,25 TCT x 1,00 Meter AVALAN', '1', '10.00', 'y', '2017-03-24 14:26:35', 'developer', '2017-03-24 14:26:35', null, '0');
INSERT INTO `m_barang` VALUES ('567', '3', 'TS3045V', '', 'Trimdeck SOTHO 0,30 TCT x 4,50 Meter AVALAN', '1', '10.00', 'y', '2017-03-24 14:26:37', 'developer', '2017-03-24 14:26:37', null, '0');
INSERT INTO `m_barang` VALUES ('568', '3', 'TS3550V', '', 'Trimdeck SOTHO 0,35 TCT x 5,00 Meter AVALAN', '1', '10.00', 'y', '2017-03-24 14:26:44', 'developer', '2017-03-24 14:26:44', null, '0');
INSERT INTO `m_barang` VALUES ('569', '3', 'TS3050V', '', 'Trimdeck SOTHO 0,30 TCT x 5,00 Meter AVALAN', '1', '10.00', 'y', '2017-03-24 14:27:07', 'developer', '2017-03-24 14:27:07', null, '0');
INSERT INTO `m_barang` VALUES ('570', '3', 'TS3050V', '', 'Trimdeck SOTHO 0,30 TCT x 5,00 Meter AVALAN', '1', '10.00', 'y', '2017-03-24 14:27:11', 'developer', '2017-03-24 14:27:11', null, '0');
INSERT INTO `m_barang` VALUES ('571', '3', 'TS3555V', '', 'Trimdeck SOTHO 0,35 TCT x 5,50 Meter AVALAN', '1', '10.00', 'y', '2017-03-24 14:27:13', 'developer', '2017-03-24 14:27:13', null, '0');
INSERT INTO `m_barang` VALUES ('572', '3', 'TSB2515V', '', 'Trimdeck SOTHO BIRU 0,25 TCT x 1,50 Meter AVALAN', '1', '10.00', 'y', '2017-03-24 14:27:13', 'developer', '2017-03-24 14:27:13', null, '0');
INSERT INTO `m_barang` VALUES ('573', '3', 'TS3055V', '', 'Trimdeck SOTHO 0,30 TCT x 5,50 Meter AVALAN', '1', '10.00', 'y', '2017-03-24 14:27:42', 'developer', '2017-03-24 14:27:42', null, '0');
INSERT INTO `m_barang` VALUES ('574', '3', 'TSB2520V', '', 'Trimdeck SOTHO BIRU 0,25 TCT x 2,00 Meter AVALAN', '1', '10.00', 'y', '2017-03-24 14:27:44', 'developer', '2017-03-24 14:27:44', null, '0');
INSERT INTO `m_barang` VALUES ('575', '3', 'TS3560V', '', 'Trimdeck SOTHO 0,35 TCT x 6,00 Meter AVALAN', '1', '10.00', 'y', '2017-03-24 14:27:50', 'developer', '2017-03-24 14:27:50', null, '0');
INSERT INTO `m_barang` VALUES ('576', '3', 'TSB2525V', '', 'Trimdeck SOTHO BIRU 0,25 TCT x 2,50 Meter AVALAN', '1', '10.00', 'y', '2017-03-24 14:28:12', 'developer', '2017-03-24 14:28:12', null, '0');
INSERT INTO `m_barang` VALUES ('577', '3', 'TS3060V', '', 'Trimdeck SOTHO 0,30 TCT x 6,00 Meter AVALAN', '1', '10.00', 'y', '2017-03-24 14:28:24', 'developer', '2017-03-24 14:28:24', null, '0');
INSERT INTO `m_barang` VALUES ('578', '3', 'TSB2530V', '', 'Trimdeck SOTHO BIRU 0,25 TCT x 3,00 Meter AVALAN', '1', '10.00', 'y', '2017-03-24 14:28:47', 'developer', '2017-03-24 14:28:47', null, '0');
INSERT INTO `m_barang` VALUES ('579', '3', 'TSB2535V', '', 'Trimdeck SOTHO BIRU 0,25 TCT x 3,50 Meter AVALAN', '1', '10.00', 'y', '2017-03-24 14:29:16', 'developer', '2017-03-24 14:29:16', null, '0');
INSERT INTO `m_barang` VALUES ('580', '3', 'TSG3510V', '', 'Trimdeck SOTHO GREY 0,35 TCT x 1,00 Meter AVALAN', '1', '10.00', 'y', '2017-03-24 14:29:39', 'developer', '2017-03-24 14:29:39', null, '0');
INSERT INTO `m_barang` VALUES ('581', '3', 'TSG4010V', '', 'Trimdeck SOTHO GREY 0,40 TCT x 1,00 Meter AVALAN', '1', '10.00', 'y', '2017-03-24 14:30:10', 'developer', '2017-03-24 14:30:10', null, '0');
INSERT INTO `m_barang` VALUES ('582', '3', 'TSG3515V', '', 'Trimdeck SOTHO GREY 0,35 TCT x 1,50 Meter AVALAN', '1', '10.00', 'y', '2017-03-24 14:30:51', 'developer', '2017-03-24 14:30:51', null, '0');
INSERT INTO `m_barang` VALUES ('583', '3', 'TSG4015V', '', 'Trimdeck SOTHO GREY 0,40 TCT x 1,50 Meter AVALAN', '1', '10.00', 'y', '2017-03-24 14:30:52', 'developer', '2017-03-24 14:30:52', null, '0');
INSERT INTO `m_barang` VALUES ('584', '3', 'TSB2540V', '', 'Trimdeck SOTHO BIRU 0,25 TCT x 4,00 Meter AVALAN', '1', '10.00', 'y', '2017-03-24 14:30:58', 'developer', '2017-03-24 14:30:58', null, '0');
INSERT INTO `m_barang` VALUES ('585', '3', 'TSG3520V', '', 'Trimdeck SOTHO GREY 0,35 TCT x 2,00 Meter AVALAN', '1', '10.00', 'y', '2017-03-24 14:31:32', 'developer', '2017-03-24 14:31:32', null, '0');
INSERT INTO `m_barang` VALUES ('586', '3', 'TSB2545V', '', 'Trimdeck SOTHO BIRU 0,25 TCT x 4,50 Meter AVALAN', '1', '10.00', 'y', '2017-03-24 14:31:33', 'developer', '2017-03-24 14:31:33', null, '0');
INSERT INTO `m_barang` VALUES ('587', '3', 'TSG4020V', '', 'Trimdeck SOTHO GREY 0,40 TCT x 2,00 Meter AVALAN', '1', '10.00', 'y', '2017-03-24 14:31:46', 'developer', '2017-03-24 14:31:46', null, '0');
INSERT INTO `m_barang` VALUES ('588', '3', 'TSG3525V', '', 'Trimdeck SOTHO GREY 0,35 TCT x 2,50 Meter AVALAN', '1', '10.00', 'y', '2017-03-24 14:32:01', 'developer', '2017-03-24 14:32:01', null, '0');
INSERT INTO `m_barang` VALUES ('589', '3', 'TSB2550V', '', 'Trimdeck SOTHO BIRU 0,25 TCT x 5,00 Meter AVALAN', '1', '10.00', 'y', '2017-03-24 14:32:09', 'developer', '2017-03-24 14:32:09', null, '0');
INSERT INTO `m_barang` VALUES ('590', '3', 'TSG4025V', '', 'Trimdeck SOTHO GREY 0,40 TCT x 2,50 Meter AVALAN', '1', '10.00', 'y', '2017-03-24 14:32:18', 'developer', '2017-03-24 14:32:18', null, '0');
INSERT INTO `m_barang` VALUES ('591', '3', 'TSG3530V', '', 'Trimdeck SOTHO GREY 0,35 TCT x 3,00 Meter AVALAN', '1', '10.00', 'y', '2017-03-24 14:32:39', 'developer', '2017-03-24 14:32:39', null, '0');
INSERT INTO `m_barang` VALUES ('592', '3', 'TSB2555V', '', 'Trimdeck SOTHO BIRU 0,25 TCT x 5,50 Meter AVALAN', '1', '10.00', 'y', '2017-03-24 14:32:53', 'developer', '2017-03-24 14:32:53', null, '0');
INSERT INTO `m_barang` VALUES ('593', '3', 'TSG4030V', '', 'Trimdeck SOTHO GREY 0,40 TCT x 3,00 Meter AVALAN', '1', '10.00', 'y', '2017-03-24 14:33:02', 'developer', '2017-03-24 14:33:02', null, '0');
INSERT INTO `m_barang` VALUES ('594', '3', 'TSG3535V', '', 'Trimdeck SOTHO GREY 0,35 TCT x 3,50 Meter AVALAN', '1', '10.00', 'y', '2017-03-24 14:33:15', 'developer', '2017-03-24 14:33:15', null, '0');
INSERT INTO `m_barang` VALUES ('595', '3', 'TSB2560V', '', 'Trimdeck SOTHO BIRU 0,25 TCT x 6,00 Meter AVALAN', '1', '10.00', 'y', '2017-03-24 14:33:37', 'developer', '2017-03-24 14:33:37', null, '0');
INSERT INTO `m_barang` VALUES ('596', '3', 'TSG4035V', '', 'Trimdeck SOTHO GREY 0,40 TCT x 3,50 Meter AVALAN', '1', '10.00', 'y', '2017-03-24 14:33:38', 'developer', '2017-03-24 14:33:38', null, '0');
INSERT INTO `m_barang` VALUES ('597', '3', 'TSG3540V', '', 'Trimdeck SOTHO GREY 0,35 TCT x 4,00 Meter AVALAN', '1', '10.00', 'y', '2017-03-24 14:33:50', 'developer', '2017-03-24 14:33:50', null, '0');
INSERT INTO `m_barang` VALUES ('598', '3', 'TSG3545V', '', 'Trimdeck SOTHO GREY 0,35 TCT x 4,50 Meter AVALAN', '1', '10.00', 'y', '2017-03-24 14:34:20', 'developer', '2017-03-24 14:34:20', null, '0');
INSERT INTO `m_barang` VALUES ('599', '3', 'TSG4040V', '', 'Trimdeck SOTHO GREY 0,40 TCT x 4,00 Meter AVALAN', '1', '10.00', 'y', '2017-03-24 14:34:21', 'developer', '2017-03-24 14:34:21', null, '0');
INSERT INTO `m_barang` VALUES ('600', '3', 'TSG3550V', '', 'Trimdeck SOTHO GREY 0,35 TCT x 5,00 Meter AVALAN', '1', '10.00', 'y', '2017-03-24 14:34:50', 'developer', '2017-03-24 14:34:50', null, '0');
INSERT INTO `m_barang` VALUES ('601', '3', 'TSG4045V', '', 'Trimdeck SOTHO GREY 0,40 TCT x 4,50 Meter AVALAN', '1', '10.00', 'y', '2017-03-24 14:35:07', 'developer', '2017-03-24 14:35:07', null, '0');
INSERT INTO `m_barang` VALUES ('602', '3', 'TSG3555V', '', 'Trimdeck SOTHO GREY 0,35 TCT x 5,50 Meter AVALAN', '1', '10.00', 'y', '2017-03-24 14:35:17', 'developer', '2017-03-24 14:35:17', null, '0');
INSERT INTO `m_barang` VALUES ('603', '3', 'TSG4050V', '', 'Trimdeck SOTHO GREY 0,40 TCT x 5,00 Meter AVALAN', '1', '10.00', 'y', '2017-03-24 14:35:42', 'developer', '2017-03-24 14:35:42', null, '0');
INSERT INTO `m_barang` VALUES ('604', '3', 'TSG3560V', '', 'Trimdeck SOTHO GREY 0,35 TCT x 6,00 Meter AVALAN', '1', '10.00', 'y', '2017-03-24 14:35:46', 'developer', '2017-03-24 14:35:46', null, '0');
INSERT INTO `m_barang` VALUES ('605', '3', 'TSG4055V', '', 'Trimdeck SOTHO GREY 0,40 TCT x 5,50 Meter AVALAN', '1', '10.00', 'y', '2017-03-24 14:36:44', 'developer', '2017-03-24 14:36:44', null, '0');
INSERT INTO `m_barang` VALUES ('606', '3', 'GPMCR', '', 'Genteng Pasir Merah Carita RUSAK', '6', '10.00', 'y', '2017-03-24 14:37:06', 'developer', '2017-03-24 14:37:06', null, '0');
INSERT INTO `m_barang` VALUES ('607', '3', 'TSG4060V', '', 'Trimdeck SOTHO GREY 0,40 TCT x 6,00 Meter AVALAN', '1', '10.00', 'y', '2017-03-24 14:37:13', 'developer', '2017-03-24 14:37:13', null, '0');
INSERT INTO `m_barang` VALUES ('608', '3', 'GPMMR', '', 'Genteng Pasir Merah Merapi RUSAK', '6', '10.00', 'y', '2017-03-24 14:37:36', 'developer', '2017-03-24 14:37:36', null, '0');
INSERT INTO `m_barang` VALUES ('609', '3', 'GPBR', '', 'Genteng Pasir Biru RUSAK', '6', '10.00', 'y', '2017-03-24 14:38:03', 'developer', '2017-03-24 14:38:03', null, '0');
INSERT INTO `m_barang` VALUES ('610', '3', 'NGSMCR', '', 'Nok Genteng SOTHO Merah Carita RUSAK', '6', '10.00', 'y', '2017-03-24 14:38:18', 'developer', '2017-03-24 14:38:18', null, '0');
INSERT INTO `m_barang` VALUES ('611', '3', 'GPHTR', '', 'Genteng Pasir Hitam RUSAK', '6', '10.00', 'y', '2017-03-24 14:38:29', 'developer', '2017-03-24 14:38:29', null, '0');
INSERT INTO `m_barang` VALUES ('612', '3', 'NGMCR', '', 'Nok Genteng Merah Carita RUSAK', '6', '10.00', 'y', '2017-03-24 14:38:53', 'developer', '2017-03-24 14:38:53', null, '0');
INSERT INTO `m_barang` VALUES ('613', '3', 'GPHJR', '', 'Genteng Pasir Hijau RUSAK', '6', '10.00', 'y', '2017-03-24 14:38:59', 'developer', '2017-03-24 14:38:59', null, '0');
INSERT INTO `m_barang` VALUES ('614', '3', 'GPCR', '', 'Genteng Pasir Coklat RUSAK', '6', '10.00', 'y', '2017-03-24 14:39:25', 'developer', '2017-03-24 14:39:25', null, '0');
INSERT INTO `m_barang` VALUES ('615', '3', 'NGSMMR', '', 'Nok Genteng SOTHO Merah Merapi RUSAK', '6', '10.00', 'y', '2017-03-24 14:39:58', 'developer', '2017-03-24 14:39:58', null, '0');
INSERT INTO `m_barang` VALUES ('616', '3', 'GSMCR', '', 'Genteng SOTHO Merah Carita RUSAK', '6', '10.00', 'y', '2017-03-24 14:40:48', 'developer', '2017-03-24 14:40:48', null, '0');
INSERT INTO `m_barang` VALUES ('617', '3', 'NGPMCR', '', 'Nok Genteng Pasir Merah Carita RUSAK', '6', '10.00', 'y', '2017-03-24 14:41:05', 'developer', '2017-03-24 14:41:05', null, '0');
INSERT INTO `m_barang` VALUES ('618', '3', 'GMCR', '', 'Genteng Merah Carita RUSAK', '6', '10.00', 'y', '2017-03-24 14:41:28', 'developer', '2017-03-24 14:41:28', null, '0');
INSERT INTO `m_barang` VALUES ('619', '3', 'NGPMMR', '', 'Nok Genteng Pasir Merah Merapi RUSAK', '6', '10.00', 'y', '2017-03-24 14:41:42', 'developer', '2017-03-24 14:41:42', null, '0');
INSERT INTO `m_barang` VALUES ('620', '3', 'NGMMR', '', 'Nok Genteng Merah Merapi RUSAK', '6', '10.00', 'y', '2017-03-24 14:41:42', 'developer', '2017-03-24 14:41:42', null, '0');
INSERT INTO `m_barang` VALUES ('621', '3', 'NGMMR', '', 'Nok Genteng Merah Merapi RUSAK', '6', '10.00', 'y', '2017-03-24 14:41:45', 'developer', '2017-03-24 14:41:45', null, '0');
INSERT INTO `m_barang` VALUES ('622', '3', 'NGPBR', '', 'Nok Genteng Pasir Biru RUSAK', '6', '10.00', 'y', '2017-03-24 14:42:11', 'developer', '2017-03-24 14:42:11', null, '0');
INSERT INTO `m_barang` VALUES ('623', '3', 'NGSCTR', '', 'Nok Genteng SOTHO Coklat Toraja RUSAK', '6', '10.00', 'y', '2017-03-24 14:42:33', 'developer', '2017-03-24 14:42:33', null, '0');
INSERT INTO `m_barang` VALUES ('624', '3', 'NGPHTR', '', 'Nok Genteng Pasir Hitam RUSAK', '6', '10.00', 'y', '2017-03-24 14:42:43', 'developer', '2017-03-24 14:42:43', null, '0');
INSERT INTO `m_barang` VALUES ('625', '3', 'GSMMR', '', 'Genteng SOTHO Merah Merapi RUSAK', '6', '10.00', 'y', '2017-03-24 14:43:04', 'developer', '2017-03-24 14:43:04', null, '0');
INSERT INTO `m_barang` VALUES ('626', '3', 'NGCTR', '', 'Nok Genteng Coklat TorajaRUSAK', '6', '10.00', 'y', '2017-03-24 14:43:08', 'developer', '2017-03-24 14:43:08', null, '0');
INSERT INTO `m_barang` VALUES ('627', '3', 'NGPHJR', '', 'Nok Genteng Pasir Hijau RUSAK', '6', '10.00', 'y', '2017-03-24 14:43:15', 'developer', '2017-03-24 14:43:15', null, '0');
INSERT INTO `m_barang` VALUES ('628', '3', 'GMMR', '', 'Genteng Merah Merapi RUSAK', '1', '10.00', 'y', '2017-03-24 14:43:30', 'developer', '2017-03-24 14:43:30', null, '0');
INSERT INTO `m_barang` VALUES ('629', '3', 'NGSBBR', '', 'Nok Genteng SOTHO Biru Bromo RUSAK', '6', '10.00', 'y', '2017-03-24 14:43:42', 'developer', '2017-03-24 14:43:42', null, '0');
INSERT INTO `m_barang` VALUES ('630', '3', 'NGSBBR', '', 'Nok Genteng SOTHO Biru Bromo RUSAK', '6', '10.00', 'y', '2017-03-24 14:43:43', 'developer', '2017-03-24 14:43:43', null, '0');
INSERT INTO `m_barang` VALUES ('631', '3', 'NGPCR', '', 'Nok Genteng Pasir Coklat RUSAK', '6', '10.00', 'y', '2017-03-24 14:43:50', 'developer', '2017-03-24 14:43:50', null, '0');
INSERT INTO `m_barang` VALUES ('632', '3', 'GSCTR', '', 'Genteng SOTHO Coklat Toraja RUSAK', '6', '10.00', 'y', '2017-03-24 14:44:03', 'developer', '2017-03-24 14:44:03', null, '0');
INSERT INTO `m_barang` VALUES ('633', '3', 'NGBBR', '', 'Nok Genteng Biru Bromo RUSAK', '6', '10.00', 'y', '2017-03-24 14:44:18', 'developer', '2017-03-24 14:44:18', null, '0');
INSERT INTO `m_barang` VALUES ('634', '3', 'GCTR', '', 'Genteng Coklat Toraja RUSAK', '6', '10.00', 'y', '2017-03-24 14:44:32', 'developer', '2017-03-24 14:44:32', null, '0');
INSERT INTO `m_barang` VALUES ('635', '3', 'NGSHBR', '', 'Nok Genteng SOTHO Hijau Borneo RUSAK', '1', '10.00', 'y', '2017-03-24 14:44:49', 'developer', '2017-03-24 14:44:49', null, '0');
INSERT INTO `m_barang` VALUES ('636', '3', 'GSBBR', '', 'Genteng SOTHO Biru Bromo RUSAK', '6', '10.00', 'y', '2017-03-24 14:45:05', 'developer', '2017-03-24 14:45:05', null, '0');
INSERT INTO `m_barang` VALUES ('637', '3', 'NGHBR', '', 'Nok Genteng Hijau Borneo RUSAK', '6', '10.00', 'y', '2017-03-24 14:45:16', 'developer', '2017-03-24 14:45:16', null, '0');
INSERT INTO `m_barang` VALUES ('638', '3', 'GBBR', '', 'Genteng Biru Bromo RUSAK', '6', '10.00', 'y', '2017-03-24 14:45:41', 'developer', '2017-03-24 14:45:41', null, '0');
INSERT INTO `m_barang` VALUES ('639', '3', 'GSHBR', '', 'Genteng SOTHO Hijau Borneo RUSAK', '6', '10.00', 'y', '2017-03-24 14:46:15', 'developer', '2017-03-24 14:46:15', null, '0');
INSERT INTO `m_barang` VALUES ('640', '3', 'GHBR', '', 'Genteng Hijau Borneo RUSAK', '6', '10.00', 'y', '2017-03-24 14:46:43', 'developer', '2017-03-24 14:46:43', null, '0');
INSERT INTO `m_barang` VALUES ('641', '3', 'HS24AAR', '', 'Hollow SOTHO 2 x 4 AA RUSAK', '5', '10.00', 'y', '2017-03-24 14:49:02', 'developer', '2017-03-24 14:49:02', null, '0');
INSERT INTO `m_barang` VALUES ('642', '3', 'HS24AAR', '', 'Hollow SOTHO 2 x 4 AA RUSAK', '5', '10.00', 'y', '2017-03-24 14:49:02', 'developer', '2017-03-24 14:49:02', null, '0');
INSERT INTO `m_barang` VALUES ('643', '3', 'HS24ABR', '', 'Hollow SOTHO 2 x 4 AB RUSAK', '5', '10.00', 'y', '2017-03-24 14:49:32', 'developer', '2017-03-24 14:49:32', null, '0');
INSERT INTO `m_barang` VALUES ('644', '3', 'H24BR', '', 'Hollow 2 x 4 Bintang RUSAK', '5', '10.00', 'y', '2017-03-24 14:50:23', 'developer', '2017-03-24 14:50:23', null, '0');
INSERT INTO `m_barang` VALUES ('645', '3', 'H44R', '', 'Hollow 4 x 4 RUSAK', '5', '10.00', 'y', '2017-03-24 14:51:13', 'developer', '2017-03-24 14:51:13', null, '0');
INSERT INTO `m_barang` VALUES ('646', '3', 'WAS025R', '', 'Wall Angle 0,25 SOTHO RUSAK', '5', '10.00', 'y', '2017-03-24 15:01:49', 'developer', '2017-03-24 15:01:49', null, '0');
INSERT INTO `m_barang` VALUES ('647', '3', 'KS7C60R', '', 'Kanal SOTHO C 75 - 0,60 RUSAK', '5', '10.00', 'y', '2017-03-24 15:02:21', 'developer', '2017-03-24 15:02:21', null, '0');
INSERT INTO `m_barang` VALUES ('648', '3', 'KS8C60R', '', 'Kanal SOTHO C 80 - 0,60 RUSAK', '5', '10.00', 'y', '2017-03-24 15:03:10', 'developer', '2017-03-24 15:03:10', null, '0');
INSERT INTO `m_barang` VALUES ('649', '3', 'RS45AAR', '', 'Reng SOTHO 0,45 AA RUSAK', '5', '10.00', 'y', '2017-03-24 15:03:26', 'developer', '2017-03-24 15:03:26', null, '0');
INSERT INTO `m_barang` VALUES ('650', '3', 'KS7C75R', '', 'Kanal SOTHO C 75 - 0,75 RUSAK', '5', '10.00', 'y', '2017-03-24 15:03:45', 'developer', '2017-03-24 15:03:45', null, '0');
INSERT INTO `m_barang` VALUES ('651', '3', 'RS45ABR', '', 'Reng SOTHO 0,45 AB RUSAK', '5', '10.00', 'y', '2017-03-24 15:03:59', 'developer', '2017-03-24 15:03:59', null, '0');
INSERT INTO `m_barang` VALUES ('652', '3', 'KS8C75R', '', 'Kanal SOTHO C 80 - 0,75 RUSAK', '5', '10.00', 'y', '2017-03-24 15:04:31', 'developer', '2017-03-24 15:04:31', null, '0');
INSERT INTO `m_barang` VALUES ('653', '3', 'KS7C75ER', '', 'Kanal SOTHO C 75 - 0,75 ECO RUSAK', '5', '10.00', 'y', '2017-03-24 15:05:00', 'developer', '2017-03-24 15:05:00', null, '0');
INSERT INTO `m_barang` VALUES ('654', '3', 'KS8C75ER', '', 'Kanal SOTHO C 80 - 0,75 ECO RUSAK', '5', '10.00', 'y', '2017-03-24 15:05:27', 'developer', '2017-03-24 15:05:27', null, '0');
INSERT INTO `m_barang` VALUES ('655', '1', 'ASDEWR3112', '12345', 'COBA', '2', '12.00', 'n', '2017-04-03 10:38:03', 'developer', '2017-04-03 10:38:25', 'developer', '1');
INSERT INTO `m_barang` VALUES ('656', '5', 'KODE778', 'H46658VD', 'BARANG BARU', '6', '5000.00', 'y', '2017-04-12 14:41:36', 'developer', '2017-04-12 14:49:16', 'developer', '3');

-- ----------------------------
-- Table structure for m_brand
-- ----------------------------
DROP TABLE IF EXISTS `m_brand`;
CREATE TABLE `m_brand` (
  `brand_id` int(11) NOT NULL AUTO_INCREMENT,
  `brand_nama` varchar(255) DEFAULT NULL,
  `brand_status_aktif` char(1) NOT NULL,
  `brand_create_date` datetime NOT NULL DEFAULT '0000-00-00 00:00:00',
  `brand_create_by` varchar(255) NOT NULL,
  `brand_update_date` datetime DEFAULT NULL,
  `brand_update_by` varchar(255) DEFAULT NULL,
  `brand_revised` int(11) DEFAULT NULL,
  PRIMARY KEY (`brand_id`)
) ENGINE=InnoDB AUTO_INCREMENT=79 DEFAULT CHARSET=latin1;

-- ----------------------------
-- Records of m_brand
-- ----------------------------
INSERT INTO `m_brand` VALUES ('1', 'MAKITA', 'y', '2017-04-20 15:00:59', 'developer', '2017-04-20 15:00:59', 'developer', '0');
INSERT INTO `m_brand` VALUES ('2', 'MAKTEC', 'y', '2017-04-20 15:01:00', 'developer', '2017-04-20 15:01:00', 'developer', '0');
INSERT INTO `m_brand` VALUES ('3', 'DCA', 'y', '2017-04-20 15:01:00', 'developer', '2017-04-20 15:01:00', 'developer', '0');
INSERT INTO `m_brand` VALUES ('4', 'BOSCH', 'y', '2017-04-20 15:01:02', 'developer', '2017-04-20 15:01:02', 'developer', '0');
INSERT INTO `m_brand` VALUES ('5', 'JASON', 'y', '2017-04-20 15:01:03', 'developer', '2017-04-20 15:01:03', 'developer', '0');
INSERT INTO `m_brand` VALUES ('6', 'BULLOCK', 'y', '2017-04-20 15:01:10', 'developer', '2017-04-20 15:01:10', 'developer', '0');
INSERT INTO `m_brand` VALUES ('7', 'CITICON', 'y', '2017-04-20 15:01:17', 'developer', '2017-04-20 15:01:17', 'developer', '0');
INSERT INTO `m_brand` VALUES ('8', 'MASPION', 'y', '2017-04-20 15:01:19', 'developer', '2017-04-20 15:01:19', 'developer', '0');
INSERT INTO `m_brand` VALUES ('9', 'MELZER', 'y', '2017-04-20 15:01:20', 'developer', '2017-04-20 15:01:20', 'developer', '0');
INSERT INTO `m_brand` VALUES ('10', 'MITUTOYO', 'y', '2017-04-20 15:01:20', 'developer', '2017-04-20 15:01:20', 'developer', '0');
INSERT INTO `m_brand` VALUES ('11', 'CONSTANT', 'y', '2017-04-20 15:01:20', 'developer', '2017-04-20 15:01:20', 'developer', '0');
INSERT INTO `m_brand` VALUES ('12', 'NICHOLSON', 'y', '2017-04-20 15:01:23', 'developer', '2017-04-20 15:01:23', 'developer', '0');
INSERT INTO `m_brand` VALUES ('13', 'NACHI', 'y', '2017-04-20 15:01:24', 'developer', '2017-04-20 15:01:24', 'developer', '0');
INSERT INTO `m_brand` VALUES ('14', 'SKC', 'y', '2017-04-20 15:01:26', 'developer', '2017-04-20 15:01:26', 'developer', '0');
INSERT INTO `m_brand` VALUES ('15', 'LONCIN', 'y', '2017-04-20 15:01:28', 'developer', '2017-04-20 15:01:28', 'developer', '0');
INSERT INTO `m_brand` VALUES ('16', 'HONDA ', 'y', '2017-04-20 15:01:28', 'developer', '2017-04-20 15:01:28', 'developer', '0');
INSERT INTO `m_brand` VALUES ('17', 'YOKOHAMA', 'y', '2017-04-20 15:01:28', 'developer', '2017-04-20 15:01:28', 'developer', '0');
INSERT INTO `m_brand` VALUES ('18', 'IWARA', 'y', '2017-04-20 15:01:28', 'developer', '2017-04-20 15:01:28', 'developer', '0');
INSERT INTO `m_brand` VALUES ('19', 'LAKONI', 'y', '2017-04-20 15:01:28', 'developer', '2017-04-20 15:01:28', 'developer', '0');
INSERT INTO `m_brand` VALUES ('20', 'SANYO', 'y', '2017-04-20 15:01:28', 'developer', '2017-04-20 15:01:28', 'developer', '0');
INSERT INTO `m_brand` VALUES ('21', 'LOCTITE', 'y', '2017-04-20 15:01:28', 'developer', '2017-04-20 15:01:28', 'developer', '0');
INSERT INTO `m_brand` VALUES ('22', 'DALTON', 'y', '2017-04-20 15:01:28', 'developer', '2017-04-20 15:01:28', 'developer', '0');
INSERT INTO `m_brand` VALUES ('23', 'RRT', 'y', '2017-04-20 15:01:29', 'developer', '2017-04-20 15:01:29', 'developer', '0');
INSERT INTO `m_brand` VALUES ('24', 'PANERISE', 'y', '2017-04-20 15:01:30', 'developer', '2017-04-20 15:01:30', 'developer', '0');
INSERT INTO `m_brand` VALUES ('25', 'KAWAT LAS', 'y', '2017-04-20 15:01:31', 'developer', '2017-04-20 15:01:31', 'developer', '0');
INSERT INTO `m_brand` VALUES ('26', 'HELM', 'y', '2017-04-20 15:01:31', 'developer', '2017-04-20 15:01:31', 'developer', '0');
INSERT INTO `m_brand` VALUES ('27', 'MASKER', 'y', '2017-04-20 15:01:32', 'developer', '2017-04-20 15:01:32', 'developer', '0');
INSERT INTO `m_brand` VALUES ('28', 'PANFIX', 'y', '2017-04-20 15:01:33', 'developer', '2017-04-20 15:01:33', 'developer', '0');
INSERT INTO `m_brand` VALUES ('29', 'SARUNG TGN', 'y', '2017-04-20 15:01:34', 'developer', '2017-04-20 15:01:34', 'developer', '0');
INSERT INTO `m_brand` VALUES ('30', 'AP BOOTS', 'y', '2017-04-20 15:01:34', 'developer', '2017-04-20 15:01:34', 'developer', '0');
INSERT INTO `m_brand` VALUES ('31', 'YAN FIRE', 'y', '2017-04-20 15:01:35', 'developer', '2017-04-20 15:01:35', 'developer', '0');
INSERT INTO `m_brand` VALUES ('32', 'RODA', 'y', '2017-04-20 15:01:35', 'developer', '2017-04-20 15:01:35', 'developer', '0');
INSERT INTO `m_brand` VALUES ('33', 'RANTAI', 'y', '2017-04-20 15:01:40', 'developer', '2017-04-20 15:01:40', 'developer', '0');
INSERT INTO `m_brand` VALUES ('34', 'KAWAT SELING', 'y', '2017-04-20 15:01:41', 'developer', '2017-04-20 15:01:41', 'developer', '0');
INSERT INTO `m_brand` VALUES ('35', 'PHILIPS', 'y', '2017-04-20 15:01:42', 'developer', '2017-04-20 15:01:42', 'developer', '0');
INSERT INTO `m_brand` VALUES ('36', ' BROCO', 'y', '2017-04-20 15:01:44', 'developer', '2017-04-20 15:01:44', 'developer', '0');
INSERT INTO `m_brand` VALUES ('37', 'EVEREADY', 'y', '2017-04-20 15:01:46', 'developer', '2017-04-20 15:01:46', 'developer', '0');
INSERT INTO `m_brand` VALUES ('38', 'ETERNA', 'y', '2017-04-20 15:01:46', 'developer', '2017-04-20 15:01:46', 'developer', '0');
INSERT INTO `m_brand` VALUES ('39', 'UTICON', 'y', '2017-04-20 15:01:47', 'developer', '2017-04-20 15:01:47', 'developer', '0');
INSERT INTO `m_brand` VALUES ('40', 'IMUNDEX', 'y', '2017-04-20 15:01:54', 'developer', '2017-04-20 15:01:54', 'developer', '0');
INSERT INTO `m_brand` VALUES ('41', 'ASIA', 'y', '2017-04-20 15:01:55', 'developer', '2017-04-20 15:01:55', 'developer', '0');
INSERT INTO `m_brand` VALUES ('42', 'ALCO', 'y', '2017-04-20 15:02:03', 'developer', '2017-04-20 15:02:03', 'developer', '0');
INSERT INTO `m_brand` VALUES ('43', 'ROMAN', 'y', '2017-04-20 15:02:03', 'developer', '2017-04-20 15:02:03', 'developer', '0');
INSERT INTO `m_brand` VALUES ('44', 'PLATINUM', 'y', '2017-04-20 15:02:03', 'developer', '2017-04-20 15:02:03', 'developer', '0');
INSERT INTO `m_brand` VALUES ('45', 'sandimas', 'y', '2017-04-20 15:02:22', 'developer', '2017-04-20 15:02:22', 'developer', '0');
INSERT INTO `m_brand` VALUES ('46', 'DULUX CATYLAC', 'y', '2017-04-20 15:02:23', 'developer', '2017-04-20 15:02:23', 'developer', '0');
INSERT INTO `m_brand` VALUES ('47', 'JOTUN', 'y', '2017-04-20 15:02:23', 'developer', '2017-04-20 15:02:23', 'developer', '0');
INSERT INTO `m_brand` VALUES ('48', 'MOWILEX', 'y', '2017-04-20 15:02:26', 'developer', '2017-04-20 15:02:26', 'developer', '0');
INSERT INTO `m_brand` VALUES ('49', 'PROPAN', 'y', '2017-04-20 15:02:26', 'developer', '2017-04-20 15:02:26', 'developer', '0');
INSERT INTO `m_brand` VALUES ('50', 'NIPPON', 'y', '2017-04-20 15:02:28', 'developer', '2017-04-20 15:02:28', 'developer', '0');
INSERT INTO `m_brand` VALUES ('51', 'PARAGON', 'y', '2017-04-20 15:02:30', 'developer', '2017-04-20 15:02:30', 'developer', '0');
INSERT INTO `m_brand` VALUES ('52', 'ELASTEX', 'y', '2017-04-20 15:02:30', 'developer', '2017-04-20 15:02:30', 'developer', '0');
INSERT INTO `m_brand` VALUES ('53', 'TIGA RODA', 'y', '2017-04-20 15:02:31', 'developer', '2017-04-20 15:02:31', 'developer', '0');
INSERT INTO `m_brand` VALUES ('54', 'SIKA', 'y', '2017-04-20 15:02:32', 'developer', '2017-04-20 15:02:32', 'developer', '0');
INSERT INTO `m_brand` VALUES ('55', 'RAJAWALI', 'y', '2017-04-20 15:02:33', 'developer', '2017-04-20 15:02:33', 'developer', '0');
INSERT INTO `m_brand` VALUES ('56', 'AM', 'y', '2017-04-20 15:02:33', 'developer', '2017-04-20 15:02:33', 'developer', '0');
INSERT INTO `m_brand` VALUES ('57', 'MU', 'y', '2017-04-20 15:02:35', 'developer', '2017-04-20 15:02:35', 'developer', '0');
INSERT INTO `m_brand` VALUES ('58', 'LAIN-LAIN', 'y', '2017-04-20 15:02:35', 'developer', '2017-04-20 15:02:35', 'developer', '0');
INSERT INTO `m_brand` VALUES ('59', 'MULIA', 'y', '2017-04-20 15:02:35', 'developer', '2017-04-20 15:02:35', 'developer', '0');
INSERT INTO `m_brand` VALUES ('60', 'QUEEN', 'y', '2017-04-20 15:02:36', 'developer', '2017-04-20 15:02:36', 'developer', '0');
INSERT INTO `m_brand` VALUES ('61', 'PROFIL', 'y', '2017-04-20 15:02:36', 'developer', '2017-04-20 15:02:36', 'developer', '0');
INSERT INTO `m_brand` VALUES ('62', 'KDK', 'y', '2017-04-20 15:02:36', 'developer', '2017-04-20 15:02:36', 'developer', '0');
INSERT INTO `m_brand` VALUES ('63', 'SPECTEK', 'y', '2017-04-20 15:02:37', 'developer', '2017-04-20 15:02:37', 'developer', '0');
INSERT INTO `m_brand` VALUES ('64', 'AER', 'y', '2017-04-20 15:02:37', 'developer', '2017-04-20 15:02:37', 'developer', '0');
INSERT INTO `m_brand` VALUES ('65', 'ONDA', 'y', '2017-04-20 15:02:43', 'developer', '2017-04-20 15:02:43', 'developer', '0');
INSERT INTO `m_brand` VALUES ('66', 'TOTO', 'y', '2017-04-20 15:02:50', 'developer', '2017-04-20 15:02:50', 'developer', '0');
INSERT INTO `m_brand` VALUES ('67', 'ORCHARD', 'y', '2017-04-20 15:02:51', 'developer', '2017-04-20 15:02:51', 'developer', '0');
INSERT INTO `m_brand` VALUES ('68', 'OULU', 'y', '2017-04-20 15:02:51', 'developer', '2017-04-20 15:02:51', 'developer', '0');
INSERT INTO `m_brand` VALUES ('69', 'ROYAL', 'y', '2017-04-20 15:02:51', 'developer', '2017-04-20 15:02:51', 'developer', '0');
INSERT INTO `m_brand` VALUES ('70', 'DUTY', 'y', '2017-04-20 15:02:52', 'developer', '2017-04-20 15:02:52', 'developer', '0');
INSERT INTO `m_brand` VALUES ('71', 'CASTELLI', 'y', '2017-04-20 15:02:53', 'developer', '2017-04-20 15:02:53', 'developer', '0');
INSERT INTO `m_brand` VALUES ('72', 'DOMO', 'y', '2017-04-20 15:02:53', 'developer', '2017-04-20 15:02:53', 'developer', '0');
INSERT INTO `m_brand` VALUES ('73', 'ARISTON', 'y', '2017-04-20 15:02:53', 'developer', '2017-04-20 15:02:53', 'developer', '0');
INSERT INTO `m_brand` VALUES ('74', 'MODENA', 'y', '2017-04-20 15:02:54', 'developer', '2017-04-20 15:02:54', 'developer', '0');
INSERT INTO `m_brand` VALUES ('75', 'WASSER', 'y', '2017-04-20 15:02:54', 'developer', '2017-04-20 15:02:54', 'developer', '0');
INSERT INTO `m_brand` VALUES ('76', 'SHIMIZU', 'y', '2017-04-20 15:02:54', 'developer', '2017-04-20 15:02:54', 'developer', '0');
INSERT INTO `m_brand` VALUES ('77', 'ANGZ', 'y', '2017-04-20 15:02:55', 'developer', '2017-04-20 15:02:55', 'developer', '0');
INSERT INTO `m_brand` VALUES ('78', 'SOLID', 'y', '2017-04-20 15:02:57', 'developer', '2017-04-20 15:02:57', 'developer', '0');

-- ----------------------------
-- Table structure for m_cabang
-- ----------------------------
DROP TABLE IF EXISTS `m_cabang`;
CREATE TABLE `m_cabang` (
  `cabang_id` int(11) NOT NULL AUTO_INCREMENT,
  `cabang_nama` varchar(255) NOT NULL,
  `cabang_alamat` varchar(255) NOT NULL,
  `cabang_kota` varchar(255) NOT NULL,
  `cabang_telepon` varchar(255) NOT NULL,
  `cabang_fax` varchar(255) DEFAULT NULL,
  `cabang_email` varchar(255) DEFAULT NULL,
  `cabang_status_aktif` char(1) NOT NULL,
  `cabang_create_date` datetime NOT NULL DEFAULT '0000-00-00 00:00:00',
  `cabang_create_by` varchar(255) NOT NULL,
  `cabang_update_date` datetime DEFAULT NULL ON UPDATE CURRENT_TIMESTAMP,
  `cabang_update_by` varchar(255) DEFAULT NULL,
  `cabang_revised` int(11) DEFAULT NULL,
  PRIMARY KEY (`cabang_id`)
) ENGINE=InnoDB AUTO_INCREMENT=9 DEFAULT CHARSET=latin1;

-- ----------------------------
-- Records of m_cabang
-- ----------------------------
INSERT INTO `m_cabang` VALUES ('1', 'Nusa Indah Metalindo', '-', '3578', '[\"031\"]', '[\"031\"]', '[\"cabang1@gmail.com\"]', 'y', '2017-02-15 17:56:36', 'developer', '2017-03-08 10:04:31', 'developer', '1');
INSERT INTO `m_cabang` VALUES ('2', 'Cabang 2', '-', '3578', '[\"03143454611\",\"081943584563\"]', '[\"0131224\"]', '[\"cabang2@gmail.com\"]', 'y', '2017-02-16 16:31:07', 'developer', '2017-02-17 11:12:43', null, '0');
INSERT INTO `m_cabang` VALUES ('3', 'Cabang 3', 'Alamat Cabang', '1107', '[\"0218412487142\",\"08364238733\",\"0384834934342\"]', '[\"04783246932\",\"08324234234\"]', '[\"cabang3@gmail.com\",\"cabang_3@cabang.com\"]', 'n', '2017-02-17 10:55:43', 'developer', '2017-02-20 14:38:41', 'developer', '5');
INSERT INTO `m_cabang` VALUES ('4', 'cabang 4', 'hghgh', '6308', '[\"88555855\"]', '[\"52558552\"]', '[\"gcvgtft@ggvg.com\"]', 'y', '2017-03-06 12:04:12', 'developer', '2017-03-06 12:04:46', 'developer', '3');
INSERT INTO `m_cabang` VALUES ('5', 'cabang 5', 'alamat cabang', '1112', '[\"111111\"]', '[\"56265\"]', '[\"cabang5@gmail.com\"]', 'n', '2017-03-06 12:06:33', 'developer', '2017-04-12 13:33:37', 'developer', '10');
INSERT INTO `m_cabang` VALUES ('6', 'NewCabang', 'Somewhere', '3578', '[\"031\"]', '[\"031\"]', '[\"mymail@example.com\"]', 'n', '2017-03-11 13:47:04', 'developer', '2017-03-11 13:47:32', 'developer', '1');
INSERT INTO `m_cabang` VALUES ('7', 'mencoba', 'sby', '3578', '[\"1212121212121\"]', '[\"31313\"]', '[\"sby@gmail.com\"]', 'n', '2017-04-03 10:22:18', 'developer', '2017-04-03 10:22:49', 'developer', '2');
INSERT INTO `m_cabang` VALUES ('8', 'Cabang 88', 'Jl. Sulawesi No.77', '3578', '[\"031858955\",\"031478899\"]', '[\"031255689\",\"031457566\"]', '[\"mail@mail.com\",\"mail@gmail.com\"]', 'y', '2017-04-12 13:31:05', 'developer', '2017-04-12 13:32:02', 'developer', '1');

-- ----------------------------
-- Table structure for m_category_2
-- ----------------------------
DROP TABLE IF EXISTS `m_category_2`;
CREATE TABLE `m_category_2` (
  `category_2_id` int(11) NOT NULL AUTO_INCREMENT,
  `m_jenis_barang_id` int(11) DEFAULT NULL,
  `category_2_nama` varchar(255) NOT NULL,
  `category_2_status_aktif` char(1) NOT NULL,
  `category_2_create_date` datetime NOT NULL DEFAULT '0000-00-00 00:00:00',
  `category_2_create_by` varchar(255) NOT NULL,
  `category_2_update_date` datetime DEFAULT NULL,
  `category_2_update_by` varchar(255) DEFAULT NULL,
  `category_2_revised` int(11) DEFAULT NULL,
  PRIMARY KEY (`category_2_id`)
) ENGINE=InnoDB AUTO_INCREMENT=69 DEFAULT CHARSET=latin1;

-- ----------------------------
-- Records of m_category_2
-- ----------------------------
INSERT INTO `m_category_2` VALUES ('1', '3', 'Mesin Bor', 'y', '2017-04-20 15:04:18', 'developer', '2017-04-20 15:04:18', 'developer', '0');
INSERT INTO `m_category_2` VALUES ('2', '3', 'Mesin Potong', 'y', '2017-04-20 15:04:19', 'developer', '2017-04-20 15:04:19', 'developer', '0');
INSERT INTO `m_category_2` VALUES ('3', '3', 'Mesin Finishing', 'y', '2017-04-20 15:04:20', 'developer', '2017-04-20 15:04:20', 'developer', '0');
INSERT INTO `m_category_2` VALUES ('4', '3', 'Catok & Klem', 'y', '2017-04-20 15:04:20', 'developer', '2017-04-20 15:04:20', 'developer', '0');
INSERT INTO `m_category_2` VALUES ('5', '3', 'Palu', 'y', '2017-04-20 15:04:20', 'developer', '2017-04-20 15:04:20', 'developer', '0');
INSERT INTO `m_category_2` VALUES ('6', '1', 'Tang', 'y', '2017-04-20 15:04:21', 'developer', '2017-04-20 15:04:21', 'developer', '0');
INSERT INTO `m_category_2` VALUES ('7', '3', 'Obeng', 'y', '2017-04-20 15:04:23', 'developer', '2017-04-20 15:04:23', 'developer', '0');
INSERT INTO `m_category_2` VALUES ('8', '3', 'Kunci Sock', 'y', '2017-04-20 15:04:25', 'developer', '2017-04-20 15:04:25', 'developer', '0');
INSERT INTO `m_category_2` VALUES ('9', '3', 'Kunci', 'y', '2017-04-20 15:04:27', 'developer', '2017-04-20 15:04:27', 'developer', '0');
INSERT INTO `m_category_2` VALUES ('10', '3', 'Kunci L', 'y', '2017-04-20 15:04:29', 'developer', '2017-04-20 15:04:29', 'developer', '0');
INSERT INTO `m_category_2` VALUES ('11', '3', 'Alat Potong', 'y', '2017-04-20 15:04:32', 'developer', '2017-04-20 15:04:32', 'developer', '0');
INSERT INTO `m_category_2` VALUES ('12', '3', 'Alat Finishing', 'y', '2017-04-20 15:04:33', 'developer', '2017-04-20 15:04:33', 'developer', '0');
INSERT INTO `m_category_2` VALUES ('13', '2', 'Tool Box ', 'y', '2017-04-20 15:04:35', 'developer', '2017-04-20 15:04:35', 'developer', '0');
INSERT INTO `m_category_2` VALUES ('14', '3', 'Alat Ukur', 'y', '2017-04-20 15:04:35', 'developer', '2017-04-20 15:04:35', 'developer', '0');
INSERT INTO `m_category_2` VALUES ('15', '3', 'Mata Bor', 'y', '2017-04-20 15:04:38', 'developer', '2017-04-20 15:04:38', 'developer', '0');
INSERT INTO `m_category_2` VALUES ('16', '3', 'Mata Potong', 'y', '2017-04-20 15:04:41', 'developer', '2017-04-20 15:04:41', 'developer', '0');
INSERT INTO `m_category_2` VALUES ('17', '3', 'Mata Ketok', 'y', '2017-04-20 15:04:42', 'developer', '2017-04-20 15:04:42', 'developer', '0');
INSERT INTO `m_category_2` VALUES ('18', '1', 'Handtaps & Snei', 'y', '2017-04-20 15:04:42', 'developer', '2017-04-20 15:04:42', 'developer', '0');
INSERT INTO `m_category_2` VALUES ('19', '3', 'Finishing', 'y', '2017-04-20 15:04:43', 'developer', '2017-04-20 15:04:43', 'developer', '0');
INSERT INTO `m_category_2` VALUES ('20', '3', 'Generator', 'y', '2017-04-20 15:04:44', 'developer', '2017-04-20 15:04:44', 'developer', '0');
INSERT INTO `m_category_2` VALUES ('21', '1', 'Engine ', 'y', '2017-04-20 15:04:44', 'developer', '2017-04-20 15:04:44', 'developer', '0');
INSERT INTO `m_category_2` VALUES ('22', '1', 'Mesin Pompa', 'y', '2017-04-20 15:04:44', 'developer', '2017-04-20 15:04:44', 'developer', '0');
INSERT INTO `m_category_2` VALUES ('23', '1', 'Mesin Segel', 'y', '2017-04-20 15:04:45', 'developer', '2017-04-20 15:04:45', 'developer', '0');
INSERT INTO `m_category_2` VALUES ('24', '1', 'Blower', 'y', '2017-04-20 15:04:45', 'developer', '2017-04-20 15:04:45', 'developer', '0');
INSERT INTO `m_category_2` VALUES ('25', '1', 'Mesin Pembersih', 'y', '2017-04-20 15:04:45', 'developer', '2017-04-20 15:04:45', 'developer', '0');
INSERT INTO `m_category_2` VALUES ('26', '2', 'Pelumas ', 'y', '2017-04-20 15:04:45', 'developer', '2017-04-20 15:04:45', 'developer', '0');
INSERT INTO `m_category_2` VALUES ('27', '1', 'Mesin Kompresor', 'y', '2017-04-20 15:04:45', 'developer', '2017-04-20 15:04:45', 'developer', '0');
INSERT INTO `m_category_2` VALUES ('28', '1', 'Aksesoris Kompresor', 'y', '2017-04-20 15:04:45', 'developer', '2017-04-20 15:04:45', 'developer', '0');
INSERT INTO `m_category_2` VALUES ('29', '1', 'Mesin Las', 'y', '2017-04-20 15:04:46', 'developer', '2017-04-20 15:04:46', 'developer', '0');
INSERT INTO `m_category_2` VALUES ('30', '1', 'Aksesoris Mesin Las', 'y', '2017-04-20 15:04:46', 'developer', '2017-04-20 15:04:46', 'developer', '0');
INSERT INTO `m_category_2` VALUES ('31', '1', 'Kawat Las', 'y', '2017-04-20 15:04:47', 'developer', '2017-04-20 15:04:47', 'developer', '0');
INSERT INTO `m_category_2` VALUES ('32', '1', 'Alat Pelindung Diri', 'y', '2017-04-20 15:04:48', 'developer', '2017-04-20 15:04:48', 'developer', '0');
INSERT INTO `m_category_2` VALUES ('33', '1', 'Alat Pemadam', 'y', '2017-04-20 15:04:52', 'developer', '2017-04-20 15:04:52', 'developer', '0');
INSERT INTO `m_category_2` VALUES ('34', '1', 'Roda', 'y', '2017-04-20 15:04:52', 'developer', '2017-04-20 15:04:52', 'developer', '0');
INSERT INTO `m_category_2` VALUES ('35', '1', 'Dongkrak & Aksesoris', 'y', '2017-04-20 15:04:54', 'developer', '2017-04-20 15:04:54', 'developer', '0');
INSERT INTO `m_category_2` VALUES ('36', '1', 'Chainblock', 'y', '2017-04-20 15:04:54', 'developer', '2017-04-20 15:04:54', 'developer', '0');
INSERT INTO `m_category_2` VALUES ('37', '1', 'Aksesoris', 'y', '2017-04-20 15:04:54', 'developer', '2017-04-21 11:15:02', 'developer', '6');
INSERT INTO `m_category_2` VALUES ('38', '1', 'Lampu ', 'y', '2017-04-20 15:04:55', 'developer', '2017-04-20 15:04:55', 'developer', '0');
INSERT INTO `m_category_2` VALUES ('39', '1', 'Fitting Lampu', 'y', '2017-04-20 15:04:55', 'developer', '2017-04-20 15:04:55', 'developer', '0');
INSERT INTO `m_category_2` VALUES ('40', '1', 'Baterai', 'y', '2017-04-20 15:04:56', 'developer', '2017-04-20 15:04:56', 'developer', '0');
INSERT INTO `m_category_2` VALUES ('41', '1', 'Kabel', 'y', '2017-04-20 15:04:56', 'developer', '2017-04-20 15:04:56', 'developer', '0');
INSERT INTO `m_category_2` VALUES ('42', '1', 'Saklar', 'y', '2017-04-20 15:04:57', 'developer', '2017-04-20 15:04:57', 'developer', '0');
INSERT INTO `m_category_2` VALUES ('43', '1', 'Tile', 'y', '2017-04-20 15:04:59', 'developer', '2017-04-20 15:04:59', 'developer', '0');
INSERT INTO `m_category_2` VALUES ('44', '1', 'Granite Tile', 'y', '2017-04-20 15:05:12', 'developer', '2017-04-20 15:05:12', 'developer', '0');
INSERT INTO `m_category_2` VALUES ('45', '1', 'Paint', 'y', '2017-04-20 15:05:12', 'developer', '2017-04-20 15:05:12', 'developer', '0');
INSERT INTO `m_category_2` VALUES ('46', '1', 'Waterproof', 'y', '2017-04-20 15:05:18', 'developer', '2017-04-20 15:05:18', 'developer', '0');
INSERT INTO `m_category_2` VALUES ('47', '1', 'Semen ', 'y', '2017-04-20 15:05:19', 'developer', '2017-04-20 15:05:19', 'developer', '0');
INSERT INTO `m_category_2` VALUES ('48', '2', 'Bata Ringan', 'y', '2017-04-20 15:05:21', 'developer', '2017-04-20 15:05:21', 'developer', '0');
INSERT INTO `m_category_2` VALUES ('49', '2', 'Glassblock', 'y', '2017-04-20 15:05:21', 'developer', '2017-04-20 15:05:21', 'developer', '0');
INSERT INTO `m_category_2` VALUES ('50', '2', 'Tangga', 'y', '2017-04-20 15:05:21', 'developer', '2017-04-20 15:05:21', 'developer', '0');
INSERT INTO `m_category_2` VALUES ('51', '2', 'Tandon Air', 'y', '2017-04-20 15:05:22', 'developer', '2017-04-20 15:05:22', 'developer', '0');
INSERT INTO `m_category_2` VALUES ('52', '2', 'Kipas Angin', 'y', '2017-04-20 15:05:22', 'developer', '2017-04-20 15:05:22', 'developer', '0');
INSERT INTO `m_category_2` VALUES ('53', '2', 'Kran', 'y', '2017-04-20 15:05:22', 'developer', '2017-04-20 15:05:22', 'developer', '0');
INSERT INTO `m_category_2` VALUES ('54', '2', 'Wastafel', 'y', '2017-04-20 15:05:30', 'developer', '2017-04-20 15:05:30', 'developer', '0');
INSERT INTO `m_category_2` VALUES ('55', '2', 'Closet', 'y', '2017-04-20 15:05:32', 'developer', '2017-04-20 15:05:32', 'developer', '0');
INSERT INTO `m_category_2` VALUES ('56', '2', 'Perlengkapan', 'y', '2017-04-20 15:05:33', 'developer', '2017-04-20 15:05:33', 'developer', '0');
INSERT INTO `m_category_2` VALUES ('57', '2', 'Water Heater', 'y', '2017-04-20 15:05:33', 'developer', '2017-04-20 15:05:33', 'developer', '0');
INSERT INTO `m_category_2` VALUES ('58', '2', 'Pompa Air', 'y', '2017-04-20 15:05:33', 'developer', '2017-04-20 15:05:33', 'developer', '0');
INSERT INTO `m_category_2` VALUES ('59', '2', 'Pintu', 'y', '2017-04-20 15:05:35', 'developer', '2017-04-20 15:05:35', 'developer', '0');
INSERT INTO `m_category_2` VALUES ('60', '2', 'Handle & Engsel', 'y', '2017-04-20 15:05:37', 'developer', '2017-04-20 15:05:37', 'developer', '0');
INSERT INTO `m_category_2` VALUES ('61', '2', 'Gembok', 'y', '2017-04-20 15:05:42', 'developer', '2017-04-20 15:05:42', 'developer', '0');
INSERT INTO `m_category_2` VALUES ('64', null, 'testing kategori', 'y', '2017-04-21 10:52:50', 'developer', '2017-04-21 10:52:50', null, '0');
INSERT INTO `m_category_2` VALUES ('65', '5', 'qqqqqqqqqqqqqqq', 'y', '2017-04-21 10:56:01', 'developer', '2017-04-21 10:56:01', null, '0');
INSERT INTO `m_category_2` VALUES ('66', '5', 'a', 'y', '2017-04-21 14:14:51', 'developer', '2017-04-21 14:14:51', null, '0');
INSERT INTO `m_category_2` VALUES ('67', '9', 'a', 'y', '2017-04-21 14:17:31', 'developer', '2017-04-21 14:17:31', null, '0');
INSERT INTO `m_category_2` VALUES ('68', '5', 'baru', 'y', '2017-04-25 13:28:13', 'developer', '2017-04-25 13:28:13', null, '0');

-- ----------------------------
-- Table structure for m_coa
-- ----------------------------
DROP TABLE IF EXISTS `m_coa`;
CREATE TABLE `m_coa` (
  `coa_id` int(11) NOT NULL AUTO_INCREMENT,
  `coa_kode` int(255) NOT NULL,
  `coa_header` int(11) DEFAULT '0',
  `coa_subheader` int(11) DEFAULT '0',
  `coa_nama` varchar(255) DEFAULT NULL,
  `coa_tipe` int(11) DEFAULT NULL COMMENT '1 Header, 2 Sub Header, 3 Nama Perkiraan',
  `coa_keterangan` varchar(255) DEFAULT NULL,
  PRIMARY KEY (`coa_id`,`coa_kode`)
) ENGINE=MyISAM AUTO_INCREMENT=181 DEFAULT CHARSET=latin1;

-- ----------------------------
-- Records of m_coa
-- ----------------------------
INSERT INTO `m_coa` VALUES ('1', '111000', '0', '0', 'KAS DAN SETARA KAS', '1', 'CURRENT ASSETS');
INSERT INTO `m_coa` VALUES ('2', '111001', '1', '0', 'Kas Besar', '3', 'CURRENT ASSETS');
INSERT INTO `m_coa` VALUES ('3', '111002', '1', '0', 'Kas Kecil', '3', 'CURRENT ASSETS');
INSERT INTO `m_coa` VALUES ('4', '111003', '1', '0', 'Kas Proyek', '3', 'CURRENT ASSETS');
INSERT INTO `m_coa` VALUES ('5', '111999', '1', '0', 'Ayat Silang Kas', '3', 'CURRENT ASSETS');
INSERT INTO `m_coa` VALUES ('6', '112001', '1', '0', 'BCA', '3', 'CURRENT ASSETS');
INSERT INTO `m_coa` VALUES ('7', '112999', '1', '0', 'Ayat Silang Bank', '3', 'CURRENT ASSETS');
INSERT INTO `m_coa` VALUES ('8', '113000', '0', '0', 'PIUTANG USAHA', '1', 'CURRENT ASSETS');
INSERT INTO `m_coa` VALUES ('9', '113001', '8', '0', 'Piutang Usaha', '3', 'CURRENT ASSETS');
INSERT INTO `m_coa` VALUES ('10', '113201', '8', '0', 'Piutang Giro', '3', 'CURRENT ASSETS');
INSERT INTO `m_coa` VALUES ('11', '114000', '0', '0', 'PIUTANG LAIN', '1', 'CURRENT ASSETS');
INSERT INTO `m_coa` VALUES ('12', '114001', '11', '0', 'Piutang Karyawan', '3', 'CURRENT ASSETS');
INSERT INTO `m_coa` VALUES ('13', '114101', '11', '0', 'Piutang Pemegang Saham', '3', 'CURRENT ASSETS');
INSERT INTO `m_coa` VALUES ('14', '114201', '11', '0', 'Piutang Pihak III', '3', 'CURRENT ASSETS');
INSERT INTO `m_coa` VALUES ('15', '114999', '11', '0', 'Piutang Lain -Lain', '3', 'CURRENT ASSETS');
INSERT INTO `m_coa` VALUES ('16', '115000', '0', '0', 'PERSEDIAAN', '1', 'CURRENT ASSETS');
INSERT INTO `m_coa` VALUES ('17', '115001', '16', '0', 'Persediaan Barang Jadi', '3', 'CURRENT ASSETS');
INSERT INTO `m_coa` VALUES ('18', '115002', '16', '0', 'Persediaan Barang Dalam Proses', '3', 'CURRENT ASSETS');
INSERT INTO `m_coa` VALUES ('19', '115003', '16', '0', 'Persediaan Bahan Baku', '3', 'CURRENT ASSETS');
INSERT INTO `m_coa` VALUES ('20', '116000', '0', '0', 'UANG MUKA PEMBELIAN', '1', 'CURRENT ASSETS');
INSERT INTO `m_coa` VALUES ('21', '116001', '20', '0', 'Uang Muka Pembelian Bahan', '3', 'CURRENT ASSETS');
INSERT INTO `m_coa` VALUES ('22', '116002', '20', '0', 'Uang Muka Pembelian Aset', '3', 'CURRENT ASSETS');
INSERT INTO `m_coa` VALUES ('23', '117100', '0', '0', 'PAJAK DIBAYAR DI MUKA', '1', 'CURRENT ASSETS');
INSERT INTO `m_coa` VALUES ('24', '117101', '23', '0', 'PPN Masukan', '3', 'CURRENT ASSETS');
INSERT INTO `m_coa` VALUES ('25', '117102', '23', '0', 'PPN Masukan Diperhitungkan', '3', 'CURRENT ASSETS');
INSERT INTO `m_coa` VALUES ('26', '117201', '23', '0', 'PPh Pasal 22', '3', 'CURRENT ASSETS');
INSERT INTO `m_coa` VALUES ('27', '117202', '23', '0', 'PPh Pasal 23', '3', 'CURRENT ASSETS');
INSERT INTO `m_coa` VALUES ('28', '117203', '23', '0', 'PPh Pasal 25', '3', 'CURRENT ASSETS');
INSERT INTO `m_coa` VALUES ('29', '118000', '0', '0', 'BIAYA DIBAYAR DI MUKA', '1', 'CURRENT ASSETS');
INSERT INTO `m_coa` VALUES ('30', '118001', '29', '0', 'Sewa Dibayar di Muka', '3', 'CURRENT ASSETS');
INSERT INTO `m_coa` VALUES ('31', '118002', '29', '0', 'Asuransi Dibayar di Muka', '3', 'CURRENT ASSETS');
INSERT INTO `m_coa` VALUES ('32', '118003', '29', '0', 'Biaya Dibayar di Muka lainnya', '3', 'CURRENT ASSETS');
INSERT INTO `m_coa` VALUES ('33', '120000', '0', '0', 'ASET TETAP', '1', 'FIXED ASSETS');
INSERT INTO `m_coa` VALUES ('34', '121000', '33', '0', 'HARGA PEROLEHAN', '2', 'FIXED ASSETS');
INSERT INTO `m_coa` VALUES ('35', '121001', '33', '34', 'Tanah', '3', 'FIXED ASSETS');
INSERT INTO `m_coa` VALUES ('36', '121002', '33', '34', 'Bangunan', '3', 'FIXED ASSETS');
INSERT INTO `m_coa` VALUES ('37', '121003', '33', '34', 'Mesin', '3', 'FIXED ASSETS');
INSERT INTO `m_coa` VALUES ('38', '121004', '33', '34', 'Peralatan Pabrik', '3', 'FIXED ASSETS');
INSERT INTO `m_coa` VALUES ('39', '121005', '33', '34', 'Inventaris Kantor', '3', 'FIXED ASSETS');
INSERT INTO `m_coa` VALUES ('40', '121006', '33', '34', 'Kendaraan', '3', 'FIXED ASSETS');
INSERT INTO `m_coa` VALUES ('41', '121007', '33', '34', 'Instalasi Listrik', '3', 'FIXED ASSETS');
INSERT INTO `m_coa` VALUES ('42', '122000', '33', '0', 'AKUMULASI PENYUSUTAN', '2', 'FIXED ASSETS');
INSERT INTO `m_coa` VALUES ('43', '122002', '33', '42', 'Akumulasi Penyusutan Bangunan', '3', 'FIXED ASSETS');
INSERT INTO `m_coa` VALUES ('44', '122003', '33', '42', 'Akumulasi Penyusutan Mesin', '3', 'FIXED ASSETS');
INSERT INTO `m_coa` VALUES ('45', '122004', '33', '42', 'Akumulasi Penyusutan Peralatan Pabrik', '3', 'FIXED ASSETS');
INSERT INTO `m_coa` VALUES ('46', '122005', '33', '42', 'Akumulasi Penyusutan Inventaris Kantor', '3', 'FIXED ASSETS');
INSERT INTO `m_coa` VALUES ('47', '122006', '33', '42', 'Akumulasi Penyusutan Kendaraan', '3', 'FIXED ASSETS');
INSERT INTO `m_coa` VALUES ('48', '123000', '0', '0', 'ASET DALAM PENYELESAIAN', '1', 'OTHER ASSETS');
INSERT INTO `m_coa` VALUES ('49', '123001', '48', '0', 'Bangunan dalam Penyelesaian', '3', 'OTHER ASSETS');
INSERT INTO `m_coa` VALUES ('50', '123002', '48', '0', 'Mesin dalam Penyelesaian', '3', 'OTHER ASSETS');
INSERT INTO `m_coa` VALUES ('51', '211000', '0', '0', 'HUTANG USAHA', '1', 'CURRENT LIABILITIES');
INSERT INTO `m_coa` VALUES ('52', '211001', '51', '0', 'Hutang Usaha', '3', 'CURRENT LIABILITIES');
INSERT INTO `m_coa` VALUES ('53', '211002', '51', '0', 'Hutang Giro', '3', 'CURRENT LIABILITIES');
INSERT INTO `m_coa` VALUES ('54', '212000', '0', '0', 'UANG MUKA PENJUALAN', '1', 'CURRENT LIABILITIES');
INSERT INTO `m_coa` VALUES ('55', '212001', '54', '0', 'Uang Muka Penjualan', '3', 'CURRENT LIABILITIES');
INSERT INTO `m_coa` VALUES ('56', '213000', '0', '0', 'BIAYA YANG MASIH HARUS DIBAYAR', '1', 'CURRENT LIABILITIES');
INSERT INTO `m_coa` VALUES ('57', '213001', '56', '0', 'Angkutan Ymh. Dibayar', '3', 'CURRENT LIABILITIES');
INSERT INTO `m_coa` VALUES ('58', '213002', '56', '0', 'Biaya Gaji Ymh. Dibayar', '3', 'CURRENT LIABILITIES');
INSERT INTO `m_coa` VALUES ('59', '213003', '56', '0', 'Biaya Ymh. Dibayar lainnya', '3', 'CURRENT LIABILITIES');
INSERT INTO `m_coa` VALUES ('60', '214100', '0', '0', 'HUTANG PAJAK', '1', 'CURRENT LIABILITIES');
INSERT INTO `m_coa` VALUES ('61', '214101', '60', '0', 'PPN Keluaran', '3', 'CURRENT LIABILITIES');
INSERT INTO `m_coa` VALUES ('62', '214102', '60', '0', 'PPN Keluaran Diperhitungkan', '3', 'CURRENT LIABILITIES');
INSERT INTO `m_coa` VALUES ('63', '214103', '60', '0', 'PPh Pasal 21', '3', 'CURRENT LIABILITIES');
INSERT INTO `m_coa` VALUES ('64', '214104', '60', '0', 'PPh Pasal 23', '3', 'CURRENT LIABILITIES');
INSERT INTO `m_coa` VALUES ('65', '214105', '60', '0', 'PPh Pasal 25', '3', 'CURRENT LIABILITIES');
INSERT INTO `m_coa` VALUES ('66', '215000', '0', '0', 'HUTANG BANK', '1', 'OTHERS LIABILITIES');
INSERT INTO `m_coa` VALUES ('67', '215001', '66', '0', 'Hutang Bank ', '3', 'OTHERS LIABILITIES');
INSERT INTO `m_coa` VALUES ('68', '216000', '0', '0', 'HUTANG LAIN', '1', 'OTHERS LIABILITIES');
INSERT INTO `m_coa` VALUES ('69', '216001', '68', '0', 'Hutang Pemegang Saham', '3', 'OTHERS LIABILITIES');
INSERT INTO `m_coa` VALUES ('70', '216101', '68', '0', 'Hutang Pembelian Aset', '3', 'OTHERS LIABILITIES');
INSERT INTO `m_coa` VALUES ('71', '216201', '68', '0', 'Hutang Pihak III', '3', 'OTHERS LIABILITIES');
INSERT INTO `m_coa` VALUES ('72', '216999', '68', '0', 'Hutang Lain -Lain', '3', 'OTHERS LIABILITIES');
INSERT INTO `m_coa` VALUES ('73', '311000', '0', '0', 'EKUITAS', '1', 'EQUITY');
INSERT INTO `m_coa` VALUES ('74', '311001', '74', '0', 'Modal', '3', 'EQUITY');
INSERT INTO `m_coa` VALUES ('75', '312001', '74', '0', 'Laba s/d Tahun Lalu', '3', 'EQUITY');
INSERT INTO `m_coa` VALUES ('76', '312002', '74', '0', 'Penyesuaian Saldo Laba', '3', 'EQUITY');
INSERT INTO `m_coa` VALUES ('77', '411000', '0', '0', 'PENJUALAN', '1', '');
INSERT INTO `m_coa` VALUES ('78', '411001', '78', '0', 'Penjualan', '3', 'PENJUALAN');
INSERT INTO `m_coa` VALUES ('79', '412001', '78', '0', 'Retur Penjualan', '3', 'PENJUALAN');
INSERT INTO `m_coa` VALUES ('80', '413001', '78', '0', 'Potongan Penjualan', '3', 'PENJUALAN');
INSERT INTO `m_coa` VALUES ('81', '421001', '78', '0', 'Penjualan Bahan', '3', 'PENJUALAN');
INSERT INTO `m_coa` VALUES ('82', '510000', '0', '0', 'BEBAN POKOK PENJUALAN', '1', '');
INSERT INTO `m_coa` VALUES ('83', '510100', '82', '0', 'Beban Pokok Penjualan - Standar', '3', 'HARGA POKOK PENJUALAN');
INSERT INTO `m_coa` VALUES ('84', '510900', '82', '0', 'Beban Pokok Penjualan - Bahan', '3', 'HARGA POKOK PENJUALAN');
INSERT INTO `m_coa` VALUES ('85', '520000', '0', '0', 'TENAGA KERJA LANGSUNG', '1', '');
INSERT INTO `m_coa` VALUES ('86', '521001', '85', '0', 'Upah -TKL', '3', 'Gaji dan upah - TKL');
INSERT INTO `m_coa` VALUES ('87', '521002', '85', '0', 'Lembur - TKL', '3', 'Gaji dan upah - TKL');
INSERT INTO `m_coa` VALUES ('88', '522001', '85', '0', 'Pengobatan - TKL', '3', 'Gaji dan upah - TKL');
INSERT INTO `m_coa` VALUES ('89', '530000', '0', '0', 'BEBAN OVERHEAD PABRIK', '1', '');
INSERT INTO `m_coa` VALUES ('90', '531001', '89', '0', 'Gaji - BOP', '3', 'BEBAN OVERHEAD PABRIK');
INSERT INTO `m_coa` VALUES ('91', '531002', '89', '0', 'Lembur - BOP', '3', 'BEBAN OVERHEAD PABRIK');
INSERT INTO `m_coa` VALUES ('92', '531003', '89', '0', 'Asuransi - BOP', '3', 'BEBAN OVERHEAD PABRIK');
INSERT INTO `m_coa` VALUES ('93', '531004', '89', '0', 'THR - BOP', '3', 'BEBAN OVERHEAD PABRIK');
INSERT INTO `m_coa` VALUES ('94', '531005', '89', '0', 'Insentif - BOP', '3', 'BEBAN OVERHEAD PABRIK');
INSERT INTO `m_coa` VALUES ('95', '531006', '89', '0', 'Tunjangan lainnya - BOP', '3', 'BEBAN OVERHEAD PABRIK');
INSERT INTO `m_coa` VALUES ('96', '531007', '89', '0', 'PPh 21 - BOP', '3', 'BEBAN OVERHEAD PABRIK');
INSERT INTO `m_coa` VALUES ('97', '532001', '89', '0', 'Seragam - BOP', '3', 'BEBAN OVERHEAD PABRIK');
INSERT INTO `m_coa` VALUES ('98', '532002', '89', '0', 'Perjalanan Dinas -BOP', '3', 'BEBAN OVERHEAD PABRIK');
INSERT INTO `m_coa` VALUES ('99', '532003', '89', '0', 'Konsumsi - BOP', '3', 'BEBAN OVERHEAD PABRIK');
INSERT INTO `m_coa` VALUES ('100', '532004', '89', '0', 'Pengobatan - BOP', '3', 'BEBAN OVERHEAD PABRIK');
INSERT INTO `m_coa` VALUES ('101', '532005', '89', '0', 'Jamsostek - BOP', '3', 'BEBAN OVERHEAD PABRIK');
INSERT INTO `m_coa` VALUES ('102', '532006', '89', '0', 'Pendidikan, training -BOP', '3', 'BEBAN OVERHEAD PABRIK');
INSERT INTO `m_coa` VALUES ('103', '542001', '89', '0', 'Listrik - BOP', '3', 'BEBAN OVERHEAD PABRIK');
INSERT INTO `m_coa` VALUES ('104', '542002', '89', '0', 'Air  - BOP', '3', 'BEBAN OVERHEAD PABRIK');
INSERT INTO `m_coa` VALUES ('105', '542003', '89', '0', 'BBM - BOP', '3', 'BEBAN OVERHEAD PABRIK');
INSERT INTO `m_coa` VALUES ('106', '543001', '89', '0', 'Sewa Gudang', '3', 'BEBAN OVERHEAD PABRIK');
INSERT INTO `m_coa` VALUES ('107', '549999', '89', '0', 'Lain- lain - BOP', '3', 'BEBAN OVERHEAD PABRIK');
INSERT INTO `m_coa` VALUES ('108', '548101', '89', '0', 'Pemeliharaan bangunan - BOP (material)', '3', 'BEBAN OVERHEAD PABRIK');
INSERT INTO `m_coa` VALUES ('109', '548102', '89', '0', 'Pemeliharaan mesin - BOP (sparepart)', '3', 'BEBAN OVERHEAD PABRIK');
INSERT INTO `m_coa` VALUES ('110', '548103', '89', '0', 'Pemeliharaan peralatan - BOP (sparepart)', '3', 'BEBAN OVERHEAD PABRIK');
INSERT INTO `m_coa` VALUES ('111', '548104', '89', '0', 'Pemeliharaan instalasi listrik - BOP (sparepart)', '3', 'BEBAN OVERHEAD PABRIK');
INSERT INTO `m_coa` VALUES ('112', '548201', '89', '0', 'Pemeliharaan bangunan - BOP', '3', 'BEBAN OVERHEAD PABRIK');
INSERT INTO `m_coa` VALUES ('113', '548202', '89', '0', 'Pemeliharaan mesin  - BOP', '3', 'BEBAN OVERHEAD PABRIK');
INSERT INTO `m_coa` VALUES ('114', '548203', '89', '0', 'Pemeliharaan peralatan - BOP', '3', 'BEBAN OVERHEAD PABRIK');
INSERT INTO `m_coa` VALUES ('115', '548204', '89', '0', 'Pemeliharaan instalasi listrik - BOP', '3', 'BEBAN OVERHEAD PABRIK');
INSERT INTO `m_coa` VALUES ('116', '549001', '89', '0', 'Penyusutan bangunan - BOP', '3', 'BEBAN OVERHEAD PABRIK');
INSERT INTO `m_coa` VALUES ('117', '549002', '89', '0', 'Penyusutan mesin  - BOP', '3', 'BEBAN OVERHEAD PABRIK');
INSERT INTO `m_coa` VALUES ('118', '549003', '89', '0', 'Penyusutan peralatan - BOP', '3', 'BEBAN OVERHEAD PABRIK');
INSERT INTO `m_coa` VALUES ('119', '549004', '89', '0', 'Penyusutan instalasi listrik - BOP', '3', 'BEBAN OVERHEAD PABRIK');
INSERT INTO `m_coa` VALUES ('120', '610000', '0', '0', 'BEBAN PENJUALAN', '1', '');
INSERT INTO `m_coa` VALUES ('121', '611001', '120', '0', 'Gaji - BP', '3', 'BEBAN USAHA');
INSERT INTO `m_coa` VALUES ('122', '611002', '120', '0', 'Lembur - BP', '3', 'BEBAN USAHA');
INSERT INTO `m_coa` VALUES ('123', '611003', '120', '0', 'Asuransi - BP', '3', 'BEBAN USAHA');
INSERT INTO `m_coa` VALUES ('124', '611004', '120', '0', 'THR - BP', '3', 'BEBAN USAHA');
INSERT INTO `m_coa` VALUES ('125', '611005', '120', '0', 'Insentif, Tunjangan Lain - BP', '3', 'BEBAN USAHA');
INSERT INTO `m_coa` VALUES ('126', '611006', '120', '0', 'Pesangon - BP', '3', 'BEBAN USAHA');
INSERT INTO `m_coa` VALUES ('127', '611007', '120', '0', 'Perjalanan Dinas - BP', '3', 'BEBAN USAHA');
INSERT INTO `m_coa` VALUES ('128', '612001', '120', '0', 'Ekspedisi - BP', '3', 'BEBAN USAHA');
INSERT INTO `m_coa` VALUES ('129', '612002', '120', '0', 'BBM, Parkir, Tol - BP', '3', 'BEBAN USAHA');
INSERT INTO `m_coa` VALUES ('130', '613001', '120', '0', 'Iklan - BP', '3', 'BEBAN USAHA');
INSERT INTO `m_coa` VALUES ('131', '613002', '120', '0', 'Brosur, Promosi,Subsidi - BP', '3', 'BEBAN USAHA');
INSERT INTO `m_coa` VALUES ('132', '613003', '120', '0', 'Telepon, Fax - BP', '3', 'BEBAN USAHA');
INSERT INTO `m_coa` VALUES ('133', '613004', '120', '0', 'Entertainment - BP', '3', 'BEBAN USAHA');
INSERT INTO `m_coa` VALUES ('134', '618101', '120', '0', 'Pemeliharaan Kendaraan - BP', '3', 'BEBAN USAHA');
INSERT INTO `m_coa` VALUES ('135', '618102', '120', '0', 'STNK, KIR - BP', '3', 'BEBAN USAHA');
INSERT INTO `m_coa` VALUES ('136', '619001', '120', '0', 'Penyusutan Kendaraan - BP', '3', 'BEBAN USAHA');
INSERT INTO `m_coa` VALUES ('137', '619999', '120', '0', 'Beban Penjualan Lain-lain - BP', '3', 'BEBAN USAHA');
INSERT INTO `m_coa` VALUES ('138', '620000', '0', '0', 'BEBAN UMUM & ADMINISTRASI', '1', 'BEBAN USAHA');
INSERT INTO `m_coa` VALUES ('139', '621001', '138', '0', 'Gaji - BUA', '3', 'BEBAN USAHA');
INSERT INTO `m_coa` VALUES ('140', '621002', '138', '0', 'Lembur - BUA', '3', 'BEBAN USAHA');
INSERT INTO `m_coa` VALUES ('141', '621003', '138', '0', 'Asuransi - BUA', '3', 'BEBAN USAHA');
INSERT INTO `m_coa` VALUES ('142', '621004', '138', '0', 'THR - BUA', '3', 'BEBAN USAHA');
INSERT INTO `m_coa` VALUES ('143', '621005', '138', '0', 'Insentif, Tunjangan Lain - BUA', '3', 'BEBAN USAHA');
INSERT INTO `m_coa` VALUES ('144', '621006', '138', '0', 'Pesangon - BUA', '3', 'BEBAN USAHA');
INSERT INTO `m_coa` VALUES ('145', '621007', '138', '0', 'Perjalanan Dinas - BUA', '3', 'BEBAN USAHA');
INSERT INTO `m_coa` VALUES ('146', '622001', '138', '0', 'Listrik - BUA', '3', 'BEBAN USAHA');
INSERT INTO `m_coa` VALUES ('147', '622002', '138', '0', 'Air - BUA', '3', 'BEBAN USAHA');
INSERT INTO `m_coa` VALUES ('148', '622003', '138', '0', 'Telepon, Fax - BUA', '3', 'BEBAN USAHA');
INSERT INTO `m_coa` VALUES ('149', '623001', '138', '0', 'Alat Tulis Kantor - BUA', '3', 'BEBAN USAHA');
INSERT INTO `m_coa` VALUES ('150', '623002', '138', '0', 'Pos dan Meterai - BUA', '3', 'BEBAN USAHA');
INSERT INTO `m_coa` VALUES ('151', '623003', '138', '0', 'Cetakan dan Fotokopi - BUA', '3', 'BEBAN USAHA');
INSERT INTO `m_coa` VALUES ('152', '624001', '138', '0', 'Transportasi (BBM, parkir, tol) - BUA', '3', 'BEBAN USAHA');
INSERT INTO `m_coa` VALUES ('153', '624002', '138', '0', 'Administrasi Bank - BUA', '3', 'BEBAN USAHA');
INSERT INTO `m_coa` VALUES ('154', '624003', '138', '0', 'Perijinan - BUA', '3', 'BEBAN USAHA');
INSERT INTO `m_coa` VALUES ('155', '624004', '138', '0', 'Professional Fee - BUA', '3', 'BEBAN USAHA');
INSERT INTO `m_coa` VALUES ('156', '624005', '138', '0', 'Sumbangan - BUA', '3', 'BEBAN USAHA');
INSERT INTO `m_coa` VALUES ('157', '624006', '138', '0', 'Entertainment - BUA', '3', 'BEBAN USAHA');
INSERT INTO `m_coa` VALUES ('158', '624007', '138', '0', 'Konsumsi - BUA', '3', 'BEBAN USAHA');
INSERT INTO `m_coa` VALUES ('159', '624008', '138', '0', 'Keperluan Rumah Tangga Kantor - BUA', '3', 'BEBAN USAHA');
INSERT INTO `m_coa` VALUES ('160', '624009', '138', '0', 'Biaya Pajak - BUA', '3', 'BEBAN USAHA');
INSERT INTO `m_coa` VALUES ('161', '628901', '138', '0', 'Pemeliharaan Bangunan Kantor - BUA', '3', 'BEBAN USAHA');
INSERT INTO `m_coa` VALUES ('162', '628902', '138', '0', 'Pemeliharaan Inventaris Kantor - BUA', '3', 'BEBAN USAHA');
INSERT INTO `m_coa` VALUES ('163', '628903', '138', '0', 'Pemeliharaan Kendaraan - BUA', '3', 'BEBAN USAHA');
INSERT INTO `m_coa` VALUES ('164', '628904', '138', '0', 'STNK, KIR - BUA', '3', 'BEBAN USAHA');
INSERT INTO `m_coa` VALUES ('165', '629001', '138', '0', 'Penyusutan Bangunan Kantor - BUA', '3', 'BEBAN USAHA');
INSERT INTO `m_coa` VALUES ('166', '629002', '138', '0', 'Penyusutan Inventaris Kantor - BUA', '3', 'BEBAN USAHA');
INSERT INTO `m_coa` VALUES ('167', '629003', '138', '0', 'Penyusutan Kendaraan - BUA', '3', 'BEBAN USAHA');
INSERT INTO `m_coa` VALUES ('168', '629999', '138', '0', 'Beban Umum Lain-lain - BUA', '3', 'BEBAN USAHA');
INSERT INTO `m_coa` VALUES ('169', '710000', '0', '0', 'PENDAPATAN (BEBAN) LAIN', '1', 'PENDAPATAN (BEBAN) LAIN');
INSERT INTO `m_coa` VALUES ('170', '711101', '169', '0', 'Pendapatan Bunga Bank', '3', 'PENDAPATAN (BEBAN) LAIN');
INSERT INTO `m_coa` VALUES ('171', '711201', '169', '0', 'Beban Bunga Bank', '3', 'PENDAPATAN (BEBAN) LAIN');
INSERT INTO `m_coa` VALUES ('172', '712001', '169', '0', 'Laba (Rugi) Selisih Kurs', '3', 'PENDAPATAN (BEBAN) LAIN');
INSERT INTO `m_coa` VALUES ('173', '713001', '169', '0', 'Laba (Rugi) Penjualan Aset', '3', 'PENDAPATAN (BEBAN) LAIN');
INSERT INTO `m_coa` VALUES ('174', '713002', '169', '0', 'Rugi Penghapusan Aset', '3', 'PENDAPATAN (BEBAN) LAIN');
INSERT INTO `m_coa` VALUES ('175', '719999', '169', '0', 'Pendapatan (Beban) Lain-lain', '3', 'PENDAPATAN (BEBAN) LAIN');
INSERT INTO `m_coa` VALUES ('176', '111000', '0', '0', 'KAS DAN SETARA KAS', '1', 'CURRENT ASSETS');
INSERT INTO `m_coa` VALUES ('177', '111000', '0', '0', 'sda', '1', 'asda');
INSERT INTO `m_coa` VALUES ('178', '123', '48', '42', 'nama', '2', 'nama saya');
INSERT INTO `m_coa` VALUES ('179', '7876768', '177', '0', '11', '2', '11');
INSERT INTO `m_coa` VALUES ('180', '123456789', '177', '0', 'beban A', '2', 'beban ABC');

-- ----------------------------
-- Table structure for m_departemen
-- ----------------------------
DROP TABLE IF EXISTS `m_departemen`;
CREATE TABLE `m_departemen` (
  `departemen_id` int(11) NOT NULL AUTO_INCREMENT,
  `departemen_nama` varchar(255) NOT NULL,
  `departemen_status_aktif` char(1) NOT NULL,
  `departemen_create_date` datetime NOT NULL DEFAULT '0000-00-00 00:00:00',
  `departemen_create_by` varchar(255) NOT NULL,
  `departemen_update_date` datetime DEFAULT NULL ON UPDATE CURRENT_TIMESTAMP,
  `departemen_update_by` varchar(255) DEFAULT NULL,
  `departemen_revised` int(11) DEFAULT NULL,
  PRIMARY KEY (`departemen_id`)
) ENGINE=InnoDB AUTO_INCREMENT=7 DEFAULT CHARSET=latin1;

-- ----------------------------
-- Records of m_departemen
-- ----------------------------
INSERT INTO `m_departemen` VALUES ('1', 'produksi', 'y', '0000-00-00 00:00:00', '', '2017-03-21 10:15:45', 'developer', '1');
INSERT INTO `m_departemen` VALUES ('2', 'Departemen 2', 'y', '2017-02-17 21:57:46', 'developer', '2017-02-17 21:57:51', 'developer', '1');
INSERT INTO `m_departemen` VALUES ('3', 'gudang barang jadi', 'y', '2017-03-06 12:08:06', 'developer', '2017-03-21 10:16:36', 'developer', '7');
INSERT INTO `m_departemen` VALUES ('4', 'gudang bahan', 'y', '2017-03-06 13:04:19', 'developer', '2017-03-21 10:16:14', 'developer', '6');
INSERT INTO `m_departemen` VALUES ('5', 'Store 1', 'n', '2017-04-03 10:24:17', 'developer', '2017-04-03 10:26:27', 'developer', '4');
INSERT INTO `m_departemen` VALUES ('6', 'DEPARTEMEN 12', 'n', '2017-04-12 13:34:39', 'developer', '2017-04-12 13:35:01', 'developer', '2');

-- ----------------------------
-- Table structure for m_detail_promo
-- ----------------------------
DROP TABLE IF EXISTS `m_detail_promo`;
CREATE TABLE `m_detail_promo` (
  `promo_id` int(11) DEFAULT NULL,
  `barang_id` int(11) DEFAULT NULL,
  `det_promo_status_aktif` char(1) DEFAULT NULL,
  `det_promo_promo_create_date` datetime DEFAULT '0000-00-00 00:00:00',
  `det_promo_promo_create_by` varchar(255) DEFAULT NULL,
  `det_promo_promo_update_date` datetime DEFAULT NULL,
  `det_promo_promo_update_by` varchar(255) DEFAULT NULL,
  `det_promo_promo_revised` int(11) DEFAULT NULL
) ENGINE=InnoDB DEFAULT CHARSET=latin1;

-- ----------------------------
-- Records of m_detail_promo
-- ----------------------------

-- ----------------------------
-- Table structure for m_gudang
-- ----------------------------
DROP TABLE IF EXISTS `m_gudang`;
CREATE TABLE `m_gudang` (
  `gudang_id` int(255) NOT NULL AUTO_INCREMENT,
  `gudang_nama` varchar(255) NOT NULL,
  `gudang_alamat` varchar(255) NOT NULL,
  `gudang_kota` varchar(255) NOT NULL,
  `gudang_telepon` varchar(255) NOT NULL,
  `gudang_fax` varchar(255) DEFAULT NULL,
  `gudang_email` varchar(255) DEFAULT NULL,
  `m_cabang_id` int(11) NOT NULL,
  `m_jenis_gudang_id` int(11) NOT NULL,
  `gudang_status_aktif` char(1) NOT NULL,
  `gudang_create_date` datetime NOT NULL,
  `gudang_create_by` varchar(255) NOT NULL,
  `gudang_update_date` datetime DEFAULT NULL ON UPDATE CURRENT_TIMESTAMP,
  `gudang_update_by` varchar(255) DEFAULT NULL,
  `gudang_revised` int(11) DEFAULT NULL,
  PRIMARY KEY (`gudang_id`),
  KEY `gudang_cabang` (`m_cabang_id`),
  KEY `gudang_jenis_gudang` (`m_jenis_gudang_id`),
  CONSTRAINT `gudang_cabang` FOREIGN KEY (`m_cabang_id`) REFERENCES `m_cabang` (`cabang_id`),
  CONSTRAINT `gudang_jenis_gudang` FOREIGN KEY (`m_jenis_gudang_id`) REFERENCES `m_jenis_gudang` (`jenis_gudang_id`)
) ENGINE=InnoDB AUTO_INCREMENT=9 DEFAULT CHARSET=latin1;

-- ----------------------------
-- Records of m_gudang
-- ----------------------------
INSERT INTO `m_gudang` VALUES ('1', 'Gudang DD', 'Surimulia DD/9', '3578', '[\"031\"]', '[\"031\"]', '[\"weweer@gmail.com\"]', '1', '2', 'y', '2017-02-15 18:04:36', 'developer', '2017-03-07 14:07:25', 'gudangbahan', '8');
INSERT INTO `m_gudang` VALUES ('2', 'Gudang 2', '-', '3372', '[\"0492384825\",\"9004746343\"]', '[\"01378274\"]', '[\"gudang2@gudang.com\"]', '1', '1', 'y', '2017-02-16 16:57:21', 'developer', '2017-04-06 11:06:31', 'developer', '2');
INSERT INTO `m_gudang` VALUES ('3', 'Gudang 3', 'Alamat Gudang', '8171', '[\"035859358\",\"07583593\"]', '[\"08393579353\",\"037428535\"]', '[\"gudang3@gudang.com\",\"gudang_3@gudang.com\"]', '3', '1', 'n', '2017-02-17 11:07:24', 'developer', '2017-03-06 13:21:03', 'developer', '1');
INSERT INTO `m_gudang` VALUES ('4', 'Gudang JJ Produksi', 'Surimulia JJ 3-4', '3578', '[\"08521456321\"]', '[\"2656564\"]', '[\"gudang4@gmail.com\"]', '1', '3', 'y', '2017-03-06 13:30:02', 'developer', '2017-03-13 10:57:09', 'developer', '7');
INSERT INTO `m_gudang` VALUES ('5', 'Gudang JJ Bahan Baku', 'Surabaya', '3578', '[\"031\"]', '[\"031\"]', '[\"gudang@gmail\"]', '1', '2', 'y', '2017-03-13 10:53:47', 'developer', '2017-03-13 10:53:47', null, '0');
INSERT INTO `m_gudang` VALUES ('6', 'Gudang JJ Barang Jadi ', 'surabaya', '3578', '[\"031\"]', '[\"031\"]', '[\"gudang@gmail\"]', '1', '1', 'y', '2017-03-13 10:55:37', 'developer', '2017-03-13 10:55:37', null, '0');
INSERT INTO `m_gudang` VALUES ('7', 'coba', 'sadadea', '3578', '[\"112131\"]', '[\"1313\"]', '[\"gddedd@gmail.com\"]', '1', '2', 'n', '2017-04-03 10:35:25', 'developer', '2017-04-03 10:35:42', 'developer', '1');
INSERT INTO `m_gudang` VALUES ('8', 'Gudang Baru', 'Jalan ', '3174', '[\"0813787878\",\"08189189988\"]', '[\"0315678787\",\"0316767676\"]', '[\"mail@mail.com\",\"jmail.com\"]', '8', '5', 'y', '2017-04-12 14:15:01', 'developer', '2017-04-12 14:15:01', null, '0');

-- ----------------------------
-- Table structure for m_harga
-- ----------------------------
DROP TABLE IF EXISTS `m_harga`;
CREATE TABLE `m_harga` (
  `harga_id` int(11) NOT NULL AUTO_INCREMENT,
  `barang_id` int(11) NOT NULL,
  `cabang_id` int(11) NOT NULL,
  `harga_jual` int(11) NOT NULL,
  `harga_beli` int(11) NOT NULL,
  `harga_jual_pajak` int(11) NOT NULL,
  `barang_status_aktif` char(1) NOT NULL,
  `barang_create_date` datetime NOT NULL DEFAULT '0000-00-00 00:00:00',
  `barang_create_by` varchar(255) NOT NULL,
  `barang_update_date` datetime DEFAULT NULL,
  `barang_update_by` varchar(255) DEFAULT NULL,
  `barang_revised` int(11) DEFAULT NULL,
  PRIMARY KEY (`harga_id`)
) ENGINE=InnoDB AUTO_INCREMENT=17 DEFAULT CHARSET=latin1;

-- ----------------------------
-- Records of m_harga
-- ----------------------------
INSERT INTO `m_harga` VALUES ('1', '7', '1', '0', '30000', '0', '5', '2017-04-04 10:55:34', 'developer', '2017-04-04 10:55:34', null, '0');
INSERT INTO `m_harga` VALUES ('2', '8', '1', '9000', '1000', '0', 'y', '2017-04-04 10:58:02', 'developer', '2017-04-04 10:58:02', null, '0');
INSERT INTO `m_harga` VALUES ('3', '9', '1', '9900', '9800', '0', 'y', '2017-04-04 11:01:30', 'developer', '2017-04-04 14:39:41', 'developer', '14');
INSERT INTO `m_harga` VALUES ('4', '11', '1', '8900', '7800', '0', 'y', '2017-04-04 11:04:00', 'developer', '2017-04-04 11:04:00', null, '0');
INSERT INTO `m_harga` VALUES ('5', '1', '1', '528182', '348637', '581000', 'y', '2017-04-07 15:56:36', 'developer', '2017-05-02 10:27:56', 'developer', '3');
INSERT INTO `m_harga` VALUES ('6', '3180', '1', '100000', '1000', '900000', 'y', '2017-04-17 00:38:47', 'developer', '2017-04-17 00:38:47', null, '0');
INSERT INTO `m_harga` VALUES ('7', '3181', '1', '9900', '1000', '900000', 'y', '2017-04-17 00:45:22', 'developer', '2017-04-17 00:45:22', null, '0');
INSERT INTO `m_harga` VALUES ('8', '3182', '1', '9900', '50000', '900000', 'y', '2017-04-17 00:50:54', 'developer', '2017-04-17 00:50:54', null, '0');
INSERT INTO `m_harga` VALUES ('9', '3183', '1', '2000', '1000', '1000', 'y', '2017-04-17 12:30:49', 'developer', '2017-04-17 12:31:37', 'developer', '2');
INSERT INTO `m_harga` VALUES ('10', '19', '1', '200000', '90', '220000', 'y', '2017-04-18 11:29:12', 'developer', '2017-04-18 11:30:40', 'developer', '3');
INSERT INTO `m_harga` VALUES ('11', '3177', '1', '100000', '1000', '110000', 'y', '2017-04-24 17:11:04', 'developer', '2017-04-24 17:11:04', null, '0');
INSERT INTO `m_harga` VALUES ('12', '3178', '1', '9900', '1000', '10890', 'y', '2017-04-24 17:13:40', 'developer', '2017-04-24 17:17:06', 'developer', '2');
INSERT INTO `m_harga` VALUES ('13', '3177', '1', '70000', '50000', '77000', 'y', '2017-04-25 13:22:54', 'developer', '2017-04-25 13:22:54', null, '0');
INSERT INTO `m_harga` VALUES ('14', '3177', '1', '100000', '80000', '110000', 'y', '2017-04-26 13:59:46', 'developer', '2017-04-26 13:59:46', null, '0');
INSERT INTO `m_harga` VALUES ('15', '3178', '1', '1111111', '7800', '1222222', 'y', '2017-04-26 14:12:34', 'developer', '2017-04-26 14:12:34', null, '0');
INSERT INTO `m_harga` VALUES ('16', '3179', '1', '9900', '50000', '10890', 'y', '2017-04-27 16:47:34', 'developer', '2017-04-27 16:47:34', null, '0');

-- ----------------------------
-- Table structure for m_header
-- ----------------------------
DROP TABLE IF EXISTS `m_header`;
CREATE TABLE `m_header` (
  `header_id` int(11) NOT NULL AUTO_INCREMENT,
  `header_text` text,
  `header_created_date` datetime DEFAULT NULL,
  `header_created_by` varchar(255) DEFAULT NULL,
  `header_updated_date` datetime DEFAULT NULL,
  `header_updated_by` varchar(255) DEFAULT NULL,
  `header_revised` int(11) DEFAULT NULL,
  PRIMARY KEY (`header_id`)
) ENGINE=InnoDB AUTO_INCREMENT=2 DEFAULT CHARSET=latin1;

-- ----------------------------
-- Records of m_header
-- ----------------------------
INSERT INTO `m_header` VALUES ('1', 'Galvalume Roll, Genteng Metal,\r\nGanal C, Reng,\r\nAtap Gelombang 5 (Trimdek),\r\nHollow, Wall Angel', '2017-04-01 15:09:04', 'developer', '2017-04-19 10:29:50', 'developer', '9');

-- ----------------------------
-- Table structure for m_jenis_barang
-- ----------------------------
DROP TABLE IF EXISTS `m_jenis_barang`;
CREATE TABLE `m_jenis_barang` (
  `jenis_barang_id` int(11) NOT NULL AUTO_INCREMENT,
  `jenis_barang_nama` varchar(255) DEFAULT NULL,
  `m_jenis_gudang_id` int(11) DEFAULT NULL,
  `jenis_barang_status_aktif` char(1) DEFAULT NULL,
  `jenis_barang_create_date` datetime DEFAULT NULL,
  `jenis_barang_create_by` varchar(255) DEFAULT NULL,
  `jenis_barang_update_date` datetime DEFAULT NULL ON UPDATE CURRENT_TIMESTAMP,
  `jenis_barang_update_by` varchar(255) DEFAULT NULL,
  `jenis_barang_revised` int(11) DEFAULT NULL,
  PRIMARY KEY (`jenis_barang_id`),
  KEY `jenis_gudang` (`m_jenis_gudang_id`),
  CONSTRAINT `jenis_gudang` FOREIGN KEY (`m_jenis_gudang_id`) REFERENCES `m_jenis_gudang` (`jenis_gudang_id`)
) ENGINE=InnoDB AUTO_INCREMENT=6 DEFAULT CHARSET=latin1;

-- ----------------------------
-- Records of m_jenis_barang
-- ----------------------------
INSERT INTO `m_jenis_barang` VALUES ('1', 'Bahan Baku', '2', 'y', '2017-02-15 18:06:09', 'developer', '2017-03-13 10:32:24', 'developer', '3');
INSERT INTO `m_jenis_barang` VALUES ('2', 'Bahan Penolong', '2', 'y', '2017-03-06 13:24:28', 'developer', '2017-03-13 10:33:29', 'developer', '6');
INSERT INTO `m_jenis_barang` VALUES ('3', 'Barang Jadi', '1', 'y', '2017-03-06 13:40:10', 'developer', '2017-03-13 10:32:39', 'developer', '1');
INSERT INTO `m_jenis_barang` VALUES ('4', 'Bahan ', '2', 'n', '2017-04-03 10:36:48', 'developer', '2017-04-03 10:37:00', 'developer', '1');
INSERT INTO `m_jenis_barang` VALUES ('5', 'Barang 5', '3', 'y', '2017-04-12 14:28:47', 'developer', '2017-04-12 14:31:59', 'developer', '1');

-- ----------------------------
-- Table structure for m_jenis_gudang
-- ----------------------------
DROP TABLE IF EXISTS `m_jenis_gudang`;
CREATE TABLE `m_jenis_gudang` (
  `jenis_gudang_id` int(11) NOT NULL AUTO_INCREMENT,
  `jenis_gudang_nama` varchar(255) NOT NULL,
  `jenis_gudang_status_aktif` char(1) NOT NULL,
  `jenis_gudang_create_date` datetime NOT NULL DEFAULT '0000-00-00 00:00:00',
  `jenis_gudang_create_by` varchar(255) NOT NULL,
  `jenis_gudang_update_date` datetime DEFAULT NULL ON UPDATE CURRENT_TIMESTAMP,
  `jenis_gudang_update_by` varchar(255) DEFAULT NULL,
  `jenis_gudang_revised` int(11) DEFAULT NULL,
  PRIMARY KEY (`jenis_gudang_id`)
) ENGINE=InnoDB AUTO_INCREMENT=6 DEFAULT CHARSET=latin1;

-- ----------------------------
-- Records of m_jenis_gudang
-- ----------------------------
INSERT INTO `m_jenis_gudang` VALUES ('1', 'GUDANG BARANG JADI', 'y', '2017-02-15 18:02:15', 'developer', '2017-03-07 14:05:01', 'gudangbahan', '4');
INSERT INTO `m_jenis_gudang` VALUES ('2', 'GUDANG BAHAN BAKU', 'y', '2017-03-06 13:28:08', 'developer', '2017-03-07 14:04:49', 'gudangbahan', '2');
INSERT INTO `m_jenis_gudang` VALUES ('3', 'GUDANG PRODUKSI', 'y', '2017-03-07 14:05:15', 'gudangbahan', '2017-03-07 14:05:15', null, '0');
INSERT INTO `m_jenis_gudang` VALUES ('4', 'Gudang Barang 1', 'n', '2017-04-03 10:33:22', 'developer', '2017-04-06 11:05:55', 'developer', '4');
INSERT INTO `m_jenis_gudang` VALUES ('5', 'Gudang AB', 'y', '2017-04-12 14:11:53', 'developer', '2017-04-12 14:12:24', 'developer', '3');

-- ----------------------------
-- Table structure for m_jenis_produksi
-- ----------------------------
DROP TABLE IF EXISTS `m_jenis_produksi`;
CREATE TABLE `m_jenis_produksi` (
  `jenis_produksi_id` int(11) NOT NULL AUTO_INCREMENT,
  `jenis_produksi_nama` varchar(255) DEFAULT NULL,
  `jenis_produksi_status_aktif` char(1) DEFAULT NULL,
  `jenis_produksi_created_date` datetime DEFAULT '0000-00-00 00:00:00',
  `jenis_produksi_created_by` varchar(255) DEFAULT NULL,
  `jenis_produksi_update_date` datetime DEFAULT NULL ON UPDATE CURRENT_TIMESTAMP,
  `jenis_produksi_update_by` varchar(255) DEFAULT NULL,
  `jenis_produksi_revised` int(11) DEFAULT NULL,
  PRIMARY KEY (`jenis_produksi_id`)
) ENGINE=InnoDB AUTO_INCREMENT=6 DEFAULT CHARSET=latin1;

-- ----------------------------
-- Records of m_jenis_produksi
-- ----------------------------
INSERT INTO `m_jenis_produksi` VALUES ('1', 'Trimdeck', 'y', '2017-03-10 10:38:45', null, '2017-03-10 16:30:53', null, null);
INSERT INTO `m_jenis_produksi` VALUES ('2', 'Roll', 'y', '2017-03-10 10:39:37', null, '2017-03-10 16:30:56', null, null);
INSERT INTO `m_jenis_produksi` VALUES ('3', 'Batangan', 'y', '2017-03-10 10:39:56', null, '2017-03-10 16:30:59', null, null);
INSERT INTO `m_jenis_produksi` VALUES ('4', 'Satuan', 'n', '2017-04-03 10:49:23', 'developer', '2017-04-03 10:49:30', 'developer', '1');
INSERT INTO `m_jenis_produksi` VALUES ('5', 'Produksi 1', 'y', '2017-04-12 15:02:29', 'developer', '2017-04-12 15:02:29', null, '0');

-- ----------------------------
-- Table structure for m_jenis_produksidet
-- ----------------------------
DROP TABLE IF EXISTS `m_jenis_produksidet`;
CREATE TABLE `m_jenis_produksidet` (
  `jenis_produksidet_id` int(11) NOT NULL AUTO_INCREMENT,
  `jenis_produksi_id` int(11) DEFAULT NULL,
  `jenis_produksi_type` int(11) DEFAULT '1' COMMENT '0 Custom, 1 Pilihan',
  `jenis_produksidet_parameter` varchar(255) DEFAULT NULL,
  `jenis_produksidet_operator` int(11) DEFAULT NULL COMMENT '1(+); 2(-); 3(x); 4(:); 5(=);',
  PRIMARY KEY (`jenis_produksidet_id`)
) ENGINE=InnoDB AUTO_INCREMENT=18 DEFAULT CHARSET=latin1;

-- ----------------------------
-- Records of m_jenis_produksidet
-- ----------------------------
INSERT INTO `m_jenis_produksidet` VALUES ('1', '1', '1', 'perolehan_produksi_akhirdet_ns', '1');
INSERT INTO `m_jenis_produksidet` VALUES ('2', '1', '1', 'perolehan_produksi_akhirdet_qty', '1');
INSERT INTO `m_jenis_produksidet` VALUES ('3', '1', '1', 'perolehan_produksi_akhirdet_qty_rusak', '3');
INSERT INTO `m_jenis_produksidet` VALUES ('4', '1', '1', 'perolehan_produksi_akhirdet_panjang', '3');
INSERT INTO `m_jenis_produksidet` VALUES ('5', '1', '1', 'perolehan_produksi_akhirdet_konversi', '3');
INSERT INTO `m_jenis_produksidet` VALUES ('6', '1', '0', '0.914', '5');
INSERT INTO `m_jenis_produksidet` VALUES ('7', '2', '1', 'perolehan_produksi_akhirdet_qty', '1');
INSERT INTO `m_jenis_produksidet` VALUES ('8', '2', '1', 'perolehan_produksi_akhirdet_qty_rusak', '1');
INSERT INTO `m_jenis_produksidet` VALUES ('9', '2', '1', 'perolehan_produksi_akhirdet_ns', '3');
INSERT INTO `m_jenis_produksidet` VALUES ('10', '2', '1', 'perolehan_produksi_akhirdet_berat', '5');
INSERT INTO `m_jenis_produksidet` VALUES ('11', '3', '1', 'perolehan_produksi_akhirdet_qty', '1');
INSERT INTO `m_jenis_produksidet` VALUES ('12', '3', '1', 'perolehan_produksi_akhirdet_qty_rusak', '1');
INSERT INTO `m_jenis_produksidet` VALUES ('13', '3', '1', 'perolehan_produksi_akhirdet_ns', '3');
INSERT INTO `m_jenis_produksidet` VALUES ('14', '3', '1', 'perolehan_produksi_akhirdet_berat', '5');
INSERT INTO `m_jenis_produksidet` VALUES ('15', '4', '1', 'perolehan_produksi_akhirdet_berat', '1');
INSERT INTO `m_jenis_produksidet` VALUES ('16', '5', '1', 'perolehan_produksi_akhirdet_micro', '1');
INSERT INTO `m_jenis_produksidet` VALUES ('17', '5', '1', 'perolehan_produksi_akhirdet_ns', '4');

-- ----------------------------
-- Table structure for m_karyawan
-- ----------------------------
DROP TABLE IF EXISTS `m_karyawan`;
CREATE TABLE `m_karyawan` (
  `karyawan_id` int(11) NOT NULL AUTO_INCREMENT,
  `karyawan_nip` varchar(255) NOT NULL,
  `karyawan_nama` varchar(255) NOT NULL,
  `karyawan_alamat` varchar(255) DEFAULT NULL,
  `karyawan_telepon` varchar(255) DEFAULT NULL,
  `m_type_karyawan_id` int(11) NOT NULL,
  `m_cabang_id` int(11) NOT NULL,
  `m_departemen_id` int(11) NOT NULL,
  `karyawan_status_aktif` char(255) NOT NULL,
  `karyawan_create_date` datetime NOT NULL DEFAULT '0000-00-00 00:00:00',
  `karyawan_create_by` varchar(255) NOT NULL,
  `karyawan_update_date` datetime DEFAULT NULL ON UPDATE CURRENT_TIMESTAMP,
  `karyawan_update_by` varchar(255) DEFAULT NULL,
  `karyawan_revised` int(11) DEFAULT NULL,
  PRIMARY KEY (`karyawan_id`),
  KEY `karyawan_type` (`m_type_karyawan_id`),
  KEY `cabang` (`m_cabang_id`),
  KEY `departemen` (`m_departemen_id`),
  CONSTRAINT `cabang` FOREIGN KEY (`m_cabang_id`) REFERENCES `m_cabang` (`cabang_id`),
  CONSTRAINT `departemen` FOREIGN KEY (`m_departemen_id`) REFERENCES `m_departemen` (`departemen_id`),
  CONSTRAINT `karyawan_type` FOREIGN KEY (`m_type_karyawan_id`) REFERENCES `m_type_karyawan` (`type_karyawan_id`)
) ENGINE=InnoDB AUTO_INCREMENT=20 DEFAULT CHARSET=latin1;

-- ----------------------------
-- Records of m_karyawan
-- ----------------------------
INSERT INTO `m_karyawan` VALUES ('1', '1', 'developer', '-', '[\"-\"]', '1', '1', '1', 'y', '0000-00-00 00:00:00', '0', '2017-03-06 13:07:30', 'developer', '1');
INSERT INTO `m_karyawan` VALUES ('7', '2017000001', 'Karyawan 1', '-', '[\"087\",\"088\",\"089\"]', '12', '2', '2', 'y', '2017-02-15 17:59:04', 'developer', '2017-04-12 13:44:47', 'developer', '5');
INSERT INTO `m_karyawan` VALUES ('8', '2017000002', 'Karyawan 2', '-', '[\"1212\",\"088\"]', '6', '1', '2', 'y', '2017-02-20 01:27:58', 'developer', '2017-03-06 13:07:03', 'developer', '2');
INSERT INTO `m_karyawan` VALUES ('9', '2000000001', 'Direktur 1', '-', '[\"087\"]', '1', '1', '1', 'y', '2017-02-20 01:28:45', 'developer', '2017-03-06 13:07:40', 'developer', '2');
INSERT INTO `m_karyawan` VALUES ('10', '0988', 'karyawan 1', 'bijihygygg', '[\"4515412\"]', '6', '1', '3', 'y', '2017-03-06 13:14:45', 'developer', '2017-03-11 13:50:02', 'developer', '7');
INSERT INTO `m_karyawan` VALUES ('11', '2017000004', 'produksi1', 'surabaya', '[\"0987654321\"]', '9', '1', '1', 'y', '2017-03-21 10:17:29', 'developer', '2017-03-21 10:17:29', null, '0');
INSERT INTO `m_karyawan` VALUES ('12', '2017000005', 'kepalaproduksi1', 'surabaya', '[\"1923891283\"]', '10', '1', '1', 'y', '2017-03-21 11:33:41', 'developer', '2017-03-21 11:33:41', null, '0');
INSERT INTO `m_karyawan` VALUES ('13', '121', 'coba', 'manukan', '[\"343142414\"]', '5', '1', '1', 'n', '2017-04-03 10:29:54', 'developer', '2017-04-03 10:30:14', 'developer', '2');
INSERT INTO `m_karyawan` VALUES ('18', '1234', 'gudangcabang3', 'surabaya', '[\"2324\"]', '5', '3', '4', 'y', '2017-04-12 09:35:04', 'developer', null, null, '0');
INSERT INTO `m_karyawan` VALUES ('19', '123456', 'DWI KARTIKA', 'JL, GAJAHMADA', '[\"0318898778\",\"08123456789\"]', '12', '2', '2', 'y', '2017-04-12 13:41:20', 'developer', '2017-04-12 13:45:35', 'developer', '3');

-- ----------------------------
-- Table structure for m_kas
-- ----------------------------
DROP TABLE IF EXISTS `m_kas`;
CREATE TABLE `m_kas` (
  `kas_id` int(11) NOT NULL AUTO_INCREMENT,
  `kas_nama` varchar(255) DEFAULT NULL,
  `kas_status_aktif` char(1) DEFAULT NULL,
  `kas_created_date` datetime DEFAULT NULL,
  `kas_created_by` varchar(255) DEFAULT NULL,
  `kas_update_date` datetime DEFAULT NULL,
  `kas_update_by` varchar(255) DEFAULT NULL,
  `kas_revised` int(11) DEFAULT NULL,
  `m_cabang_id` int(11) DEFAULT NULL,
  PRIMARY KEY (`kas_id`)
) ENGINE=MyISAM AUTO_INCREMENT=5 DEFAULT CHARSET=latin1;

-- ----------------------------
-- Records of m_kas
-- ----------------------------
INSERT INTO `m_kas` VALUES ('1', 'Kas Besar', 'y', '2017-04-01 16:19:08', 'developer', '2017-04-01 16:19:56', 'developer', '2', '1');
INSERT INTO `m_kas` VALUES ('2', 'Kas Kecil', 'y', '2017-04-03 10:43:10', 'developer', '2017-04-03 10:43:10', null, '0', '1');

-- ----------------------------
-- Table structure for m_konsinyasi
-- ----------------------------
DROP TABLE IF EXISTS `m_konsinyasi`;
CREATE TABLE `m_konsinyasi` (
  `konsinyasi_id` int(11) NOT NULL AUTO_INCREMENT,
  `m_jenis_barang_id` int(11) DEFAULT NULL,
  `m_category_2_id` int(11) DEFAULT NULL,
  `m_barang_id` varchar(255) NOT NULL,
  `konsinyasi_status_aktif` char(1) NOT NULL,
  `konsinyasi_create_date` datetime NOT NULL DEFAULT '0000-00-00 00:00:00',
  `konsinyasi_create_by` varchar(255) NOT NULL,
  `konsinyasi_update_date` datetime DEFAULT NULL,
  `konsinyasi_update_by` varchar(255) DEFAULT NULL,
  `konsinyasi_revised` int(11) DEFAULT NULL,
  PRIMARY KEY (`konsinyasi_id`)
) ENGINE=InnoDB AUTO_INCREMENT=378 DEFAULT CHARSET=latin1;

-- ----------------------------
-- Records of m_konsinyasi
-- ----------------------------
INSERT INTO `m_konsinyasi` VALUES ('1', '2', '6', '142', 'y', '2017-04-27 23:55:22', 'developer', '0000-00-00 00:00:00', '', '0');
INSERT INTO `m_konsinyasi` VALUES ('2', '2', '12', '512', 'y', '2017-04-27 23:55:32', 'developer', '0000-00-00 00:00:00', '', '0');
INSERT INTO `m_konsinyasi` VALUES ('3', '2', '14', '603', 'y', '2017-04-27 23:55:37', 'developer', '0000-00-00 00:00:00', '', '0');
INSERT INTO `m_konsinyasi` VALUES ('4', '2', '14', '608', 'y', '2017-04-27 23:55:37', 'developer', '0000-00-00 00:00:00', '', '0');
INSERT INTO `m_konsinyasi` VALUES ('5', '7', '32', '1048', 'y', '2017-04-27 23:55:49', 'developer', '0000-00-00 00:00:00', '', '0');
INSERT INTO `m_konsinyasi` VALUES ('6', '10', '43', '1396', 'y', '2017-04-27 23:55:59', 'developer', '0000-00-00 00:00:00', '', '0');
INSERT INTO `m_konsinyasi` VALUES ('7', '10', '43', '1397', 'y', '2017-04-27 23:55:59', 'developer', '0000-00-00 00:00:00', '', '0');
INSERT INTO `m_konsinyasi` VALUES ('8', '10', '43', '1398', 'y', '2017-04-27 23:55:59', 'developer', '0000-00-00 00:00:00', '', '0');
INSERT INTO `m_konsinyasi` VALUES ('9', '10', '43', '1399', 'y', '2017-04-27 23:55:59', 'developer', '0000-00-00 00:00:00', '', '0');
INSERT INTO `m_konsinyasi` VALUES ('10', '10', '43', '1400', 'y', '2017-04-27 23:55:59', 'developer', '0000-00-00 00:00:00', '', '0');
INSERT INTO `m_konsinyasi` VALUES ('11', '10', '43', '1401', 'y', '2017-04-27 23:55:59', 'developer', '0000-00-00 00:00:00', '', '0');
INSERT INTO `m_konsinyasi` VALUES ('12', '10', '43', '1402', 'y', '2017-04-27 23:55:59', 'developer', '0000-00-00 00:00:00', '', '0');
INSERT INTO `m_konsinyasi` VALUES ('13', '10', '43', '1403', 'y', '2017-04-27 23:55:59', 'developer', '0000-00-00 00:00:00', '', '0');
INSERT INTO `m_konsinyasi` VALUES ('14', '10', '43', '1404', 'y', '2017-04-27 23:55:59', 'developer', '0000-00-00 00:00:00', '', '0');
INSERT INTO `m_konsinyasi` VALUES ('15', '10', '43', '1405', 'y', '2017-04-27 23:55:59', 'developer', '0000-00-00 00:00:00', '', '0');
INSERT INTO `m_konsinyasi` VALUES ('16', '10', '43', '1406', 'y', '2017-04-27 23:55:59', 'developer', '0000-00-00 00:00:00', '', '0');
INSERT INTO `m_konsinyasi` VALUES ('17', '10', '43', '1407', 'y', '2017-04-27 23:55:59', 'developer', '0000-00-00 00:00:00', '', '0');
INSERT INTO `m_konsinyasi` VALUES ('18', '10', '43', '1508', 'y', '2017-04-27 23:56:02', 'developer', '0000-00-00 00:00:00', '', '0');
INSERT INTO `m_konsinyasi` VALUES ('19', '10', '43', '1509', 'y', '2017-04-27 23:56:02', 'developer', '0000-00-00 00:00:00', '', '0');
INSERT INTO `m_konsinyasi` VALUES ('20', '10', '43', '1510', 'y', '2017-04-27 23:56:02', 'developer', '0000-00-00 00:00:00', '', '0');
INSERT INTO `m_konsinyasi` VALUES ('21', '10', '43', '1511', 'y', '2017-04-27 23:56:02', 'developer', '0000-00-00 00:00:00', '', '0');
INSERT INTO `m_konsinyasi` VALUES ('22', '10', '43', '1512', 'y', '2017-04-27 23:56:02', 'developer', '0000-00-00 00:00:00', '', '0');
INSERT INTO `m_konsinyasi` VALUES ('23', '10', '43', '1513', 'y', '2017-04-27 23:56:02', 'developer', '0000-00-00 00:00:00', '', '0');
INSERT INTO `m_konsinyasi` VALUES ('24', '10', '43', '1514', 'y', '2017-04-27 23:56:02', 'developer', '0000-00-00 00:00:00', '', '0');
INSERT INTO `m_konsinyasi` VALUES ('25', '10', '43', '1515', 'y', '2017-04-27 23:56:02', 'developer', '0000-00-00 00:00:00', '', '0');
INSERT INTO `m_konsinyasi` VALUES ('26', '10', '43', '1516', 'y', '2017-04-27 23:56:02', 'developer', '0000-00-00 00:00:00', '', '0');
INSERT INTO `m_konsinyasi` VALUES ('27', '10', '43', '1517', 'y', '2017-04-27 23:56:03', 'developer', '0000-00-00 00:00:00', '', '0');
INSERT INTO `m_konsinyasi` VALUES ('28', '10', '43', '1518', 'y', '2017-04-27 23:56:03', 'developer', '0000-00-00 00:00:00', '', '0');
INSERT INTO `m_konsinyasi` VALUES ('29', '10', '43', '1519', 'y', '2017-04-27 23:56:03', 'developer', '0000-00-00 00:00:00', '', '0');
INSERT INTO `m_konsinyasi` VALUES ('30', '10', '43', '1520', 'y', '2017-04-27 23:56:03', 'developer', '0000-00-00 00:00:00', '', '0');
INSERT INTO `m_konsinyasi` VALUES ('31', '10', '43', '1521', 'y', '2017-04-27 23:56:03', 'developer', '0000-00-00 00:00:00', '', '0');
INSERT INTO `m_konsinyasi` VALUES ('32', '10', '43', '1522', 'y', '2017-04-27 23:56:03', 'developer', '0000-00-00 00:00:00', '', '0');
INSERT INTO `m_konsinyasi` VALUES ('33', '10', '43', '1523', 'y', '2017-04-27 23:56:03', 'developer', '0000-00-00 00:00:00', '', '0');
INSERT INTO `m_konsinyasi` VALUES ('34', '10', '43', '1524', 'y', '2017-04-27 23:56:03', 'developer', '0000-00-00 00:00:00', '', '0');
INSERT INTO `m_konsinyasi` VALUES ('35', '10', '43', '1525', 'y', '2017-04-27 23:56:03', 'developer', '0000-00-00 00:00:00', '', '0');
INSERT INTO `m_konsinyasi` VALUES ('36', '10', '43', '1526', 'y', '2017-04-27 23:56:04', 'developer', '0000-00-00 00:00:00', '', '0');
INSERT INTO `m_konsinyasi` VALUES ('37', '10', '43', '1527', 'y', '2017-04-27 23:56:04', 'developer', '0000-00-00 00:00:00', '', '0');
INSERT INTO `m_konsinyasi` VALUES ('38', '10', '43', '1528', 'y', '2017-04-27 23:56:04', 'developer', '0000-00-00 00:00:00', '', '0');
INSERT INTO `m_konsinyasi` VALUES ('39', '10', '43', '1529', 'y', '2017-04-27 23:56:04', 'developer', '0000-00-00 00:00:00', '', '0');
INSERT INTO `m_konsinyasi` VALUES ('40', '10', '43', '1586', 'y', '2017-04-27 23:56:07', 'developer', '0000-00-00 00:00:00', '', '0');
INSERT INTO `m_konsinyasi` VALUES ('41', '10', '43', '1587', 'y', '2017-04-27 23:56:07', 'developer', '0000-00-00 00:00:00', '', '0');
INSERT INTO `m_konsinyasi` VALUES ('42', '10', '43', '1588', 'y', '2017-04-27 23:56:07', 'developer', '0000-00-00 00:00:00', '', '0');
INSERT INTO `m_konsinyasi` VALUES ('43', '10', '43', '1589', 'y', '2017-04-27 23:56:08', 'developer', '0000-00-00 00:00:00', '', '0');
INSERT INTO `m_konsinyasi` VALUES ('44', '10', '43', '1590', 'y', '2017-04-27 23:56:08', 'developer', '0000-00-00 00:00:00', '', '0');
INSERT INTO `m_konsinyasi` VALUES ('45', '10', '43', '1591', 'y', '2017-04-27 23:56:08', 'developer', '0000-00-00 00:00:00', '', '0');
INSERT INTO `m_konsinyasi` VALUES ('46', '10', '43', '1592', 'y', '2017-04-27 23:56:08', 'developer', '0000-00-00 00:00:00', '', '0');
INSERT INTO `m_konsinyasi` VALUES ('47', '10', '43', '1593', 'y', '2017-04-27 23:56:08', 'developer', '0000-00-00 00:00:00', '', '0');
INSERT INTO `m_konsinyasi` VALUES ('48', '10', '43', '1594', 'y', '2017-04-27 23:56:08', 'developer', '0000-00-00 00:00:00', '', '0');
INSERT INTO `m_konsinyasi` VALUES ('49', '10', '43', '1595', 'y', '2017-04-27 23:56:08', 'developer', '0000-00-00 00:00:00', '', '0');
INSERT INTO `m_konsinyasi` VALUES ('50', '10', '43', '1596', 'y', '2017-04-27 23:56:09', 'developer', '0000-00-00 00:00:00', '', '0');
INSERT INTO `m_konsinyasi` VALUES ('51', '10', '43', '1597', 'y', '2017-04-27 23:56:09', 'developer', '0000-00-00 00:00:00', '', '0');
INSERT INTO `m_konsinyasi` VALUES ('52', '10', '43', '1598', 'y', '2017-04-27 23:56:09', 'developer', '0000-00-00 00:00:00', '', '0');
INSERT INTO `m_konsinyasi` VALUES ('53', '10', '43', '1599', 'y', '2017-04-27 23:56:09', 'developer', '0000-00-00 00:00:00', '', '0');
INSERT INTO `m_konsinyasi` VALUES ('54', '10', '43', '1600', 'y', '2017-04-27 23:56:09', 'developer', '0000-00-00 00:00:00', '', '0');
INSERT INTO `m_konsinyasi` VALUES ('55', '10', '43', '1601', 'y', '2017-04-27 23:56:09', 'developer', '0000-00-00 00:00:00', '', '0');
INSERT INTO `m_konsinyasi` VALUES ('56', '10', '43', '1602', 'y', '2017-04-27 23:56:10', 'developer', '0000-00-00 00:00:00', '', '0');
INSERT INTO `m_konsinyasi` VALUES ('57', '10', '43', '1603', 'y', '2017-04-27 23:56:10', 'developer', '0000-00-00 00:00:00', '', '0');
INSERT INTO `m_konsinyasi` VALUES ('58', '10', '43', '1604', 'y', '2017-04-27 23:56:10', 'developer', '0000-00-00 00:00:00', '', '0');
INSERT INTO `m_konsinyasi` VALUES ('59', '10', '43', '1605', 'y', '2017-04-27 23:56:11', 'developer', '0000-00-00 00:00:00', '', '0');
INSERT INTO `m_konsinyasi` VALUES ('60', '10', '43', '1606', 'y', '2017-04-27 23:56:11', 'developer', '0000-00-00 00:00:00', '', '0');
INSERT INTO `m_konsinyasi` VALUES ('61', '10', '43', '1607', 'y', '2017-04-27 23:56:11', 'developer', '0000-00-00 00:00:00', '', '0');
INSERT INTO `m_konsinyasi` VALUES ('62', '10', '43', '1608', 'y', '2017-04-27 23:56:11', 'developer', '0000-00-00 00:00:00', '', '0');
INSERT INTO `m_konsinyasi` VALUES ('63', '10', '43', '1609', 'y', '2017-04-27 23:56:11', 'developer', '0000-00-00 00:00:00', '', '0');
INSERT INTO `m_konsinyasi` VALUES ('64', '10', '43', '1610', 'y', '2017-04-27 23:56:11', 'developer', '0000-00-00 00:00:00', '', '0');
INSERT INTO `m_konsinyasi` VALUES ('65', '10', '43', '1611', 'y', '2017-04-27 23:56:12', 'developer', '0000-00-00 00:00:00', '', '0');
INSERT INTO `m_konsinyasi` VALUES ('66', '10', '43', '1612', 'y', '2017-04-27 23:56:12', 'developer', '0000-00-00 00:00:00', '', '0');
INSERT INTO `m_konsinyasi` VALUES ('67', '10', '43', '1613', 'y', '2017-04-27 23:56:12', 'developer', '0000-00-00 00:00:00', '', '0');
INSERT INTO `m_konsinyasi` VALUES ('68', '10', '43', '1614', 'y', '2017-04-27 23:56:12', 'developer', '0000-00-00 00:00:00', '', '0');
INSERT INTO `m_konsinyasi` VALUES ('69', '10', '43', '1615', 'y', '2017-04-27 23:56:12', 'developer', '0000-00-00 00:00:00', '', '0');
INSERT INTO `m_konsinyasi` VALUES ('70', '10', '43', '1616', 'y', '2017-04-27 23:56:13', 'developer', '0000-00-00 00:00:00', '', '0');
INSERT INTO `m_konsinyasi` VALUES ('71', '10', '43', '1617', 'y', '2017-04-27 23:56:13', 'developer', '0000-00-00 00:00:00', '', '0');
INSERT INTO `m_konsinyasi` VALUES ('72', '10', '43', '1618', 'y', '2017-04-27 23:56:14', 'developer', '0000-00-00 00:00:00', '', '0');
INSERT INTO `m_konsinyasi` VALUES ('73', '10', '43', '1619', 'y', '2017-04-27 23:56:15', 'developer', '0000-00-00 00:00:00', '', '0');
INSERT INTO `m_konsinyasi` VALUES ('74', '10', '43', '1620', 'y', '2017-04-27 23:56:15', 'developer', '0000-00-00 00:00:00', '', '0');
INSERT INTO `m_konsinyasi` VALUES ('75', '10', '43', '1621', 'y', '2017-04-27 23:56:16', 'developer', '0000-00-00 00:00:00', '', '0');
INSERT INTO `m_konsinyasi` VALUES ('76', '10', '43', '1622', 'y', '2017-04-27 23:56:16', 'developer', '0000-00-00 00:00:00', '', '0');
INSERT INTO `m_konsinyasi` VALUES ('77', '10', '43', '1623', 'y', '2017-04-27 23:56:16', 'developer', '0000-00-00 00:00:00', '', '0');
INSERT INTO `m_konsinyasi` VALUES ('78', '10', '43', '1624', 'y', '2017-04-27 23:56:17', 'developer', '0000-00-00 00:00:00', '', '0');
INSERT INTO `m_konsinyasi` VALUES ('79', '10', '43', '1625', 'y', '2017-04-27 23:56:17', 'developer', '0000-00-00 00:00:00', '', '0');
INSERT INTO `m_konsinyasi` VALUES ('80', '10', '43', '1626', 'y', '2017-04-27 23:56:17', 'developer', '0000-00-00 00:00:00', '', '0');
INSERT INTO `m_konsinyasi` VALUES ('81', '10', '43', '1627', 'y', '2017-04-27 23:56:17', 'developer', '0000-00-00 00:00:00', '', '0');
INSERT INTO `m_konsinyasi` VALUES ('82', '10', '43', '1628', 'y', '2017-04-27 23:56:17', 'developer', '0000-00-00 00:00:00', '', '0');
INSERT INTO `m_konsinyasi` VALUES ('83', '10', '43', '1629', 'y', '2017-04-27 23:56:17', 'developer', '0000-00-00 00:00:00', '', '0');
INSERT INTO `m_konsinyasi` VALUES ('84', '10', '43', '1630', 'y', '2017-04-27 23:56:17', 'developer', '0000-00-00 00:00:00', '', '0');
INSERT INTO `m_konsinyasi` VALUES ('85', '10', '43', '1631', 'y', '2017-04-27 23:56:17', 'developer', '0000-00-00 00:00:00', '', '0');
INSERT INTO `m_konsinyasi` VALUES ('86', '10', '43', '1632', 'y', '2017-04-27 23:56:17', 'developer', '0000-00-00 00:00:00', '', '0');
INSERT INTO `m_konsinyasi` VALUES ('87', '10', '43', '1633', 'y', '2017-04-27 23:56:17', 'developer', '0000-00-00 00:00:00', '', '0');
INSERT INTO `m_konsinyasi` VALUES ('88', '10', '43', '1634', 'y', '2017-04-27 23:56:17', 'developer', '0000-00-00 00:00:00', '', '0');
INSERT INTO `m_konsinyasi` VALUES ('89', '10', '43', '1635', 'y', '2017-04-27 23:56:18', 'developer', '0000-00-00 00:00:00', '', '0');
INSERT INTO `m_konsinyasi` VALUES ('90', '10', '43', '1636', 'y', '2017-04-27 23:56:18', 'developer', '0000-00-00 00:00:00', '', '0');
INSERT INTO `m_konsinyasi` VALUES ('91', '10', '43', '1637', 'y', '2017-04-27 23:56:18', 'developer', '0000-00-00 00:00:00', '', '0');
INSERT INTO `m_konsinyasi` VALUES ('92', '10', '43', '1638', 'y', '2017-04-27 23:56:18', 'developer', '0000-00-00 00:00:00', '', '0');
INSERT INTO `m_konsinyasi` VALUES ('93', '10', '43', '1639', 'y', '2017-04-27 23:56:18', 'developer', '0000-00-00 00:00:00', '', '0');
INSERT INTO `m_konsinyasi` VALUES ('94', '10', '43', '1640', 'y', '2017-04-27 23:56:18', 'developer', '0000-00-00 00:00:00', '', '0');
INSERT INTO `m_konsinyasi` VALUES ('95', '10', '43', '1740', 'y', '2017-04-27 23:56:27', 'developer', '0000-00-00 00:00:00', '', '0');
INSERT INTO `m_konsinyasi` VALUES ('96', '10', '43', '1741', 'y', '2017-04-27 23:56:28', 'developer', '0000-00-00 00:00:00', '', '0');
INSERT INTO `m_konsinyasi` VALUES ('97', '10', '43', '1742', 'y', '2017-04-27 23:56:28', 'developer', '0000-00-00 00:00:00', '', '0');
INSERT INTO `m_konsinyasi` VALUES ('98', '10', '43', '1743', 'y', '2017-04-27 23:56:28', 'developer', '0000-00-00 00:00:00', '', '0');
INSERT INTO `m_konsinyasi` VALUES ('99', '10', '43', '1744', 'y', '2017-04-27 23:56:28', 'developer', '0000-00-00 00:00:00', '', '0');
INSERT INTO `m_konsinyasi` VALUES ('100', '10', '43', '1745', 'y', '2017-04-27 23:56:29', 'developer', '0000-00-00 00:00:00', '', '0');
INSERT INTO `m_konsinyasi` VALUES ('101', '10', '43', '1746', 'y', '2017-04-27 23:56:29', 'developer', '0000-00-00 00:00:00', '', '0');
INSERT INTO `m_konsinyasi` VALUES ('102', '10', '43', '1747', 'y', '2017-04-27 23:56:29', 'developer', '0000-00-00 00:00:00', '', '0');
INSERT INTO `m_konsinyasi` VALUES ('103', '10', '43', '1748', 'y', '2017-04-27 23:56:29', 'developer', '0000-00-00 00:00:00', '', '0');
INSERT INTO `m_konsinyasi` VALUES ('104', '10', '43', '1749', 'y', '2017-04-27 23:56:29', 'developer', '0000-00-00 00:00:00', '', '0');
INSERT INTO `m_konsinyasi` VALUES ('105', '10', '43', '1750', 'y', '2017-04-27 23:56:29', 'developer', '0000-00-00 00:00:00', '', '0');
INSERT INTO `m_konsinyasi` VALUES ('106', '10', '43', '1751', 'y', '2017-04-27 23:56:29', 'developer', '0000-00-00 00:00:00', '', '0');
INSERT INTO `m_konsinyasi` VALUES ('107', '10', '43', '1752', 'y', '2017-04-27 23:56:29', 'developer', '0000-00-00 00:00:00', '', '0');
INSERT INTO `m_konsinyasi` VALUES ('108', '10', '43', '1753', 'y', '2017-04-27 23:56:29', 'developer', '0000-00-00 00:00:00', '', '0');
INSERT INTO `m_konsinyasi` VALUES ('109', '10', '43', '1754', 'y', '2017-04-27 23:56:30', 'developer', '0000-00-00 00:00:00', '', '0');
INSERT INTO `m_konsinyasi` VALUES ('110', '10', '43', '1755', 'y', '2017-04-27 23:56:30', 'developer', '0000-00-00 00:00:00', '', '0');
INSERT INTO `m_konsinyasi` VALUES ('111', '10', '43', '1756', 'y', '2017-04-27 23:56:30', 'developer', '0000-00-00 00:00:00', '', '0');
INSERT INTO `m_konsinyasi` VALUES ('112', '10', '43', '1757', 'y', '2017-04-27 23:56:30', 'developer', '0000-00-00 00:00:00', '', '0');
INSERT INTO `m_konsinyasi` VALUES ('113', '10', '43', '1758', 'y', '2017-04-27 23:56:30', 'developer', '0000-00-00 00:00:00', '', '0');
INSERT INTO `m_konsinyasi` VALUES ('114', '10', '43', '1759', 'y', '2017-04-27 23:56:30', 'developer', '0000-00-00 00:00:00', '', '0');
INSERT INTO `m_konsinyasi` VALUES ('115', '10', '43', '1760', 'y', '2017-04-27 23:56:30', 'developer', '0000-00-00 00:00:00', '', '0');
INSERT INTO `m_konsinyasi` VALUES ('116', '10', '43', '1761', 'y', '2017-04-27 23:56:30', 'developer', '0000-00-00 00:00:00', '', '0');
INSERT INTO `m_konsinyasi` VALUES ('117', '10', '43', '1762', 'y', '2017-04-27 23:56:30', 'developer', '0000-00-00 00:00:00', '', '0');
INSERT INTO `m_konsinyasi` VALUES ('118', '10', '43', '1763', 'y', '2017-04-27 23:56:30', 'developer', '0000-00-00 00:00:00', '', '0');
INSERT INTO `m_konsinyasi` VALUES ('119', '10', '43', '1764', 'y', '2017-04-27 23:56:30', 'developer', '0000-00-00 00:00:00', '', '0');
INSERT INTO `m_konsinyasi` VALUES ('120', '10', '43', '1765', 'y', '2017-04-27 23:56:31', 'developer', '0000-00-00 00:00:00', '', '0');
INSERT INTO `m_konsinyasi` VALUES ('121', '10', '43', '1766', 'y', '2017-04-27 23:56:31', 'developer', '0000-00-00 00:00:00', '', '0');
INSERT INTO `m_konsinyasi` VALUES ('122', '10', '43', '1767', 'y', '2017-04-27 23:56:31', 'developer', '0000-00-00 00:00:00', '', '0');
INSERT INTO `m_konsinyasi` VALUES ('123', '10', '43', '1768', 'y', '2017-04-27 23:56:31', 'developer', '0000-00-00 00:00:00', '', '0');
INSERT INTO `m_konsinyasi` VALUES ('124', '10', '43', '1769', 'y', '2017-04-27 23:56:31', 'developer', '0000-00-00 00:00:00', '', '0');
INSERT INTO `m_konsinyasi` VALUES ('125', '10', '43', '1770', 'y', '2017-04-27 23:56:31', 'developer', '0000-00-00 00:00:00', '', '0');
INSERT INTO `m_konsinyasi` VALUES ('126', '10', '43', '1771', 'y', '2017-04-27 23:56:31', 'developer', '0000-00-00 00:00:00', '', '0');
INSERT INTO `m_konsinyasi` VALUES ('127', '10', '43', '1772', 'y', '2017-04-27 23:56:32', 'developer', '0000-00-00 00:00:00', '', '0');
INSERT INTO `m_konsinyasi` VALUES ('128', '10', '43', '1773', 'y', '2017-04-27 23:56:32', 'developer', '0000-00-00 00:00:00', '', '0');
INSERT INTO `m_konsinyasi` VALUES ('129', '10', '43', '1774', 'y', '2017-04-27 23:56:32', 'developer', '0000-00-00 00:00:00', '', '0');
INSERT INTO `m_konsinyasi` VALUES ('130', '10', '43', '1775', 'y', '2017-04-27 23:56:32', 'developer', '0000-00-00 00:00:00', '', '0');
INSERT INTO `m_konsinyasi` VALUES ('131', '10', '43', '1776', 'y', '2017-04-27 23:56:33', 'developer', '0000-00-00 00:00:00', '', '0');
INSERT INTO `m_konsinyasi` VALUES ('132', '10', '44', '1860', 'y', '2017-04-27 23:56:42', 'developer', '0000-00-00 00:00:00', '', '0');
INSERT INTO `m_konsinyasi` VALUES ('133', '13', '53', '2275', 'y', '2017-04-27 23:57:03', 'developer', '0000-00-00 00:00:00', '', '0');
INSERT INTO `m_konsinyasi` VALUES ('134', '13', '53', '2276', 'y', '2017-04-27 23:57:04', 'developer', '0000-00-00 00:00:00', '', '0');
INSERT INTO `m_konsinyasi` VALUES ('135', '13', '53', '2277', 'y', '2017-04-27 23:57:04', 'developer', '0000-00-00 00:00:00', '', '0');
INSERT INTO `m_konsinyasi` VALUES ('136', '13', '53', '2278', 'y', '2017-04-27 23:57:04', 'developer', '0000-00-00 00:00:00', '', '0');
INSERT INTO `m_konsinyasi` VALUES ('137', '13', '53', '2279', 'y', '2017-04-27 23:57:04', 'developer', '0000-00-00 00:00:00', '', '0');
INSERT INTO `m_konsinyasi` VALUES ('138', '13', '53', '2279', 'y', '2017-04-27 23:57:04', 'developer', '0000-00-00 00:00:00', '', '0');
INSERT INTO `m_konsinyasi` VALUES ('139', '13', '53', '2281', 'y', '2017-04-27 23:57:04', 'developer', '0000-00-00 00:00:00', '', '0');
INSERT INTO `m_konsinyasi` VALUES ('140', '13', '53', '2282', 'y', '2017-04-27 23:57:04', 'developer', '0000-00-00 00:00:00', '', '0');
INSERT INTO `m_konsinyasi` VALUES ('141', '13', '53', '2283', 'y', '2017-04-27 23:57:04', 'developer', '0000-00-00 00:00:00', '', '0');
INSERT INTO `m_konsinyasi` VALUES ('142', '13', '53', '2284', 'y', '2017-04-27 23:57:04', 'developer', '0000-00-00 00:00:00', '', '0');
INSERT INTO `m_konsinyasi` VALUES ('143', '13', '53', '2285', 'y', '2017-04-27 23:57:04', 'developer', '0000-00-00 00:00:00', '', '0');
INSERT INTO `m_konsinyasi` VALUES ('144', '13', '53', '2286', 'y', '2017-04-27 23:57:04', 'developer', '0000-00-00 00:00:00', '', '0');
INSERT INTO `m_konsinyasi` VALUES ('145', '13', '53', '2287', 'y', '2017-04-27 23:57:04', 'developer', '0000-00-00 00:00:00', '', '0');
INSERT INTO `m_konsinyasi` VALUES ('146', '13', '53', '2288', 'y', '2017-04-27 23:57:04', 'developer', '0000-00-00 00:00:00', '', '0');
INSERT INTO `m_konsinyasi` VALUES ('147', '13', '53', '2289', 'y', '2017-04-27 23:57:04', 'developer', '0000-00-00 00:00:00', '', '0');
INSERT INTO `m_konsinyasi` VALUES ('148', '13', '53', '2290', 'y', '2017-04-27 23:57:04', 'developer', '0000-00-00 00:00:00', '', '0');
INSERT INTO `m_konsinyasi` VALUES ('149', '13', '53', '2291', 'y', '2017-04-27 23:57:04', 'developer', '0000-00-00 00:00:00', '', '0');
INSERT INTO `m_konsinyasi` VALUES ('150', '13', '53', '2292', 'y', '2017-04-27 23:57:04', 'developer', '0000-00-00 00:00:00', '', '0');
INSERT INTO `m_konsinyasi` VALUES ('151', '13', '53', '2398', 'y', '2017-04-27 23:57:07', 'developer', '0000-00-00 00:00:00', '', '0');
INSERT INTO `m_konsinyasi` VALUES ('152', '13', '53', '2453', 'y', '2017-04-27 23:57:08', 'developer', '0000-00-00 00:00:00', '', '0');
INSERT INTO `m_konsinyasi` VALUES ('153', '13', '53', '2522', 'y', '2017-04-27 23:57:09', 'developer', '0000-00-00 00:00:00', '', '0');
INSERT INTO `m_konsinyasi` VALUES ('154', '13', '53', '2562', 'y', '2017-04-27 23:57:12', 'developer', '0000-00-00 00:00:00', '', '0');
INSERT INTO `m_konsinyasi` VALUES ('155', '15', '59', '2775', 'y', '2017-04-27 23:57:17', 'developer', '0000-00-00 00:00:00', '', '0');
INSERT INTO `m_konsinyasi` VALUES ('156', '15', '59', '2776', 'y', '2017-04-27 23:57:17', 'developer', '0000-00-00 00:00:00', '', '0');
INSERT INTO `m_konsinyasi` VALUES ('157', '15', '59', '2777', 'y', '2017-04-27 23:57:17', 'developer', '0000-00-00 00:00:00', '', '0');
INSERT INTO `m_konsinyasi` VALUES ('158', '15', '59', '2778', 'y', '2017-04-27 23:57:17', 'developer', '0000-00-00 00:00:00', '', '0');
INSERT INTO `m_konsinyasi` VALUES ('159', '15', '59', '2779', 'y', '2017-04-27 23:57:17', 'developer', '0000-00-00 00:00:00', '', '0');
INSERT INTO `m_konsinyasi` VALUES ('160', '15', '59', '2780', 'y', '2017-04-27 23:57:17', 'developer', '0000-00-00 00:00:00', '', '0');
INSERT INTO `m_konsinyasi` VALUES ('161', '15', '59', '2781', 'y', '2017-04-27 23:57:17', 'developer', '0000-00-00 00:00:00', '', '0');
INSERT INTO `m_konsinyasi` VALUES ('162', '15', '59', '2782', 'y', '2017-04-27 23:57:17', 'developer', '0000-00-00 00:00:00', '', '0');
INSERT INTO `m_konsinyasi` VALUES ('163', '15', '59', '2783', 'y', '2017-04-27 23:57:17', 'developer', '0000-00-00 00:00:00', '', '0');
INSERT INTO `m_konsinyasi` VALUES ('164', '15', '59', '2784', 'y', '2017-04-27 23:57:17', 'developer', '0000-00-00 00:00:00', '', '0');
INSERT INTO `m_konsinyasi` VALUES ('165', '15', '59', '2785', 'y', '2017-04-27 23:57:17', 'developer', '0000-00-00 00:00:00', '', '0');
INSERT INTO `m_konsinyasi` VALUES ('166', '15', '59', '2786', 'y', '2017-04-27 23:57:17', 'developer', '0000-00-00 00:00:00', '', '0');
INSERT INTO `m_konsinyasi` VALUES ('167', '15', '59', '2787', 'y', '2017-04-27 23:57:17', 'developer', '0000-00-00 00:00:00', '', '0');
INSERT INTO `m_konsinyasi` VALUES ('168', '15', '59', '2788', 'y', '2017-04-27 23:57:17', 'developer', '0000-00-00 00:00:00', '', '0');
INSERT INTO `m_konsinyasi` VALUES ('169', '15', '59', '2789', 'y', '2017-04-27 23:57:17', 'developer', '0000-00-00 00:00:00', '', '0');
INSERT INTO `m_konsinyasi` VALUES ('170', '15', '59', '2790', 'y', '2017-04-27 23:57:18', 'developer', '0000-00-00 00:00:00', '', '0');
INSERT INTO `m_konsinyasi` VALUES ('171', '15', '59', '2791', 'y', '2017-04-27 23:57:18', 'developer', '0000-00-00 00:00:00', '', '0');
INSERT INTO `m_konsinyasi` VALUES ('172', '15', '59', '2792', 'y', '2017-04-27 23:57:18', 'developer', '0000-00-00 00:00:00', '', '0');
INSERT INTO `m_konsinyasi` VALUES ('173', '15', '59', '2793', 'y', '2017-04-27 23:57:18', 'developer', '0000-00-00 00:00:00', '', '0');
INSERT INTO `m_konsinyasi` VALUES ('174', '15', '59', '2794', 'y', '2017-04-27 23:57:18', 'developer', '0000-00-00 00:00:00', '', '0');
INSERT INTO `m_konsinyasi` VALUES ('175', '15', '59', '2795', 'y', '2017-04-27 23:57:18', 'developer', '0000-00-00 00:00:00', '', '0');
INSERT INTO `m_konsinyasi` VALUES ('176', '15', '59', '2796', 'y', '2017-04-27 23:57:18', 'developer', '0000-00-00 00:00:00', '', '0');
INSERT INTO `m_konsinyasi` VALUES ('177', '15', '59', '2797', 'y', '2017-04-27 23:57:18', 'developer', '0000-00-00 00:00:00', '', '0');
INSERT INTO `m_konsinyasi` VALUES ('178', '15', '59', '2798', 'y', '2017-04-27 23:57:18', 'developer', '0000-00-00 00:00:00', '', '0');
INSERT INTO `m_konsinyasi` VALUES ('179', '15', '59', '2799', 'y', '2017-04-27 23:57:18', 'developer', '0000-00-00 00:00:00', '', '0');
INSERT INTO `m_konsinyasi` VALUES ('180', '15', '59', '2800', 'y', '2017-04-27 23:57:18', 'developer', '0000-00-00 00:00:00', '', '0');
INSERT INTO `m_konsinyasi` VALUES ('181', '15', '59', '2801', 'y', '2017-04-27 23:57:18', 'developer', '0000-00-00 00:00:00', '', '0');
INSERT INTO `m_konsinyasi` VALUES ('182', '15', '59', '2802', 'y', '2017-04-27 23:57:18', 'developer', '0000-00-00 00:00:00', '', '0');
INSERT INTO `m_konsinyasi` VALUES ('183', '15', '59', '2803', 'y', '2017-04-27 23:57:18', 'developer', '0000-00-00 00:00:00', '', '0');
INSERT INTO `m_konsinyasi` VALUES ('184', '15', '59', '2804', 'y', '2017-04-27 23:57:18', 'developer', '0000-00-00 00:00:00', '', '0');
INSERT INTO `m_konsinyasi` VALUES ('185', '15', '59', '2805', 'y', '2017-04-27 23:57:18', 'developer', '0000-00-00 00:00:00', '', '0');
INSERT INTO `m_konsinyasi` VALUES ('186', '15', '59', '2806', 'y', '2017-04-27 23:57:18', 'developer', '0000-00-00 00:00:00', '', '0');
INSERT INTO `m_konsinyasi` VALUES ('187', '15', '59', '2807', 'y', '2017-04-27 23:57:18', 'developer', '0000-00-00 00:00:00', '', '0');
INSERT INTO `m_konsinyasi` VALUES ('188', '15', '59', '2808', 'y', '2017-04-27 23:57:19', 'developer', '0000-00-00 00:00:00', '', '0');
INSERT INTO `m_konsinyasi` VALUES ('189', '2', '6', '142', 'y', '2017-04-28 13:46:19', 'developer', '0000-00-00 00:00:00', '', '0');
INSERT INTO `m_konsinyasi` VALUES ('190', '2', '12', '512', 'y', '2017-04-28 13:46:33', 'developer', '0000-00-00 00:00:00', '', '0');
INSERT INTO `m_konsinyasi` VALUES ('191', '2', '14', '603', 'y', '2017-04-28 13:46:37', 'developer', '0000-00-00 00:00:00', '', '0');
INSERT INTO `m_konsinyasi` VALUES ('192', '2', '14', '608', 'y', '2017-04-28 13:46:37', 'developer', '0000-00-00 00:00:00', '', '0');
INSERT INTO `m_konsinyasi` VALUES ('193', '7', '32', '1048', 'y', '2017-04-28 13:46:53', 'developer', '0000-00-00 00:00:00', '', '0');
INSERT INTO `m_konsinyasi` VALUES ('194', '10', '43', '1396', 'y', '2017-04-28 13:47:04', 'developer', '0000-00-00 00:00:00', '', '0');
INSERT INTO `m_konsinyasi` VALUES ('195', '10', '43', '1397', 'y', '2017-04-28 13:47:04', 'developer', '0000-00-00 00:00:00', '', '0');
INSERT INTO `m_konsinyasi` VALUES ('196', '10', '43', '1398', 'y', '2017-04-28 13:47:04', 'developer', '0000-00-00 00:00:00', '', '0');
INSERT INTO `m_konsinyasi` VALUES ('197', '10', '43', '1399', 'y', '2017-04-28 13:47:04', 'developer', '0000-00-00 00:00:00', '', '0');
INSERT INTO `m_konsinyasi` VALUES ('198', '10', '43', '1400', 'y', '2017-04-28 13:47:04', 'developer', '0000-00-00 00:00:00', '', '0');
INSERT INTO `m_konsinyasi` VALUES ('199', '10', '43', '1401', 'y', '2017-04-28 13:47:04', 'developer', '0000-00-00 00:00:00', '', '0');
INSERT INTO `m_konsinyasi` VALUES ('200', '10', '43', '1402', 'y', '2017-04-28 13:47:04', 'developer', '0000-00-00 00:00:00', '', '0');
INSERT INTO `m_konsinyasi` VALUES ('201', '10', '43', '1403', 'y', '2017-04-28 13:47:05', 'developer', '0000-00-00 00:00:00', '', '0');
INSERT INTO `m_konsinyasi` VALUES ('202', '10', '43', '1404', 'y', '2017-04-28 13:47:05', 'developer', '0000-00-00 00:00:00', '', '0');
INSERT INTO `m_konsinyasi` VALUES ('203', '10', '43', '1405', 'y', '2017-04-28 13:47:05', 'developer', '0000-00-00 00:00:00', '', '0');
INSERT INTO `m_konsinyasi` VALUES ('204', '10', '43', '1406', 'y', '2017-04-28 13:47:05', 'developer', '0000-00-00 00:00:00', '', '0');
INSERT INTO `m_konsinyasi` VALUES ('205', '10', '43', '1407', 'y', '2017-04-28 13:47:05', 'developer', '0000-00-00 00:00:00', '', '0');
INSERT INTO `m_konsinyasi` VALUES ('206', '10', '43', '1508', 'y', '2017-04-28 13:47:09', 'developer', '0000-00-00 00:00:00', '', '0');
INSERT INTO `m_konsinyasi` VALUES ('207', '10', '43', '1509', 'y', '2017-04-28 13:47:09', 'developer', '0000-00-00 00:00:00', '', '0');
INSERT INTO `m_konsinyasi` VALUES ('208', '10', '43', '1510', 'y', '2017-04-28 13:47:09', 'developer', '0000-00-00 00:00:00', '', '0');
INSERT INTO `m_konsinyasi` VALUES ('209', '10', '43', '1511', 'y', '2017-04-28 13:47:09', 'developer', '0000-00-00 00:00:00', '', '0');
INSERT INTO `m_konsinyasi` VALUES ('210', '10', '43', '1512', 'y', '2017-04-28 13:47:09', 'developer', '0000-00-00 00:00:00', '', '0');
INSERT INTO `m_konsinyasi` VALUES ('211', '10', '43', '1513', 'y', '2017-04-28 13:47:09', 'developer', '0000-00-00 00:00:00', '', '0');
INSERT INTO `m_konsinyasi` VALUES ('212', '10', '43', '1514', 'y', '2017-04-28 13:47:09', 'developer', '0000-00-00 00:00:00', '', '0');
INSERT INTO `m_konsinyasi` VALUES ('213', '10', '43', '1515', 'y', '2017-04-28 13:47:10', 'developer', '0000-00-00 00:00:00', '', '0');
INSERT INTO `m_konsinyasi` VALUES ('214', '10', '43', '1516', 'y', '2017-04-28 13:47:10', 'developer', '0000-00-00 00:00:00', '', '0');
INSERT INTO `m_konsinyasi` VALUES ('215', '10', '43', '1517', 'y', '2017-04-28 13:47:10', 'developer', '0000-00-00 00:00:00', '', '0');
INSERT INTO `m_konsinyasi` VALUES ('216', '10', '43', '1518', 'y', '2017-04-28 13:47:10', 'developer', '0000-00-00 00:00:00', '', '0');
INSERT INTO `m_konsinyasi` VALUES ('217', '10', '43', '1519', 'y', '2017-04-28 13:47:10', 'developer', '0000-00-00 00:00:00', '', '0');
INSERT INTO `m_konsinyasi` VALUES ('218', '10', '43', '1520', 'y', '2017-04-28 13:47:10', 'developer', '0000-00-00 00:00:00', '', '0');
INSERT INTO `m_konsinyasi` VALUES ('219', '10', '43', '1521', 'y', '2017-04-28 13:47:10', 'developer', '0000-00-00 00:00:00', '', '0');
INSERT INTO `m_konsinyasi` VALUES ('220', '10', '43', '1522', 'y', '2017-04-28 13:47:10', 'developer', '0000-00-00 00:00:00', '', '0');
INSERT INTO `m_konsinyasi` VALUES ('221', '10', '43', '1523', 'y', '2017-04-28 13:47:11', 'developer', '0000-00-00 00:00:00', '', '0');
INSERT INTO `m_konsinyasi` VALUES ('222', '10', '43', '1524', 'y', '2017-04-28 13:47:11', 'developer', '0000-00-00 00:00:00', '', '0');
INSERT INTO `m_konsinyasi` VALUES ('223', '10', '43', '1525', 'y', '2017-04-28 13:47:11', 'developer', '0000-00-00 00:00:00', '', '0');
INSERT INTO `m_konsinyasi` VALUES ('224', '10', '43', '1526', 'y', '2017-04-28 13:47:11', 'developer', '0000-00-00 00:00:00', '', '0');
INSERT INTO `m_konsinyasi` VALUES ('225', '10', '43', '1527', 'y', '2017-04-28 13:47:11', 'developer', '0000-00-00 00:00:00', '', '0');
INSERT INTO `m_konsinyasi` VALUES ('226', '10', '43', '1528', 'y', '2017-04-28 13:47:11', 'developer', '0000-00-00 00:00:00', '', '0');
INSERT INTO `m_konsinyasi` VALUES ('227', '10', '43', '1529', 'y', '2017-04-28 13:47:12', 'developer', '0000-00-00 00:00:00', '', '0');
INSERT INTO `m_konsinyasi` VALUES ('228', '10', '43', '1586', 'y', '2017-04-28 13:47:15', 'developer', '0000-00-00 00:00:00', '', '0');
INSERT INTO `m_konsinyasi` VALUES ('229', '10', '43', '1587', 'y', '2017-04-28 13:47:16', 'developer', '0000-00-00 00:00:00', '', '0');
INSERT INTO `m_konsinyasi` VALUES ('230', '10', '43', '1588', 'y', '2017-04-28 13:47:16', 'developer', '0000-00-00 00:00:00', '', '0');
INSERT INTO `m_konsinyasi` VALUES ('231', '10', '43', '1589', 'y', '2017-04-28 13:47:16', 'developer', '0000-00-00 00:00:00', '', '0');
INSERT INTO `m_konsinyasi` VALUES ('232', '10', '43', '1590', 'y', '2017-04-28 13:47:16', 'developer', '0000-00-00 00:00:00', '', '0');
INSERT INTO `m_konsinyasi` VALUES ('233', '10', '43', '1591', 'y', '2017-04-28 13:47:16', 'developer', '0000-00-00 00:00:00', '', '0');
INSERT INTO `m_konsinyasi` VALUES ('234', '10', '43', '1592', 'y', '2017-04-28 13:47:16', 'developer', '0000-00-00 00:00:00', '', '0');
INSERT INTO `m_konsinyasi` VALUES ('235', '10', '43', '1593', 'y', '2017-04-28 13:47:16', 'developer', '0000-00-00 00:00:00', '', '0');
INSERT INTO `m_konsinyasi` VALUES ('236', '10', '43', '1594', 'y', '2017-04-28 13:47:16', 'developer', '0000-00-00 00:00:00', '', '0');
INSERT INTO `m_konsinyasi` VALUES ('237', '10', '43', '1595', 'y', '2017-04-28 13:47:16', 'developer', '0000-00-00 00:00:00', '', '0');
INSERT INTO `m_konsinyasi` VALUES ('238', '10', '43', '1596', 'y', '2017-04-28 13:47:16', 'developer', '0000-00-00 00:00:00', '', '0');
INSERT INTO `m_konsinyasi` VALUES ('239', '10', '43', '1597', 'y', '2017-04-28 13:47:17', 'developer', '0000-00-00 00:00:00', '', '0');
INSERT INTO `m_konsinyasi` VALUES ('240', '10', '43', '1598', 'y', '2017-04-28 13:47:17', 'developer', '0000-00-00 00:00:00', '', '0');
INSERT INTO `m_konsinyasi` VALUES ('241', '10', '43', '1599', 'y', '2017-04-28 13:47:17', 'developer', '0000-00-00 00:00:00', '', '0');
INSERT INTO `m_konsinyasi` VALUES ('242', '10', '43', '1600', 'y', '2017-04-28 13:47:17', 'developer', '0000-00-00 00:00:00', '', '0');
INSERT INTO `m_konsinyasi` VALUES ('243', '10', '43', '1601', 'y', '2017-04-28 13:47:17', 'developer', '0000-00-00 00:00:00', '', '0');
INSERT INTO `m_konsinyasi` VALUES ('244', '10', '43', '1602', 'y', '2017-04-28 13:47:17', 'developer', '0000-00-00 00:00:00', '', '0');
INSERT INTO `m_konsinyasi` VALUES ('245', '10', '43', '1603', 'y', '2017-04-28 13:47:17', 'developer', '0000-00-00 00:00:00', '', '0');
INSERT INTO `m_konsinyasi` VALUES ('246', '10', '43', '1604', 'y', '2017-04-28 13:47:17', 'developer', '0000-00-00 00:00:00', '', '0');
INSERT INTO `m_konsinyasi` VALUES ('247', '10', '43', '1605', 'y', '2017-04-28 13:47:17', 'developer', '0000-00-00 00:00:00', '', '0');
INSERT INTO `m_konsinyasi` VALUES ('248', '10', '43', '1606', 'y', '2017-04-28 13:47:18', 'developer', '0000-00-00 00:00:00', '', '0');
INSERT INTO `m_konsinyasi` VALUES ('249', '10', '43', '1607', 'y', '2017-04-28 13:47:18', 'developer', '0000-00-00 00:00:00', '', '0');
INSERT INTO `m_konsinyasi` VALUES ('250', '10', '43', '1608', 'y', '2017-04-28 13:47:18', 'developer', '0000-00-00 00:00:00', '', '0');
INSERT INTO `m_konsinyasi` VALUES ('251', '10', '43', '1609', 'y', '2017-04-28 13:47:18', 'developer', '0000-00-00 00:00:00', '', '0');
INSERT INTO `m_konsinyasi` VALUES ('252', '10', '43', '1610', 'y', '2017-04-28 13:47:18', 'developer', '0000-00-00 00:00:00', '', '0');
INSERT INTO `m_konsinyasi` VALUES ('253', '10', '43', '1611', 'y', '2017-04-28 13:47:18', 'developer', '0000-00-00 00:00:00', '', '0');
INSERT INTO `m_konsinyasi` VALUES ('254', '10', '43', '1612', 'y', '2017-04-28 13:47:18', 'developer', '0000-00-00 00:00:00', '', '0');
INSERT INTO `m_konsinyasi` VALUES ('255', '10', '43', '1613', 'y', '2017-04-28 13:47:18', 'developer', '0000-00-00 00:00:00', '', '0');
INSERT INTO `m_konsinyasi` VALUES ('256', '10', '43', '1614', 'y', '2017-04-28 13:47:19', 'developer', '0000-00-00 00:00:00', '', '0');
INSERT INTO `m_konsinyasi` VALUES ('257', '10', '43', '1615', 'y', '2017-04-28 13:47:19', 'developer', '0000-00-00 00:00:00', '', '0');
INSERT INTO `m_konsinyasi` VALUES ('258', '10', '43', '1616', 'y', '2017-04-28 13:47:19', 'developer', '0000-00-00 00:00:00', '', '0');
INSERT INTO `m_konsinyasi` VALUES ('259', '10', '43', '1617', 'y', '2017-04-28 13:47:19', 'developer', '0000-00-00 00:00:00', '', '0');
INSERT INTO `m_konsinyasi` VALUES ('260', '10', '43', '1618', 'y', '2017-04-28 13:47:19', 'developer', '0000-00-00 00:00:00', '', '0');
INSERT INTO `m_konsinyasi` VALUES ('261', '10', '43', '1619', 'y', '2017-04-28 13:47:19', 'developer', '0000-00-00 00:00:00', '', '0');
INSERT INTO `m_konsinyasi` VALUES ('262', '10', '43', '1620', 'y', '2017-04-28 13:47:20', 'developer', '0000-00-00 00:00:00', '', '0');
INSERT INTO `m_konsinyasi` VALUES ('263', '10', '43', '1621', 'y', '2017-04-28 13:47:20', 'developer', '0000-00-00 00:00:00', '', '0');
INSERT INTO `m_konsinyasi` VALUES ('264', '10', '43', '1622', 'y', '2017-04-28 13:47:20', 'developer', '0000-00-00 00:00:00', '', '0');
INSERT INTO `m_konsinyasi` VALUES ('265', '10', '43', '1623', 'y', '2017-04-28 13:47:20', 'developer', '0000-00-00 00:00:00', '', '0');
INSERT INTO `m_konsinyasi` VALUES ('266', '10', '43', '1624', 'y', '2017-04-28 13:47:20', 'developer', '0000-00-00 00:00:00', '', '0');
INSERT INTO `m_konsinyasi` VALUES ('267', '10', '43', '1625', 'y', '2017-04-28 13:47:20', 'developer', '0000-00-00 00:00:00', '', '0');
INSERT INTO `m_konsinyasi` VALUES ('268', '10', '43', '1626', 'y', '2017-04-28 13:47:20', 'developer', '0000-00-00 00:00:00', '', '0');
INSERT INTO `m_konsinyasi` VALUES ('269', '10', '43', '1627', 'y', '2017-04-28 13:47:21', 'developer', '0000-00-00 00:00:00', '', '0');
INSERT INTO `m_konsinyasi` VALUES ('270', '10', '43', '1628', 'y', '2017-04-28 13:47:21', 'developer', '0000-00-00 00:00:00', '', '0');
INSERT INTO `m_konsinyasi` VALUES ('271', '10', '43', '1629', 'y', '2017-04-28 13:47:21', 'developer', '0000-00-00 00:00:00', '', '0');
INSERT INTO `m_konsinyasi` VALUES ('272', '10', '43', '1630', 'y', '2017-04-28 13:47:21', 'developer', '0000-00-00 00:00:00', '', '0');
INSERT INTO `m_konsinyasi` VALUES ('273', '10', '43', '1631', 'y', '2017-04-28 13:47:21', 'developer', '0000-00-00 00:00:00', '', '0');
INSERT INTO `m_konsinyasi` VALUES ('274', '10', '43', '1632', 'y', '2017-04-28 13:47:21', 'developer', '0000-00-00 00:00:00', '', '0');
INSERT INTO `m_konsinyasi` VALUES ('275', '10', '43', '1633', 'y', '2017-04-28 13:47:21', 'developer', '0000-00-00 00:00:00', '', '0');
INSERT INTO `m_konsinyasi` VALUES ('276', '10', '43', '1634', 'y', '2017-04-28 13:47:21', 'developer', '0000-00-00 00:00:00', '', '0');
INSERT INTO `m_konsinyasi` VALUES ('277', '10', '43', '1635', 'y', '2017-04-28 13:47:22', 'developer', '0000-00-00 00:00:00', '', '0');
INSERT INTO `m_konsinyasi` VALUES ('278', '10', '43', '1636', 'y', '2017-04-28 13:47:22', 'developer', '0000-00-00 00:00:00', '', '0');
INSERT INTO `m_konsinyasi` VALUES ('279', '10', '43', '1637', 'y', '2017-04-28 13:47:22', 'developer', '0000-00-00 00:00:00', '', '0');
INSERT INTO `m_konsinyasi` VALUES ('280', '10', '43', '1638', 'y', '2017-04-28 13:47:22', 'developer', '0000-00-00 00:00:00', '', '0');
INSERT INTO `m_konsinyasi` VALUES ('281', '10', '43', '1639', 'y', '2017-04-28 13:47:22', 'developer', '0000-00-00 00:00:00', '', '0');
INSERT INTO `m_konsinyasi` VALUES ('282', '10', '43', '1640', 'y', '2017-04-28 13:47:22', 'developer', '0000-00-00 00:00:00', '', '0');
INSERT INTO `m_konsinyasi` VALUES ('283', '10', '43', '1740', 'y', '2017-04-28 13:47:30', 'developer', '0000-00-00 00:00:00', '', '0');
INSERT INTO `m_konsinyasi` VALUES ('284', '10', '43', '1741', 'y', '2017-04-28 13:47:30', 'developer', '0000-00-00 00:00:00', '', '0');
INSERT INTO `m_konsinyasi` VALUES ('285', '10', '43', '1742', 'y', '2017-04-28 13:47:30', 'developer', '0000-00-00 00:00:00', '', '0');
INSERT INTO `m_konsinyasi` VALUES ('286', '10', '43', '1743', 'y', '2017-04-28 13:47:30', 'developer', '0000-00-00 00:00:00', '', '0');
INSERT INTO `m_konsinyasi` VALUES ('287', '10', '43', '1744', 'y', '2017-04-28 13:47:30', 'developer', '0000-00-00 00:00:00', '', '0');
INSERT INTO `m_konsinyasi` VALUES ('288', '10', '43', '1745', 'y', '2017-04-28 13:47:31', 'developer', '0000-00-00 00:00:00', '', '0');
INSERT INTO `m_konsinyasi` VALUES ('289', '10', '43', '1746', 'y', '2017-04-28 13:47:31', 'developer', '0000-00-00 00:00:00', '', '0');
INSERT INTO `m_konsinyasi` VALUES ('290', '10', '43', '1747', 'y', '2017-04-28 13:47:31', 'developer', '0000-00-00 00:00:00', '', '0');
INSERT INTO `m_konsinyasi` VALUES ('291', '10', '43', '1748', 'y', '2017-04-28 13:47:31', 'developer', '0000-00-00 00:00:00', '', '0');
INSERT INTO `m_konsinyasi` VALUES ('292', '10', '43', '1749', 'y', '2017-04-28 13:47:31', 'developer', '0000-00-00 00:00:00', '', '0');
INSERT INTO `m_konsinyasi` VALUES ('293', '10', '43', '1750', 'y', '2017-04-28 13:47:31', 'developer', '0000-00-00 00:00:00', '', '0');
INSERT INTO `m_konsinyasi` VALUES ('294', '10', '43', '1751', 'y', '2017-04-28 13:47:31', 'developer', '0000-00-00 00:00:00', '', '0');
INSERT INTO `m_konsinyasi` VALUES ('295', '10', '43', '1752', 'y', '2017-04-28 13:47:31', 'developer', '0000-00-00 00:00:00', '', '0');
INSERT INTO `m_konsinyasi` VALUES ('296', '10', '43', '1753', 'y', '2017-04-28 13:47:32', 'developer', '0000-00-00 00:00:00', '', '0');
INSERT INTO `m_konsinyasi` VALUES ('297', '10', '43', '1754', 'y', '2017-04-28 13:47:32', 'developer', '0000-00-00 00:00:00', '', '0');
INSERT INTO `m_konsinyasi` VALUES ('298', '10', '43', '1755', 'y', '2017-04-28 13:47:32', 'developer', '0000-00-00 00:00:00', '', '0');
INSERT INTO `m_konsinyasi` VALUES ('299', '10', '43', '1756', 'y', '2017-04-28 13:47:32', 'developer', '0000-00-00 00:00:00', '', '0');
INSERT INTO `m_konsinyasi` VALUES ('300', '10', '43', '1757', 'y', '2017-04-28 13:47:32', 'developer', '0000-00-00 00:00:00', '', '0');
INSERT INTO `m_konsinyasi` VALUES ('301', '10', '43', '1758', 'y', '2017-04-28 13:47:32', 'developer', '0000-00-00 00:00:00', '', '0');
INSERT INTO `m_konsinyasi` VALUES ('302', '10', '43', '1759', 'y', '2017-04-28 13:47:32', 'developer', '0000-00-00 00:00:00', '', '0');
INSERT INTO `m_konsinyasi` VALUES ('303', '10', '43', '1760', 'y', '2017-04-28 13:47:32', 'developer', '0000-00-00 00:00:00', '', '0');
INSERT INTO `m_konsinyasi` VALUES ('304', '10', '43', '1761', 'y', '2017-04-28 13:47:32', 'developer', '0000-00-00 00:00:00', '', '0');
INSERT INTO `m_konsinyasi` VALUES ('305', '10', '43', '1762', 'y', '2017-04-28 13:47:32', 'developer', '0000-00-00 00:00:00', '', '0');
INSERT INTO `m_konsinyasi` VALUES ('306', '10', '43', '1763', 'y', '2017-04-28 13:47:33', 'developer', '0000-00-00 00:00:00', '', '0');
INSERT INTO `m_konsinyasi` VALUES ('307', '10', '43', '1764', 'y', '2017-04-28 13:47:33', 'developer', '0000-00-00 00:00:00', '', '0');
INSERT INTO `m_konsinyasi` VALUES ('308', '10', '43', '1765', 'y', '2017-04-28 13:47:33', 'developer', '0000-00-00 00:00:00', '', '0');
INSERT INTO `m_konsinyasi` VALUES ('309', '10', '43', '1766', 'y', '2017-04-28 13:47:33', 'developer', '0000-00-00 00:00:00', '', '0');
INSERT INTO `m_konsinyasi` VALUES ('310', '10', '43', '1767', 'y', '2017-04-28 13:47:33', 'developer', '0000-00-00 00:00:00', '', '0');
INSERT INTO `m_konsinyasi` VALUES ('311', '10', '43', '1768', 'y', '2017-04-28 13:47:33', 'developer', '0000-00-00 00:00:00', '', '0');
INSERT INTO `m_konsinyasi` VALUES ('312', '10', '43', '1769', 'y', '2017-04-28 13:47:33', 'developer', '0000-00-00 00:00:00', '', '0');
INSERT INTO `m_konsinyasi` VALUES ('313', '10', '43', '1770', 'y', '2017-04-28 13:47:33', 'developer', '0000-00-00 00:00:00', '', '0');
INSERT INTO `m_konsinyasi` VALUES ('314', '10', '43', '1771', 'y', '2017-04-28 13:47:33', 'developer', '0000-00-00 00:00:00', '', '0');
INSERT INTO `m_konsinyasi` VALUES ('315', '10', '43', '1772', 'y', '2017-04-28 13:47:33', 'developer', '0000-00-00 00:00:00', '', '0');
INSERT INTO `m_konsinyasi` VALUES ('316', '10', '43', '1773', 'y', '2017-04-28 13:47:33', 'developer', '0000-00-00 00:00:00', '', '0');
INSERT INTO `m_konsinyasi` VALUES ('317', '10', '43', '1774', 'y', '2017-04-28 13:47:34', 'developer', '0000-00-00 00:00:00', '', '0');
INSERT INTO `m_konsinyasi` VALUES ('318', '10', '43', '1775', 'y', '2017-04-28 13:47:34', 'developer', '0000-00-00 00:00:00', '', '0');
INSERT INTO `m_konsinyasi` VALUES ('319', '10', '43', '1776', 'y', '2017-04-28 13:47:34', 'developer', '0000-00-00 00:00:00', '', '0');
INSERT INTO `m_konsinyasi` VALUES ('320', '10', '44', '1860', 'y', '2017-04-28 13:47:42', 'developer', '0000-00-00 00:00:00', '', '0');
INSERT INTO `m_konsinyasi` VALUES ('321', '13', '53', '2275', 'y', '2017-04-28 13:48:12', 'developer', '0000-00-00 00:00:00', '', '0');
INSERT INTO `m_konsinyasi` VALUES ('322', '13', '53', '2276', 'y', '2017-04-28 13:48:12', 'developer', '0000-00-00 00:00:00', '', '0');
INSERT INTO `m_konsinyasi` VALUES ('323', '13', '53', '2277', 'y', '2017-04-28 13:48:13', 'developer', '0000-00-00 00:00:00', '', '0');
INSERT INTO `m_konsinyasi` VALUES ('324', '13', '53', '2278', 'y', '2017-04-28 13:48:13', 'developer', '0000-00-00 00:00:00', '', '0');
INSERT INTO `m_konsinyasi` VALUES ('325', '13', '53', '2279', 'y', '2017-04-28 13:48:13', 'developer', '0000-00-00 00:00:00', '', '0');
INSERT INTO `m_konsinyasi` VALUES ('326', '13', '53', '2279', 'y', '2017-04-28 13:48:13', 'developer', '0000-00-00 00:00:00', '', '0');
INSERT INTO `m_konsinyasi` VALUES ('327', '13', '53', '2281', 'y', '2017-04-28 13:48:13', 'developer', '0000-00-00 00:00:00', '', '0');
INSERT INTO `m_konsinyasi` VALUES ('328', '13', '53', '2282', 'y', '2017-04-28 13:48:13', 'developer', '0000-00-00 00:00:00', '', '0');
INSERT INTO `m_konsinyasi` VALUES ('329', '13', '53', '2283', 'y', '2017-04-28 13:48:13', 'developer', '0000-00-00 00:00:00', '', '0');
INSERT INTO `m_konsinyasi` VALUES ('330', '13', '53', '2284', 'y', '2017-04-28 13:48:14', 'developer', '0000-00-00 00:00:00', '', '0');
INSERT INTO `m_konsinyasi` VALUES ('331', '13', '53', '2285', 'y', '2017-04-28 13:48:14', 'developer', '0000-00-00 00:00:00', '', '0');
INSERT INTO `m_konsinyasi` VALUES ('332', '13', '53', '2286', 'y', '2017-04-28 13:48:14', 'developer', '0000-00-00 00:00:00', '', '0');
INSERT INTO `m_konsinyasi` VALUES ('333', '13', '53', '2287', 'y', '2017-04-28 13:48:14', 'developer', '0000-00-00 00:00:00', '', '0');
INSERT INTO `m_konsinyasi` VALUES ('334', '13', '53', '2288', 'y', '2017-04-28 13:48:14', 'developer', '0000-00-00 00:00:00', '', '0');
INSERT INTO `m_konsinyasi` VALUES ('335', '13', '53', '2289', 'y', '2017-04-28 13:48:14', 'developer', '0000-00-00 00:00:00', '', '0');
INSERT INTO `m_konsinyasi` VALUES ('336', '13', '53', '2290', 'y', '2017-04-28 13:48:14', 'developer', '0000-00-00 00:00:00', '', '0');
INSERT INTO `m_konsinyasi` VALUES ('337', '13', '53', '2291', 'y', '2017-04-28 13:48:14', 'developer', '0000-00-00 00:00:00', '', '0');
INSERT INTO `m_konsinyasi` VALUES ('338', '13', '53', '2292', 'y', '2017-04-28 13:48:14', 'developer', '0000-00-00 00:00:00', '', '0');
INSERT INTO `m_konsinyasi` VALUES ('339', '13', '53', '2398', 'y', '2017-04-28 13:48:21', 'developer', '0000-00-00 00:00:00', '', '0');
INSERT INTO `m_konsinyasi` VALUES ('340', '13', '53', '2453', 'y', '2017-04-28 13:48:25', 'developer', '0000-00-00 00:00:00', '', '0');
INSERT INTO `m_konsinyasi` VALUES ('341', '13', '53', '2522', 'y', '2017-04-28 13:48:30', 'developer', '0000-00-00 00:00:00', '', '0');
INSERT INTO `m_konsinyasi` VALUES ('342', '13', '53', '2562', 'y', '2017-04-28 13:48:33', 'developer', '0000-00-00 00:00:00', '', '0');
INSERT INTO `m_konsinyasi` VALUES ('343', '15', '59', '2775', 'y', '2017-04-28 13:48:48', 'developer', '0000-00-00 00:00:00', '', '0');
INSERT INTO `m_konsinyasi` VALUES ('344', '15', '59', '2776', 'y', '2017-04-28 13:48:48', 'developer', '0000-00-00 00:00:00', '', '0');
INSERT INTO `m_konsinyasi` VALUES ('345', '15', '59', '2777', 'y', '2017-04-28 13:48:48', 'developer', '0000-00-00 00:00:00', '', '0');
INSERT INTO `m_konsinyasi` VALUES ('346', '15', '59', '2778', 'y', '2017-04-28 13:48:48', 'developer', '0000-00-00 00:00:00', '', '0');
INSERT INTO `m_konsinyasi` VALUES ('347', '15', '59', '2779', 'y', '2017-04-28 13:48:49', 'developer', '0000-00-00 00:00:00', '', '0');
INSERT INTO `m_konsinyasi` VALUES ('348', '15', '59', '2780', 'y', '2017-04-28 13:48:49', 'developer', '0000-00-00 00:00:00', '', '0');
INSERT INTO `m_konsinyasi` VALUES ('349', '15', '59', '2781', 'y', '2017-04-28 13:48:49', 'developer', '0000-00-00 00:00:00', '', '0');
INSERT INTO `m_konsinyasi` VALUES ('350', '15', '59', '2782', 'y', '2017-04-28 13:48:49', 'developer', '0000-00-00 00:00:00', '', '0');
INSERT INTO `m_konsinyasi` VALUES ('351', '15', '59', '2783', 'y', '2017-04-28 13:48:49', 'developer', '0000-00-00 00:00:00', '', '0');
INSERT INTO `m_konsinyasi` VALUES ('352', '15', '59', '2784', 'y', '2017-04-28 13:48:49', 'developer', '0000-00-00 00:00:00', '', '0');
INSERT INTO `m_konsinyasi` VALUES ('353', '15', '59', '2785', 'y', '2017-04-28 13:48:49', 'developer', '0000-00-00 00:00:00', '', '0');
INSERT INTO `m_konsinyasi` VALUES ('354', '15', '59', '2786', 'y', '2017-04-28 13:48:49', 'developer', '0000-00-00 00:00:00', '', '0');
INSERT INTO `m_konsinyasi` VALUES ('355', '15', '59', '2787', 'y', '2017-04-28 13:48:49', 'developer', '0000-00-00 00:00:00', '', '0');
INSERT INTO `m_konsinyasi` VALUES ('356', '15', '59', '2788', 'y', '2017-04-28 13:48:49', 'developer', '0000-00-00 00:00:00', '', '0');
INSERT INTO `m_konsinyasi` VALUES ('357', '15', '59', '2789', 'y', '2017-04-28 13:48:50', 'developer', '0000-00-00 00:00:00', '', '0');
INSERT INTO `m_konsinyasi` VALUES ('358', '15', '59', '2790', 'y', '2017-04-28 13:48:50', 'developer', '0000-00-00 00:00:00', '', '0');
INSERT INTO `m_konsinyasi` VALUES ('359', '15', '59', '2791', 'y', '2017-04-28 13:48:50', 'developer', '0000-00-00 00:00:00', '', '0');
INSERT INTO `m_konsinyasi` VALUES ('360', '15', '59', '2792', 'y', '2017-04-28 13:48:50', 'developer', '0000-00-00 00:00:00', '', '0');
INSERT INTO `m_konsinyasi` VALUES ('361', '15', '59', '2793', 'y', '2017-04-28 13:48:50', 'developer', '0000-00-00 00:00:00', '', '0');
INSERT INTO `m_konsinyasi` VALUES ('362', '15', '59', '2794', 'y', '2017-04-28 13:48:50', 'developer', '0000-00-00 00:00:00', '', '0');
INSERT INTO `m_konsinyasi` VALUES ('363', '15', '59', '2795', 'y', '2017-04-28 13:48:50', 'developer', '0000-00-00 00:00:00', '', '0');
INSERT INTO `m_konsinyasi` VALUES ('364', '15', '59', '2796', 'y', '2017-04-28 13:48:50', 'developer', '0000-00-00 00:00:00', '', '0');
INSERT INTO `m_konsinyasi` VALUES ('365', '15', '59', '2797', 'y', '2017-04-28 13:48:50', 'developer', '0000-00-00 00:00:00', '', '0');
INSERT INTO `m_konsinyasi` VALUES ('366', '15', '59', '2798', 'y', '2017-04-28 13:48:51', 'developer', '0000-00-00 00:00:00', '', '0');
INSERT INTO `m_konsinyasi` VALUES ('367', '15', '59', '2799', 'y', '2017-04-28 13:48:51', 'developer', '0000-00-00 00:00:00', '', '0');
INSERT INTO `m_konsinyasi` VALUES ('368', '15', '59', '2800', 'y', '2017-04-28 13:48:51', 'developer', '0000-00-00 00:00:00', '', '0');
INSERT INTO `m_konsinyasi` VALUES ('369', '15', '59', '2801', 'y', '2017-04-28 13:48:51', 'developer', '0000-00-00 00:00:00', '', '0');
INSERT INTO `m_konsinyasi` VALUES ('370', '15', '59', '2802', 'y', '2017-04-28 13:48:51', 'developer', '0000-00-00 00:00:00', '', '0');
INSERT INTO `m_konsinyasi` VALUES ('371', '15', '59', '2803', 'y', '2017-04-28 13:48:51', 'developer', '0000-00-00 00:00:00', '', '0');
INSERT INTO `m_konsinyasi` VALUES ('372', '15', '59', '2804', 'y', '2017-04-28 13:48:51', 'developer', '0000-00-00 00:00:00', '', '0');
INSERT INTO `m_konsinyasi` VALUES ('373', '15', '59', '2805', 'y', '2017-04-28 13:48:51', 'developer', '0000-00-00 00:00:00', '', '0');
INSERT INTO `m_konsinyasi` VALUES ('374', '15', '59', '2806', 'y', '2017-04-28 13:48:51', 'developer', '0000-00-00 00:00:00', '', '0');
INSERT INTO `m_konsinyasi` VALUES ('375', '15', '59', '2807', 'y', '2017-04-28 13:48:52', 'developer', '0000-00-00 00:00:00', '', '0');
INSERT INTO `m_konsinyasi` VALUES ('376', '15', '59', '2808', 'y', '2017-04-28 13:48:52', 'developer', '0000-00-00 00:00:00', '', '0');
INSERT INTO `m_konsinyasi` VALUES ('377', '1', '28', '902', 'y', '2017-05-02 10:30:57', 'developer', '0000-00-00 00:00:00', '', '2');

-- ----------------------------
-- Table structure for m_konversi
-- ----------------------------
DROP TABLE IF EXISTS `m_konversi`;
CREATE TABLE `m_konversi` (
  `konversi_id` int(11) NOT NULL AUTO_INCREMENT,
  `barang_id` int(11) DEFAULT NULL,
  `konversi_awal` double(20,2) DEFAULT '0.00',
  `konversi_awalsatuan` varchar(255) DEFAULT NULL,
  `konversi_akhir` double(20,2) DEFAULT '0.00',
  `konversi_akhirsatuan` varchar(255) DEFAULT NULL,
  `konversi_status_aktif` char(1) DEFAULT NULL,
  `konversi_created_date` datetime DEFAULT NULL,
  `konversi_created_by` varchar(255) DEFAULT NULL,
  `konversi_update_date` datetime DEFAULT NULL ON UPDATE CURRENT_TIMESTAMP,
  `konversi_update_by` varchar(255) DEFAULT NULL,
  `konversi_revised` varchar(255) DEFAULT NULL,
  PRIMARY KEY (`konversi_id`)
) ENGINE=MyISAM AUTO_INCREMENT=6 DEFAULT CHARSET=latin1;

-- ----------------------------
-- Records of m_konversi
-- ----------------------------
INSERT INTO `m_konversi` VALUES ('1', '2', '1.00', '1', '100.00', '3', null, '2017-04-10 03:44:07', 'developer', '2017-04-10 03:44:07', null, '0');
INSERT INTO `m_konversi` VALUES ('2', '5', '1.00', '2', '1.00', '6', null, '2017-04-10 11:28:34', 'developer', '2017-04-10 11:28:34', null, '0');
INSERT INTO `m_konversi` VALUES ('3', '266', '1.00', '1', '0.00', null, null, '2017-04-11 15:13:05', 'developer', '2017-04-11 15:13:05', null, '0');
INSERT INTO `m_konversi` VALUES ('4', '1', '1.00', '4', '0.00', null, null, '2017-04-11 15:13:24', 'developer', '2017-04-11 15:13:24', null, '0');
INSERT INTO `m_konversi` VALUES ('5', '656', '1.00', '6', '1040.00', '5', null, '2017-04-12 14:41:36', 'developer', '2017-04-12 14:48:34', 'developer', '1');

-- ----------------------------
-- Table structure for m_mata_uang
-- ----------------------------
DROP TABLE IF EXISTS `m_mata_uang`;
CREATE TABLE `m_mata_uang` (
  `mata_uang_id` int(11) NOT NULL AUTO_INCREMENT,
  `mata_uang_nama` varchar(255) NOT NULL,
  `mata_uang_status_aktif` char(1) NOT NULL,
  `mata_uang_create_date` datetime NOT NULL DEFAULT '0000-00-00 00:00:00',
  `mata_uang_create_by` varchar(255) NOT NULL,
  `mata_uang_update_date` datetime DEFAULT NULL ON UPDATE CURRENT_TIMESTAMP,
  `mata_uang_update_by` varchar(255) DEFAULT NULL,
  `mata_uang_revised` int(11) DEFAULT NULL,
  PRIMARY KEY (`mata_uang_id`)
) ENGINE=InnoDB AUTO_INCREMENT=6 DEFAULT CHARSET=latin1;

-- ----------------------------
-- Records of m_mata_uang
-- ----------------------------
INSERT INTO `m_mata_uang` VALUES ('1', 'IDR', 'y', '2017-03-07 12:10:06', 'developer', '2017-03-07 12:10:57', 'developer', '1');
INSERT INTO `m_mata_uang` VALUES ('2', 'USD', 'y', '2017-03-07 13:12:36', 'developer', '2017-04-12 15:00:05', 'developer', '11');
INSERT INTO `m_mata_uang` VALUES ('3', 'CNY', 'y', '2017-03-07 13:12:49', 'developer', '2017-03-07 13:12:49', null, '0');
INSERT INTO `m_mata_uang` VALUES ('4', 'Rupiah', 'n', '2017-04-03 10:44:51', 'developer', '2017-04-03 10:48:24', 'developer', '11');
INSERT INTO `m_mata_uang` VALUES ('5', 'EUR', 'n', '2017-04-12 14:56:53', 'developer', '2017-04-12 14:58:24', 'developer', '9');

-- ----------------------------
-- Table structure for m_partner
-- ----------------------------
DROP TABLE IF EXISTS `m_partner`;
CREATE TABLE `m_partner` (
  `partner_id` int(11) NOT NULL AUTO_INCREMENT,
  `partner_status` char(1) NOT NULL,
  `partner_nama` varchar(255) NOT NULL,
  `partner_nama_cetak` varchar(255) DEFAULT NULL,
  `partner_alamat` varchar(255) NOT NULL,
  `partner_alamat_cetak` varchar(255) DEFAULT NULL,
  `partner_kota` char(4) DEFAULT NULL,
  `partner_telepon` varchar(255) NOT NULL,
  `partner_telepon_cetak` varchar(255) DEFAULT NULL,
  `partner_email` varchar(255) DEFAULT NULL,
  `partner_email_cetak` varchar(255) DEFAULT NULL,
  `partner_fax` varchar(255) DEFAULT NULL,
  `partner_fax_cetak` varchar(255) DEFAULT NULL,
  `partner_nomor_npwp` varchar(255) DEFAULT NULL,
  `partner_file_npwp` text,
  `partner_limit_kredit` decimal(20,2) DEFAULT '0.00',
  `partner_status_aktif` char(1) NOT NULL,
  `partner_create_date` datetime NOT NULL DEFAULT '0000-00-00 00:00:00',
  `partner_create_by` varchar(255) NOT NULL,
  `partner_update_date` datetime DEFAULT NULL ON UPDATE CURRENT_TIMESTAMP,
  `partner_update_by` varchar(255) DEFAULT NULL,
  `partner_revised` int(11) DEFAULT NULL,
  PRIMARY KEY (`partner_id`)
) ENGINE=InnoDB AUTO_INCREMENT=15 DEFAULT CHARSET=latin1;

-- ----------------------------
-- Records of m_partner
-- ----------------------------
INSERT INTO `m_partner` VALUES ('1', '3', 'Partner 1', '[\"cust 1\"]', 'jalan surabaya', '[\"margomulyo\"]', '3575', '[\"03435258235\"]', '[\"03435258235\"]', '[\"a@s\"]', '[\"\"]', '[\"2223\"]', '[\"\"]', '12345', 'Order_P6586300_-_www_seagm_com2.pdf', '10000000000000.00', 'y', '2017-02-15 18:03:04', 'developer', '2017-04-19 09:29:00', 'developer', '8');
INSERT INTO `m_partner` VALUES ('2', '1', 'Partner 2', '[\"Partner 2\"]', 'Alamat', '[\"Alamat Cetak\"]', null, '[\"03435258235\"]', '[\"03483932\"]', '[\"partner2@partner.com\",\"partner@gmail.com\"]', '[\"partner@partner.com\",\"partner2@gmail.com\"]', '[]', '[]', '1212324221', '10-BekerjaDenganDatabase.pdf', '0.00', 'y', '2017-02-17 13:47:27', 'developer', '2017-04-03 14:54:55', 'pembelian', '7');
INSERT INTO `m_partner` VALUES ('3', '1', 'Partner 3', '[\"Partner 3\"]', 'Alamat partner', '[\"Alamat cetak\"]', null, '[\"085645321152\"]', '[\"89638\"]', '[\"partner3@gmail.com\"]', '[\"partner@gmail.com\"]', '[]', '[]', '63853', '', '0.00', 'y', '2017-03-06 13:21:36', 'developer', '2017-04-03 14:54:28', 'pembelian', '4');
INSERT INTO `m_partner` VALUES ('4', '1', 'dsd', '[\"\"]', 'ww', '[\"\"]', null, '[\"333\"]', '[\"\"]', '[\"awa@sese\"]', '[\"\"]', '[\"444\"]', '[\"\"]', '', '', '0.00', 'n', '2017-03-08 08:32:50', 'developer', '2017-03-23 14:07:53', 'pembelian', '1');
INSERT INTO `m_partner` VALUES ('5', '1', 'aaaa', '[\"\"]', 'waws', '[\"\"]', null, '[\"4322\"]', '[\"\"]', '[\"asas@asa\"]', '[\"\"]', '[\"2233\"]', '[\"\"]', '', '', '0.00', 'n', '2017-03-08 08:37:13', 'developer', '2017-03-23 14:07:53', 'pembelian', '1');
INSERT INTO `m_partner` VALUES ('6', '1', 'Great Fortune, PT', '[\"\"]', 'Raya pakal No. 1 - A RT.05/RW.01', '[\"\"]', null, '[\"0317422241\"]', '[\"\"]', '[\"\"]', '[\"\"]', '[\"0317422245\"]', '[\"\"]', '', '', '0.00', 'y', '2017-03-20 16:06:36', 'pembelian', '2017-03-23 14:07:54', null, '0');
INSERT INTO `m_partner` VALUES ('7', '2', 'alfamart', '[\"alfa\",\"alfa1\"]', 'adad', '[\"alfa2\",\"alfa2\"]', '3578', '[\"88\"]', '[\"\"]', '[\"\"]', '[\"\"]', '[\"2343\"]', '[\"\"]', '', '', '30.00', 'y', '2017-03-29 09:50:13', 'developer', '2017-03-30 10:29:10', 'developer', '7');
INSERT INTO `m_partner` VALUES ('8', '2', 'alfamart', '[\"alfa\",\"alfa1\"]', 'adad', '[\"asdasd\",\"asasdada\"]', null, '[\"3434\"]', '[\"23344\",\"543341\"]', '[\"slfa@ddf\"]', '[\"\"]', '[\"3434335\"]', '[\"3355\"]', '', '', '10.00', 'n', '2017-03-29 09:50:14', 'developer', '2017-03-29 10:03:17', 'developer', '5');
INSERT INTO `m_partner` VALUES ('9', '3', 'ewrew', '[\"aewe\"]', 'balongsari', '[\"surabaya\"]', '3573', '[\"312312323\"]', '[\"312312323\"]', '[\"vfbdgdfg@gmail.com\"]', '[\"fewewrew@gmail.com\"]', '[\"3312123\"]', '[\"23321331\"]', '12313123123', '', '0.00', 'n', '2017-04-03 10:31:58', 'developer', '2017-04-03 10:32:55', 'developer', '2');
INSERT INTO `m_partner` VALUES ('10', '3', 'pt jasaweb', '[\"jasaweb 1\",\"jasaweb 2\",\"jasaweb 3\"]', 'lontar no 226', '[\"surabaya\"]', '3578', '[\"0312312323\"]', '[\"031\"]', '[\"jasaweb@gmail.com\"]', '[\"\"]', '[\"031231\"]', '[\"031\"]', '092749467', '', '100000000.00', 'y', '2017-04-11 15:31:40', 'developer', '2017-04-11 15:31:40', null, '0');
INSERT INTO `m_partner` VALUES ('11', '3', 'agung', '[\"agung jaya\"]', 'Jl. Kaliasin no.99', '[\"Jl. Raya\"]', '3578', '[\"0317457256\"]', '[\"0312544442\",\"081234568\"]', '[\"mail@gmail.com\"]', '[\"mail@gmail.com\"]', '[\"031225666\"]', '[\"0314788988\",\"01232659\"]', '', '', '10000000.00', 'y', '2017-04-12 13:51:13', 'developer', '2017-04-12 13:57:47', 'developer', '1');
INSERT INTO `m_partner` VALUES ('12', '3', 'Custam', '[\"Custami\"]', 'Jl.Gahi', '[\"JL.  Jadi\"]', '3509', '[\"08102837\"]', '[\"08199999\"]', '[\"mail@gmail.com\"]', '[\"mail@gmail.com\"]', '[\"031762376\"]', '[\"03145765786\"]', '', '', '10000000.00', 'n', '2017-04-12 13:55:23', 'developer', '2017-04-12 13:59:17', 'developer', '2');
INSERT INTO `m_partner` VALUES ('13', '1', 'Sup3', '[\"Sup4\"]', 'Jl. Gahiui', '[\"Jl. Nusa dua\",\"Jl. Banyurip\"]', '3372', '[\"0315454564\"]', '[\"03125656\"]', '[\"mail@gmail.com\"]', '[\"mail@gmail.com\"]', '[\"03154849\"]', '[\"031544998\"]', '', '', '100000000.00', 'y', '2017-04-12 14:01:26', 'developer', '2017-04-12 14:01:26', null, '0');
INSERT INTO `m_partner` VALUES ('14', '2', 'cus6', '[\"cus7\"]', 'Alamat', '[\"Alamat\"]', '3372', '[\"12355646\",\"1258789\"]', '[\"8565565\",\"8948465\"]', '[\"mail@gmail.com\"]', '[\"mail@gmail.com\"]', '[\"031258784\"]', '[\"03154898\"]', '', '', '112155555.01', 'y', '2017-04-12 14:04:01', 'developer', '2017-04-13 16:45:51', 'developer', '2');

-- ----------------------------
-- Table structure for m_promo
-- ----------------------------
DROP TABLE IF EXISTS `m_promo`;
CREATE TABLE `m_promo` (
  `promo_id` int(11) NOT NULL,
  `promo_nama` varchar(255) DEFAULT NULL,
  `promo_qty` int(11) DEFAULT NULL,
  `promo_harga` int(11) DEFAULT NULL,
  `promo_status_aktif` char(1) DEFAULT NULL,
  `promo_create_date` datetime DEFAULT '0000-00-00 00:00:00',
  `promo_create_by` varchar(255) DEFAULT NULL,
  `promo_update_date` datetime DEFAULT NULL,
  `promo_update_by` varchar(255) DEFAULT NULL,
  `promo_revised` int(11) DEFAULT NULL,
  PRIMARY KEY (`promo_id`)
) ENGINE=InnoDB DEFAULT CHARSET=latin1;

-- ----------------------------
-- Records of m_promo
-- ----------------------------

-- ----------------------------
-- Table structure for m_satuan
-- ----------------------------
DROP TABLE IF EXISTS `m_satuan`;
CREATE TABLE `m_satuan` (
  `satuan_id` int(11) NOT NULL AUTO_INCREMENT,
  `satuan_nama` varchar(255) DEFAULT NULL,
  `satuan_status_aktif` char(1) DEFAULT NULL,
  `satuan_create_date` datetime DEFAULT NULL,
  `satuan_create_by` varchar(255) DEFAULT NULL,
  `satuan_update_date` datetime DEFAULT NULL ON UPDATE CURRENT_TIMESTAMP,
  `satuan_update_by` varchar(255) DEFAULT NULL,
  `satuan_revised` int(11) DEFAULT NULL,
  PRIMARY KEY (`satuan_id`)
) ENGINE=InnoDB AUTO_INCREMENT=9 DEFAULT CHARSET=latin1;

-- ----------------------------
-- Records of m_satuan
-- ----------------------------
INSERT INTO `m_satuan` VALUES ('1', 'Meter', 'y', '2017-02-16 16:10:43', 'developer', '2017-02-16 16:10:43', null, '0');
INSERT INTO `m_satuan` VALUES ('2', 'Kilogram', 'y', '2017-02-16 16:11:12', 'developer', '2017-03-06 13:23:07', 'developer', '2');
INSERT INTO `m_satuan` VALUES ('3', 'cm', 'y', '2017-03-06 13:38:33', 'developer', '2017-03-06 13:38:58', 'developer', '2');
INSERT INTO `m_satuan` VALUES ('4', 'Roll', 'y', '2017-03-21 12:55:23', 'developer', '2017-03-21 12:55:23', null, '0');
INSERT INTO `m_satuan` VALUES ('5', 'Batang', 'y', '2017-03-21 14:44:32', 'developer', '2017-03-21 14:44:32', null, '0');
INSERT INTO `m_satuan` VALUES ('6', 'Lembar', 'y', '2017-03-23 14:41:57', 'developer', '2017-03-23 14:41:57', null, '0');
INSERT INTO `m_satuan` VALUES ('7', 'coba', 'n', '2017-04-03 10:36:07', 'developer', '2017-04-03 10:36:18', 'developer', '1');
INSERT INTO `m_satuan` VALUES ('8', 'Satuan', 'n', '2017-04-12 14:26:12', 'developer', '2017-04-12 14:30:24', 'developer', '1');

-- ----------------------------
-- Table structure for m_sub_atribut_barang
-- ----------------------------
DROP TABLE IF EXISTS `m_sub_atribut_barang`;
CREATE TABLE `m_sub_atribut_barang` (
  `sub_atribut_id` int(11) NOT NULL AUTO_INCREMENT,
  `m_atribut_id` int(11) NOT NULL,
  `sub_atribut_jenis` varchar(255) NOT NULL,
  `sub_atribut_nama` varchar(255) NOT NULL,
  `sub_atribut_satuan` varchar(255) DEFAULT NULL,
  `sub_atribut_default_value` varchar(255) DEFAULT NULL,
  `sub_atribut_status_aktif` varchar(255) NOT NULL,
  `sub_atribut_create_date` datetime NOT NULL DEFAULT '0000-00-00 00:00:00',
  `sub_atribut_create_by` varchar(255) NOT NULL,
  `sub_atribut_update_date` datetime DEFAULT NULL ON UPDATE CURRENT_TIMESTAMP,
  `sub_atribut_update_by` varchar(255) DEFAULT NULL,
  `sub_atribut_revised` int(11) DEFAULT NULL,
  PRIMARY KEY (`sub_atribut_id`),
  KEY `barang` (`m_atribut_id`),
  CONSTRAINT `atribut_barang` FOREIGN KEY (`m_atribut_id`) REFERENCES `m_atribut_barang` (`atribut_id`)
) ENGINE=InnoDB AUTO_INCREMENT=8 DEFAULT CHARSET=latin1;

-- ----------------------------
-- Records of m_sub_atribut_barang
-- ----------------------------
INSERT INTO `m_sub_atribut_barang` VALUES ('1', '4', '3', 'Berat Barang', '2', '0', 'n', '2017-02-15 18:16:57', 'developer', '2017-03-06 13:28:32', 'developer', '3');
INSERT INTO `m_sub_atribut_barang` VALUES ('2', '4', '3', 'Berat Packaging', '2', '0', 'n', '2017-02-15 18:17:56', 'developer', '2017-03-06 13:28:48', 'developer', '3');
INSERT INTO `m_sub_atribut_barang` VALUES ('3', '5', '1', 'Warna Dasar', '', '[{\"id\":\"1\",\"nama\":\"Abu Abu\"},{\"id\":\"2\",\"nama\":\"Hitam\"},{\"id\":\"3\",\"nama\":\"Putih\"}]', 'n', '2017-02-15 19:42:37', 'developer', '2017-03-06 13:28:55', 'developer', '3');
INSERT INTO `m_sub_atribut_barang` VALUES ('4', '5', '1', 'Warna Tambahan', '', '[{\"id\":\"1\",\"nama\":\"Abu Abu\"},{\"id\":\"2\",\"nama\":\"Hitam\"},{\"id\":\"3\",\"nama\":\"Putih\"}]', 'n', '2017-02-15 19:43:25', 'developer', '2017-03-06 13:28:41', 'developer', '3');
INSERT INTO `m_sub_atribut_barang` VALUES ('5', '1', '3', 'warna dasar', '1', '0', 'y', '2017-03-06 13:58:40', 'developer', '2017-03-06 13:59:09', 'developer', '1');
INSERT INTO `m_sub_atribut_barang` VALUES ('6', '9', '2', 'asasasasa', '2', '12', 'y', '2017-04-03 10:41:42', 'developer', '2017-04-03 10:41:42', null, '0');
INSERT INTO `m_sub_atribut_barang` VALUES ('7', '10', '3', 'WARNA DASAR', null, 'BIRU', 'y', '2017-04-12 14:54:42', 'developer', '2017-04-12 14:54:42', null, '0');

-- ----------------------------
-- Table structure for m_type_karyawan
-- ----------------------------
DROP TABLE IF EXISTS `m_type_karyawan`;
CREATE TABLE `m_type_karyawan` (
  `type_karyawan_id` int(11) NOT NULL AUTO_INCREMENT,
  `type_karyawan_nama` varchar(255) NOT NULL,
  `type_karyawan_status_aktif` char(1) NOT NULL,
  `type_karyawan_create_date` datetime NOT NULL DEFAULT '0000-00-00 00:00:00',
  `type_karyawan_create_by` varchar(255) NOT NULL,
  `type_karyawan_update_date` datetime DEFAULT NULL ON UPDATE CURRENT_TIMESTAMP,
  `type_karyawan_update_by` varchar(255) DEFAULT NULL,
  `type_karyawan_revised` int(11) DEFAULT NULL,
  PRIMARY KEY (`type_karyawan_id`)
) ENGINE=InnoDB AUTO_INCREMENT=13 DEFAULT CHARSET=latin1;

-- ----------------------------
-- Records of m_type_karyawan
-- ----------------------------
INSERT INTO `m_type_karyawan` VALUES ('1', 'administrator', 'y', '0000-00-00 00:00:00', '0', '2017-02-07 13:10:30', null, null);
INSERT INTO `m_type_karyawan` VALUES ('4', 'user', 'y', '2017-02-15 17:57:00', 'developer', '2017-02-15 17:57:00', null, '0');
INSERT INTO `m_type_karyawan` VALUES ('5', 'gudang bahan', 'y', '2017-03-01 11:46:40', 'developer', '2017-03-01 11:46:40', null, '0');
INSERT INTO `m_type_karyawan` VALUES ('6', 'Pembelian', 'y', '2017-03-01 12:05:41', 'developer', '2017-03-01 12:05:41', null, '0');
INSERT INTO `m_type_karyawan` VALUES ('7', 'jenis barang', 'y', '2017-03-06 12:09:33', 'developer', '2017-03-06 13:26:40', 'developer', '4');
INSERT INTO `m_type_karyawan` VALUES ('8', 'penjualan', 'y', '2017-03-06 13:05:27', 'developer', '2017-03-06 13:05:47', 'developer', '2');
INSERT INTO `m_type_karyawan` VALUES ('9', 'produksi', 'y', '2017-03-21 10:11:34', 'developer', '2017-03-21 10:11:34', null, '0');
INSERT INTO `m_type_karyawan` VALUES ('10', 'kepala produksi', 'y', '2017-03-21 10:11:57', 'developer', '2017-03-21 10:11:57', null, '0');
INSERT INTO `m_type_karyawan` VALUES ('11', 'OB 1', 'n', '2017-04-03 10:26:44', 'developer', '2017-04-03 10:29:05', 'developer', '2');
INSERT INTO `m_type_karyawan` VALUES ('12', 'KARYAWAN 11', 'y', '2017-04-12 13:38:29', 'developer', '2017-04-12 13:38:39', 'developer', '1');

-- ----------------------------
-- Table structure for m_value
-- ----------------------------
DROP TABLE IF EXISTS `m_value`;
CREATE TABLE `m_value` (
  `value_id` int(11) NOT NULL AUTO_INCREMENT,
  `referensi_type` char(1) NOT NULL COMMENT '1= m_attribut_barang 2= m_sub_attribut_barang',
  `referensi_id` int(11) NOT NULL,
  `value` varchar(255) NOT NULL,
  `value_create_date` datetime NOT NULL DEFAULT '0000-00-00 00:00:00' ON UPDATE CURRENT_TIMESTAMP,
  `value_create_by` varchar(255) NOT NULL,
  `value_update_date` datetime DEFAULT NULL ON UPDATE CURRENT_TIMESTAMP,
  `value_update_by` varchar(255) DEFAULT NULL,
  `value_revised` int(11) DEFAULT NULL,
  PRIMARY KEY (`value_id`)
) ENGINE=InnoDB AUTO_INCREMENT=12 DEFAULT CHARSET=latin1;

-- ----------------------------
-- Records of m_value
-- ----------------------------
INSERT INTO `m_value` VALUES ('1', '1', '1', '20', '2017-02-16 00:06:05', 'developer', '2017-02-16 00:05:57', 'developer', '2');
INSERT INTO `m_value` VALUES ('2', '1', '2', '10', '2017-02-16 00:06:05', 'developer', '2017-02-16 00:05:57', 'developer', '2');
INSERT INTO `m_value` VALUES ('3', '1', '3', '5', '2017-02-16 00:06:05', 'developer', '2017-02-16 00:05:57', 'developer', '2');
INSERT INTO `m_value` VALUES ('4', '1', '4', '30', '2017-02-16 00:06:05', 'developer', '2017-02-16 00:05:57', 'developer', '2');
INSERT INTO `m_value` VALUES ('5', '2', '1', '25', '2017-02-16 00:06:06', 'developer', '2017-02-16 00:05:57', 'developer', '1');
INSERT INTO `m_value` VALUES ('6', '2', '2', '5', '2017-02-16 00:06:06', 'developer', '2017-02-16 00:05:58', 'developer', '1');
INSERT INTO `m_value` VALUES ('7', '1', '5', '1', '2017-02-16 00:06:06', 'developer', '2017-02-16 00:05:58', 'developer', '1');
INSERT INTO `m_value` VALUES ('8', '2', '3', '3', '2017-02-16 00:06:07', 'developer', '2017-02-16 00:05:58', 'developer', '1');
INSERT INTO `m_value` VALUES ('9', '2', '4', '2', '2017-02-16 00:06:07', 'developer', '2017-02-16 00:05:59', 'developer', '1');
INSERT INTO `m_value` VALUES ('10', '1', '6', 'Barang lain', '2017-02-16 00:06:07', 'developer', '2017-02-16 00:05:59', 'developer', '1');
INSERT INTO `m_value` VALUES ('11', '1', '11', '10', '2017-04-20 10:52:10', 'developer', null, null, null);

-- ----------------------------
-- Table structure for provinces
-- ----------------------------
DROP TABLE IF EXISTS `provinces`;
CREATE TABLE `provinces` (
  `id` char(2) COLLATE utf8_unicode_ci NOT NULL,
  `name` varchar(255) COLLATE utf8_unicode_ci NOT NULL,
  PRIMARY KEY (`id`)
) ENGINE=InnoDB DEFAULT CHARSET=utf8 COLLATE=utf8_unicode_ci;

-- ----------------------------
-- Records of provinces
-- ----------------------------
INSERT INTO `provinces` VALUES ('11', 'ACEH');
INSERT INTO `provinces` VALUES ('12', 'SUMATERA UTARA');
INSERT INTO `provinces` VALUES ('13', 'SUMATERA BARAT');
INSERT INTO `provinces` VALUES ('14', 'RIAU');
INSERT INTO `provinces` VALUES ('15', 'JAMBI');
INSERT INTO `provinces` VALUES ('16', 'SUMATERA SELATAN');
INSERT INTO `provinces` VALUES ('17', 'BENGKULU');
INSERT INTO `provinces` VALUES ('18', 'LAMPUNG');
INSERT INTO `provinces` VALUES ('19', 'KEPULAUAN BANGKA BELITUNG');
INSERT INTO `provinces` VALUES ('21', 'KEPULAUAN RIAU');
INSERT INTO `provinces` VALUES ('31', 'DKI JAKARTA');
INSERT INTO `provinces` VALUES ('32', 'JAWA BARAT');
INSERT INTO `provinces` VALUES ('33', 'JAWA TENGAH');
INSERT INTO `provinces` VALUES ('34', 'DI YOGYAKARTA');
INSERT INTO `provinces` VALUES ('35', 'JAWA TIMUR');
INSERT INTO `provinces` VALUES ('36', 'BANTEN');
INSERT INTO `provinces` VALUES ('51', 'BALI');
INSERT INTO `provinces` VALUES ('52', 'NUSA TENGGARA BARAT');
INSERT INTO `provinces` VALUES ('53', 'NUSA TENGGARA TIMUR');
INSERT INTO `provinces` VALUES ('61', 'KALIMANTAN BARAT');
INSERT INTO `provinces` VALUES ('62', 'KALIMANTAN TENGAH');
INSERT INTO `provinces` VALUES ('63', 'KALIMANTAN SELATAN');
INSERT INTO `provinces` VALUES ('64', 'KALIMANTAN TIMUR');
INSERT INTO `provinces` VALUES ('65', 'KALIMANTAN UTARA');
INSERT INTO `provinces` VALUES ('71', 'SULAWESI UTARA');
INSERT INTO `provinces` VALUES ('72', 'SULAWESI TENGAH');
INSERT INTO `provinces` VALUES ('73', 'SULAWESI SELATAN');
INSERT INTO `provinces` VALUES ('74', 'SULAWESI TENGGARA');
INSERT INTO `provinces` VALUES ('75', 'GORONTALO');
INSERT INTO `provinces` VALUES ('76', 'SULAWESI BARAT');
INSERT INTO `provinces` VALUES ('81', 'MALUKU');
INSERT INTO `provinces` VALUES ('82', 'MALUKU UTARA');
INSERT INTO `provinces` VALUES ('91', 'PAPUA BARAT');
INSERT INTO `provinces` VALUES ('94', 'PAPUA');

-- ----------------------------
-- Table structure for regencies
-- ----------------------------
DROP TABLE IF EXISTS `regencies`;
CREATE TABLE `regencies` (
  `id` char(4) COLLATE utf8_unicode_ci NOT NULL,
  `province_id` char(2) COLLATE utf8_unicode_ci NOT NULL,
  `name` varchar(255) COLLATE utf8_unicode_ci NOT NULL,
  PRIMARY KEY (`id`),
  KEY `regencies_province_id_index` (`province_id`),
  CONSTRAINT `regencies_province_id_foreign` FOREIGN KEY (`province_id`) REFERENCES `provinces` (`id`)
) ENGINE=InnoDB DEFAULT CHARSET=utf8 COLLATE=utf8_unicode_ci;

-- ----------------------------
-- Records of regencies
-- ----------------------------
INSERT INTO `regencies` VALUES ('1101', '11', 'KABUPATEN SIMEULUE');
INSERT INTO `regencies` VALUES ('1102', '11', 'KABUPATEN ACEH SINGKIL');
INSERT INTO `regencies` VALUES ('1103', '11', 'KABUPATEN ACEH SELATAN');
INSERT INTO `regencies` VALUES ('1104', '11', 'KABUPATEN ACEH TENGGARA');
INSERT INTO `regencies` VALUES ('1105', '11', 'KABUPATEN ACEH TIMUR');
INSERT INTO `regencies` VALUES ('1106', '11', 'KABUPATEN ACEH TENGAH');
INSERT INTO `regencies` VALUES ('1107', '11', 'KABUPATEN ACEH BARAT');
INSERT INTO `regencies` VALUES ('1108', '11', 'KABUPATEN ACEH BESAR');
INSERT INTO `regencies` VALUES ('1109', '11', 'KABUPATEN PIDIE');
INSERT INTO `regencies` VALUES ('1110', '11', 'KABUPATEN BIREUEN');
INSERT INTO `regencies` VALUES ('1111', '11', 'KABUPATEN ACEH UTARA');
INSERT INTO `regencies` VALUES ('1112', '11', 'KABUPATEN ACEH BARAT DAYA');
INSERT INTO `regencies` VALUES ('1113', '11', 'KABUPATEN GAYO LUES');
INSERT INTO `regencies` VALUES ('1114', '11', 'KABUPATEN ACEH TAMIANG');
INSERT INTO `regencies` VALUES ('1115', '11', 'KABUPATEN NAGAN RAYA');
INSERT INTO `regencies` VALUES ('1116', '11', 'KABUPATEN ACEH JAYA');
INSERT INTO `regencies` VALUES ('1117', '11', 'KABUPATEN BENER MERIAH');
INSERT INTO `regencies` VALUES ('1118', '11', 'KABUPATEN PIDIE JAYA');
INSERT INTO `regencies` VALUES ('1171', '11', 'KOTA BANDA ACEH');
INSERT INTO `regencies` VALUES ('1172', '11', 'KOTA SABANG');
INSERT INTO `regencies` VALUES ('1173', '11', 'KOTA LANGSA');
INSERT INTO `regencies` VALUES ('1174', '11', 'KOTA LHOKSEUMAWE');
INSERT INTO `regencies` VALUES ('1175', '11', 'KOTA SUBULUSSALAM');
INSERT INTO `regencies` VALUES ('1201', '12', 'KABUPATEN NIAS');
INSERT INTO `regencies` VALUES ('1202', '12', 'KABUPATEN MANDAILING NATAL');
INSERT INTO `regencies` VALUES ('1203', '12', 'KABUPATEN TAPANULI SELATAN');
INSERT INTO `regencies` VALUES ('1204', '12', 'KABUPATEN TAPANULI TENGAH');
INSERT INTO `regencies` VALUES ('1205', '12', 'KABUPATEN TAPANULI UTARA');
INSERT INTO `regencies` VALUES ('1206', '12', 'KABUPATEN TOBA SAMOSIR');
INSERT INTO `regencies` VALUES ('1207', '12', 'KABUPATEN LABUHAN BATU');
INSERT INTO `regencies` VALUES ('1208', '12', 'KABUPATEN ASAHAN');
INSERT INTO `regencies` VALUES ('1209', '12', 'KABUPATEN SIMALUNGUN');
INSERT INTO `regencies` VALUES ('1210', '12', 'KABUPATEN DAIRI');
INSERT INTO `regencies` VALUES ('1211', '12', 'KABUPATEN KARO');
INSERT INTO `regencies` VALUES ('1212', '12', 'KABUPATEN DELI SERDANG');
INSERT INTO `regencies` VALUES ('1213', '12', 'KABUPATEN LANGKAT');
INSERT INTO `regencies` VALUES ('1214', '12', 'KABUPATEN NIAS SELATAN');
INSERT INTO `regencies` VALUES ('1215', '12', 'KABUPATEN HUMBANG HASUNDUTAN');
INSERT INTO `regencies` VALUES ('1216', '12', 'KABUPATEN PAKPAK BHARAT');
INSERT INTO `regencies` VALUES ('1217', '12', 'KABUPATEN SAMOSIR');
INSERT INTO `regencies` VALUES ('1218', '12', 'KABUPATEN SERDANG BEDAGAI');
INSERT INTO `regencies` VALUES ('1219', '12', 'KABUPATEN BATU BARA');
INSERT INTO `regencies` VALUES ('1220', '12', 'KABUPATEN PADANG LAWAS UTARA');
INSERT INTO `regencies` VALUES ('1221', '12', 'KABUPATEN PADANG LAWAS');
INSERT INTO `regencies` VALUES ('1222', '12', 'KABUPATEN LABUHAN BATU SELATAN');
INSERT INTO `regencies` VALUES ('1223', '12', 'KABUPATEN LABUHAN BATU UTARA');
INSERT INTO `regencies` VALUES ('1224', '12', 'KABUPATEN NIAS UTARA');
INSERT INTO `regencies` VALUES ('1225', '12', 'KABUPATEN NIAS BARAT');
INSERT INTO `regencies` VALUES ('1271', '12', 'KOTA SIBOLGA');
INSERT INTO `regencies` VALUES ('1272', '12', 'KOTA TANJUNG BALAI');
INSERT INTO `regencies` VALUES ('1273', '12', 'KOTA PEMATANG SIANTAR');
INSERT INTO `regencies` VALUES ('1274', '12', 'KOTA TEBING TINGGI');
INSERT INTO `regencies` VALUES ('1275', '12', 'KOTA MEDAN');
INSERT INTO `regencies` VALUES ('1276', '12', 'KOTA BINJAI');
INSERT INTO `regencies` VALUES ('1277', '12', 'KOTA PADANGSIDIMPUAN');
INSERT INTO `regencies` VALUES ('1278', '12', 'KOTA GUNUNGSITOLI');
INSERT INTO `regencies` VALUES ('1301', '13', 'KABUPATEN KEPULAUAN MENTAWAI');
INSERT INTO `regencies` VALUES ('1302', '13', 'KABUPATEN PESISIR SELATAN');
INSERT INTO `regencies` VALUES ('1303', '13', 'KABUPATEN SOLOK');
INSERT INTO `regencies` VALUES ('1304', '13', 'KABUPATEN SIJUNJUNG');
INSERT INTO `regencies` VALUES ('1305', '13', 'KABUPATEN TANAH DATAR');
INSERT INTO `regencies` VALUES ('1306', '13', 'KABUPATEN PADANG PARIAMAN');
INSERT INTO `regencies` VALUES ('1307', '13', 'KABUPATEN AGAM');
INSERT INTO `regencies` VALUES ('1308', '13', 'KABUPATEN LIMA PULUH KOTA');
INSERT INTO `regencies` VALUES ('1309', '13', 'KABUPATEN PASAMAN');
INSERT INTO `regencies` VALUES ('1310', '13', 'KABUPATEN SOLOK SELATAN');
INSERT INTO `regencies` VALUES ('1311', '13', 'KABUPATEN DHARMASRAYA');
INSERT INTO `regencies` VALUES ('1312', '13', 'KABUPATEN PASAMAN BARAT');
INSERT INTO `regencies` VALUES ('1371', '13', 'KOTA PADANG');
INSERT INTO `regencies` VALUES ('1372', '13', 'KOTA SOLOK');
INSERT INTO `regencies` VALUES ('1373', '13', 'KOTA SAWAH LUNTO');
INSERT INTO `regencies` VALUES ('1374', '13', 'KOTA PADANG PANJANG');
INSERT INTO `regencies` VALUES ('1375', '13', 'KOTA BUKITTINGGI');
INSERT INTO `regencies` VALUES ('1376', '13', 'KOTA PAYAKUMBUH');
INSERT INTO `regencies` VALUES ('1377', '13', 'KOTA PARIAMAN');
INSERT INTO `regencies` VALUES ('1401', '14', 'KABUPATEN KUANTAN SINGINGI');
INSERT INTO `regencies` VALUES ('1402', '14', 'KABUPATEN INDRAGIRI HULU');
INSERT INTO `regencies` VALUES ('1403', '14', 'KABUPATEN INDRAGIRI HILIR');
INSERT INTO `regencies` VALUES ('1404', '14', 'KABUPATEN PELALAWAN');
INSERT INTO `regencies` VALUES ('1405', '14', 'KABUPATEN S I A K');
INSERT INTO `regencies` VALUES ('1406', '14', 'KABUPATEN KAMPAR');
INSERT INTO `regencies` VALUES ('1407', '14', 'KABUPATEN ROKAN HULU');
INSERT INTO `regencies` VALUES ('1408', '14', 'KABUPATEN BENGKALIS');
INSERT INTO `regencies` VALUES ('1409', '14', 'KABUPATEN ROKAN HILIR');
INSERT INTO `regencies` VALUES ('1410', '14', 'KABUPATEN KEPULAUAN MERANTI');
INSERT INTO `regencies` VALUES ('1471', '14', 'KOTA PEKANBARU');
INSERT INTO `regencies` VALUES ('1473', '14', 'KOTA D U M A I');
INSERT INTO `regencies` VALUES ('1501', '15', 'KABUPATEN KERINCI');
INSERT INTO `regencies` VALUES ('1502', '15', 'KABUPATEN MERANGIN');
INSERT INTO `regencies` VALUES ('1503', '15', 'KABUPATEN SAROLANGUN');
INSERT INTO `regencies` VALUES ('1504', '15', 'KABUPATEN BATANG HARI');
INSERT INTO `regencies` VALUES ('1505', '15', 'KABUPATEN MUARO JAMBI');
INSERT INTO `regencies` VALUES ('1506', '15', 'KABUPATEN TANJUNG JABUNG TIMUR');
INSERT INTO `regencies` VALUES ('1507', '15', 'KABUPATEN TANJUNG JABUNG BARAT');
INSERT INTO `regencies` VALUES ('1508', '15', 'KABUPATEN TEBO');
INSERT INTO `regencies` VALUES ('1509', '15', 'KABUPATEN BUNGO');
INSERT INTO `regencies` VALUES ('1571', '15', 'KOTA JAMBI');
INSERT INTO `regencies` VALUES ('1572', '15', 'KOTA SUNGAI PENUH');
INSERT INTO `regencies` VALUES ('1601', '16', 'KABUPATEN OGAN KOMERING ULU');
INSERT INTO `regencies` VALUES ('1602', '16', 'KABUPATEN OGAN KOMERING ILIR');
INSERT INTO `regencies` VALUES ('1603', '16', 'KABUPATEN MUARA ENIM');
INSERT INTO `regencies` VALUES ('1604', '16', 'KABUPATEN LAHAT');
INSERT INTO `regencies` VALUES ('1605', '16', 'KABUPATEN MUSI RAWAS');
INSERT INTO `regencies` VALUES ('1606', '16', 'KABUPATEN MUSI BANYUASIN');
INSERT INTO `regencies` VALUES ('1607', '16', 'KABUPATEN BANYU ASIN');
INSERT INTO `regencies` VALUES ('1608', '16', 'KABUPATEN OGAN KOMERING ULU SELATAN');
INSERT INTO `regencies` VALUES ('1609', '16', 'KABUPATEN OGAN KOMERING ULU TIMUR');
INSERT INTO `regencies` VALUES ('1610', '16', 'KABUPATEN OGAN ILIR');
INSERT INTO `regencies` VALUES ('1611', '16', 'KABUPATEN EMPAT LAWANG');
INSERT INTO `regencies` VALUES ('1612', '16', 'KABUPATEN PENUKAL ABAB LEMATANG ILIR');
INSERT INTO `regencies` VALUES ('1613', '16', 'KABUPATEN MUSI RAWAS UTARA');
INSERT INTO `regencies` VALUES ('1671', '16', 'KOTA PALEMBANG');
INSERT INTO `regencies` VALUES ('1672', '16', 'KOTA PRABUMULIH');
INSERT INTO `regencies` VALUES ('1673', '16', 'KOTA PAGAR ALAM');
INSERT INTO `regencies` VALUES ('1674', '16', 'KOTA LUBUKLINGGAU');
INSERT INTO `regencies` VALUES ('1701', '17', 'KABUPATEN BENGKULU SELATAN');
INSERT INTO `regencies` VALUES ('1702', '17', 'KABUPATEN REJANG LEBONG');
INSERT INTO `regencies` VALUES ('1703', '17', 'KABUPATEN BENGKULU UTARA');
INSERT INTO `regencies` VALUES ('1704', '17', 'KABUPATEN KAUR');
INSERT INTO `regencies` VALUES ('1705', '17', 'KABUPATEN SELUMA');
INSERT INTO `regencies` VALUES ('1706', '17', 'KABUPATEN MUKOMUKO');
INSERT INTO `regencies` VALUES ('1707', '17', 'KABUPATEN LEBONG');
INSERT INTO `regencies` VALUES ('1708', '17', 'KABUPATEN KEPAHIANG');
INSERT INTO `regencies` VALUES ('1709', '17', 'KABUPATEN BENGKULU TENGAH');
INSERT INTO `regencies` VALUES ('1771', '17', 'KOTA BENGKULU');
INSERT INTO `regencies` VALUES ('1801', '18', 'KABUPATEN LAMPUNG BARAT');
INSERT INTO `regencies` VALUES ('1802', '18', 'KABUPATEN TANGGAMUS');
INSERT INTO `regencies` VALUES ('1803', '18', 'KABUPATEN LAMPUNG SELATAN');
INSERT INTO `regencies` VALUES ('1804', '18', 'KABUPATEN LAMPUNG TIMUR');
INSERT INTO `regencies` VALUES ('1805', '18', 'KABUPATEN LAMPUNG TENGAH');
INSERT INTO `regencies` VALUES ('1806', '18', 'KABUPATEN LAMPUNG UTARA');
INSERT INTO `regencies` VALUES ('1807', '18', 'KABUPATEN WAY KANAN');
INSERT INTO `regencies` VALUES ('1808', '18', 'KABUPATEN TULANGBAWANG');
INSERT INTO `regencies` VALUES ('1809', '18', 'KABUPATEN PESAWARAN');
INSERT INTO `regencies` VALUES ('1810', '18', 'KABUPATEN PRINGSEWU');
INSERT INTO `regencies` VALUES ('1811', '18', 'KABUPATEN MESUJI');
INSERT INTO `regencies` VALUES ('1812', '18', 'KABUPATEN TULANG BAWANG BARAT');
INSERT INTO `regencies` VALUES ('1813', '18', 'KABUPATEN PESISIR BARAT');
INSERT INTO `regencies` VALUES ('1871', '18', 'KOTA BANDAR LAMPUNG');
INSERT INTO `regencies` VALUES ('1872', '18', 'KOTA METRO');
INSERT INTO `regencies` VALUES ('1901', '19', 'KABUPATEN BANGKA');
INSERT INTO `regencies` VALUES ('1902', '19', 'KABUPATEN BELITUNG');
INSERT INTO `regencies` VALUES ('1903', '19', 'KABUPATEN BANGKA BARAT');
INSERT INTO `regencies` VALUES ('1904', '19', 'KABUPATEN BANGKA TENGAH');
INSERT INTO `regencies` VALUES ('1905', '19', 'KABUPATEN BANGKA SELATAN');
INSERT INTO `regencies` VALUES ('1906', '19', 'KABUPATEN BELITUNG TIMUR');
INSERT INTO `regencies` VALUES ('1971', '19', 'KOTA PANGKAL PINANG');
INSERT INTO `regencies` VALUES ('2101', '21', 'KABUPATEN KARIMUN');
INSERT INTO `regencies` VALUES ('2102', '21', 'KABUPATEN BINTAN');
INSERT INTO `regencies` VALUES ('2103', '21', 'KABUPATEN NATUNA');
INSERT INTO `regencies` VALUES ('2104', '21', 'KABUPATEN LINGGA');
INSERT INTO `regencies` VALUES ('2105', '21', 'KABUPATEN KEPULAUAN ANAMBAS');
INSERT INTO `regencies` VALUES ('2171', '21', 'KOTA B A T A M');
INSERT INTO `regencies` VALUES ('2172', '21', 'KOTA TANJUNG PINANG');
INSERT INTO `regencies` VALUES ('3101', '31', 'KABUPATEN KEPULAUAN SERIBU');
INSERT INTO `regencies` VALUES ('3171', '31', 'KOTA JAKARTA SELATAN');
INSERT INTO `regencies` VALUES ('3172', '31', 'KOTA JAKARTA TIMUR');
INSERT INTO `regencies` VALUES ('3173', '31', 'KOTA JAKARTA PUSAT');
INSERT INTO `regencies` VALUES ('3174', '31', 'KOTA JAKARTA BARAT');
INSERT INTO `regencies` VALUES ('3175', '31', 'KOTA JAKARTA UTARA');
INSERT INTO `regencies` VALUES ('3201', '32', 'KABUPATEN BOGOR');
INSERT INTO `regencies` VALUES ('3202', '32', 'KABUPATEN SUKABUMI');
INSERT INTO `regencies` VALUES ('3203', '32', 'KABUPATEN CIANJUR');
INSERT INTO `regencies` VALUES ('3204', '32', 'KABUPATEN BANDUNG');
INSERT INTO `regencies` VALUES ('3205', '32', 'KABUPATEN GARUT');
INSERT INTO `regencies` VALUES ('3206', '32', 'KABUPATEN TASIKMALAYA');
INSERT INTO `regencies` VALUES ('3207', '32', 'KABUPATEN CIAMIS');
INSERT INTO `regencies` VALUES ('3208', '32', 'KABUPATEN KUNINGAN');
INSERT INTO `regencies` VALUES ('3209', '32', 'KABUPATEN CIREBON');
INSERT INTO `regencies` VALUES ('3210', '32', 'KABUPATEN MAJALENGKA');
INSERT INTO `regencies` VALUES ('3211', '32', 'KABUPATEN SUMEDANG');
INSERT INTO `regencies` VALUES ('3212', '32', 'KABUPATEN INDRAMAYU');
INSERT INTO `regencies` VALUES ('3213', '32', 'KABUPATEN SUBANG');
INSERT INTO `regencies` VALUES ('3214', '32', 'KABUPATEN PURWAKARTA');
INSERT INTO `regencies` VALUES ('3215', '32', 'KABUPATEN KARAWANG');
INSERT INTO `regencies` VALUES ('3216', '32', 'KABUPATEN BEKASI');
INSERT INTO `regencies` VALUES ('3217', '32', 'KABUPATEN BANDUNG BARAT');
INSERT INTO `regencies` VALUES ('3218', '32', 'KABUPATEN PANGANDARAN');
INSERT INTO `regencies` VALUES ('3271', '32', 'KOTA BOGOR');
INSERT INTO `regencies` VALUES ('3272', '32', 'KOTA SUKABUMI');
INSERT INTO `regencies` VALUES ('3273', '32', 'KOTA BANDUNG');
INSERT INTO `regencies` VALUES ('3274', '32', 'KOTA CIREBON');
INSERT INTO `regencies` VALUES ('3275', '32', 'KOTA BEKASI');
INSERT INTO `regencies` VALUES ('3276', '32', 'KOTA DEPOK');
INSERT INTO `regencies` VALUES ('3277', '32', 'KOTA CIMAHI');
INSERT INTO `regencies` VALUES ('3278', '32', 'KOTA TASIKMALAYA');
INSERT INTO `regencies` VALUES ('3279', '32', 'KOTA BANJAR');
INSERT INTO `regencies` VALUES ('3301', '33', 'KABUPATEN CILACAP');
INSERT INTO `regencies` VALUES ('3302', '33', 'KABUPATEN BANYUMAS');
INSERT INTO `regencies` VALUES ('3303', '33', 'KABUPATEN PURBALINGGA');
INSERT INTO `regencies` VALUES ('3304', '33', 'KABUPATEN BANJARNEGARA');
INSERT INTO `regencies` VALUES ('3305', '33', 'KABUPATEN KEBUMEN');
INSERT INTO `regencies` VALUES ('3306', '33', 'KABUPATEN PURWOREJO');
INSERT INTO `regencies` VALUES ('3307', '33', 'KABUPATEN WONOSOBO');
INSERT INTO `regencies` VALUES ('3308', '33', 'KABUPATEN MAGELANG');
INSERT INTO `regencies` VALUES ('3309', '33', 'KABUPATEN BOYOLALI');
INSERT INTO `regencies` VALUES ('3310', '33', 'KABUPATEN KLATEN');
INSERT INTO `regencies` VALUES ('3311', '33', 'KABUPATEN SUKOHARJO');
INSERT INTO `regencies` VALUES ('3312', '33', 'KABUPATEN WONOGIRI');
INSERT INTO `regencies` VALUES ('3313', '33', 'KABUPATEN KARANGANYAR');
INSERT INTO `regencies` VALUES ('3314', '33', 'KABUPATEN SRAGEN');
INSERT INTO `regencies` VALUES ('3315', '33', 'KABUPATEN GROBOGAN');
INSERT INTO `regencies` VALUES ('3316', '33', 'KABUPATEN BLORA');
INSERT INTO `regencies` VALUES ('3317', '33', 'KABUPATEN REMBANG');
INSERT INTO `regencies` VALUES ('3318', '33', 'KABUPATEN PATI');
INSERT INTO `regencies` VALUES ('3319', '33', 'KABUPATEN KUDUS');
INSERT INTO `regencies` VALUES ('3320', '33', 'KABUPATEN JEPARA');
INSERT INTO `regencies` VALUES ('3321', '33', 'KABUPATEN DEMAK');
INSERT INTO `regencies` VALUES ('3322', '33', 'KABUPATEN SEMARANG');
INSERT INTO `regencies` VALUES ('3323', '33', 'KABUPATEN TEMANGGUNG');
INSERT INTO `regencies` VALUES ('3324', '33', 'KABUPATEN KENDAL');
INSERT INTO `regencies` VALUES ('3325', '33', 'KABUPATEN BATANG');
INSERT INTO `regencies` VALUES ('3326', '33', 'KABUPATEN PEKALONGAN');
INSERT INTO `regencies` VALUES ('3327', '33', 'KABUPATEN PEMALANG');
INSERT INTO `regencies` VALUES ('3328', '33', 'KABUPATEN TEGAL');
INSERT INTO `regencies` VALUES ('3329', '33', 'KABUPATEN BREBES');
INSERT INTO `regencies` VALUES ('3371', '33', 'KOTA MAGELANG');
INSERT INTO `regencies` VALUES ('3372', '33', 'KOTA SURAKARTA');
INSERT INTO `regencies` VALUES ('3373', '33', 'KOTA SALATIGA');
INSERT INTO `regencies` VALUES ('3374', '33', 'KOTA SEMARANG');
INSERT INTO `regencies` VALUES ('3375', '33', 'KOTA PEKALONGAN');
INSERT INTO `regencies` VALUES ('3376', '33', 'KOTA TEGAL');
INSERT INTO `regencies` VALUES ('3401', '34', 'KABUPATEN KULON PROGO');
INSERT INTO `regencies` VALUES ('3402', '34', 'KABUPATEN BANTUL');
INSERT INTO `regencies` VALUES ('3403', '34', 'KABUPATEN GUNUNG KIDUL');
INSERT INTO `regencies` VALUES ('3404', '34', 'KABUPATEN SLEMAN');
INSERT INTO `regencies` VALUES ('3471', '34', 'KOTA YOGYAKARTA');
INSERT INTO `regencies` VALUES ('3501', '35', 'KABUPATEN PACITAN');
INSERT INTO `regencies` VALUES ('3502', '35', 'KABUPATEN PONOROGO');
INSERT INTO `regencies` VALUES ('3503', '35', 'KABUPATEN TRENGGALEK');
INSERT INTO `regencies` VALUES ('3504', '35', 'KABUPATEN TULUNGAGUNG');
INSERT INTO `regencies` VALUES ('3505', '35', 'KABUPATEN BLITAR');
INSERT INTO `regencies` VALUES ('3506', '35', 'KABUPATEN KEDIRI');
INSERT INTO `regencies` VALUES ('3507', '35', 'KABUPATEN MALANG');
INSERT INTO `regencies` VALUES ('3508', '35', 'KABUPATEN LUMAJANG');
INSERT INTO `regencies` VALUES ('3509', '35', 'KABUPATEN JEMBER');
INSERT INTO `regencies` VALUES ('3510', '35', 'KABUPATEN BANYUWANGI');
INSERT INTO `regencies` VALUES ('3511', '35', 'KABUPATEN BONDOWOSO');
INSERT INTO `regencies` VALUES ('3512', '35', 'KABUPATEN SITUBONDO');
INSERT INTO `regencies` VALUES ('3513', '35', 'KABUPATEN PROBOLINGGO');
INSERT INTO `regencies` VALUES ('3514', '35', 'KABUPATEN PASURUAN');
INSERT INTO `regencies` VALUES ('3515', '35', 'KABUPATEN SIDOARJO');
INSERT INTO `regencies` VALUES ('3516', '35', 'KABUPATEN MOJOKERTO');
INSERT INTO `regencies` VALUES ('3517', '35', 'KABUPATEN JOMBANG');
INSERT INTO `regencies` VALUES ('3518', '35', 'KABUPATEN NGANJUK');
INSERT INTO `regencies` VALUES ('3519', '35', 'KABUPATEN MADIUN');
INSERT INTO `regencies` VALUES ('3520', '35', 'KABUPATEN MAGETAN');
INSERT INTO `regencies` VALUES ('3521', '35', 'KABUPATEN NGAWI');
INSERT INTO `regencies` VALUES ('3522', '35', 'KABUPATEN BOJONEGORO');
INSERT INTO `regencies` VALUES ('3523', '35', 'KABUPATEN TUBAN');
INSERT INTO `regencies` VALUES ('3524', '35', 'KABUPATEN LAMONGAN');
INSERT INTO `regencies` VALUES ('3525', '35', 'KABUPATEN GRESIK');
INSERT INTO `regencies` VALUES ('3526', '35', 'KABUPATEN BANGKALAN');
INSERT INTO `regencies` VALUES ('3527', '35', 'KABUPATEN SAMPANG');
INSERT INTO `regencies` VALUES ('3528', '35', 'KABUPATEN PAMEKASAN');
INSERT INTO `regencies` VALUES ('3529', '35', 'KABUPATEN SUMENEP');
INSERT INTO `regencies` VALUES ('3571', '35', 'KOTA KEDIRI');
INSERT INTO `regencies` VALUES ('3572', '35', 'KOTA BLITAR');
INSERT INTO `regencies` VALUES ('3573', '35', 'KOTA MALANG');
INSERT INTO `regencies` VALUES ('3574', '35', 'KOTA PROBOLINGGO');
INSERT INTO `regencies` VALUES ('3575', '35', 'KOTA PASURUAN');
INSERT INTO `regencies` VALUES ('3576', '35', 'KOTA MOJOKERTO');
INSERT INTO `regencies` VALUES ('3577', '35', 'KOTA MADIUN');
INSERT INTO `regencies` VALUES ('3578', '35', 'KOTA SURABAYA');
INSERT INTO `regencies` VALUES ('3579', '35', 'KOTA BATU');
INSERT INTO `regencies` VALUES ('3601', '36', 'KABUPATEN PANDEGLANG');
INSERT INTO `regencies` VALUES ('3602', '36', 'KABUPATEN LEBAK');
INSERT INTO `regencies` VALUES ('3603', '36', 'KABUPATEN TANGERANG');
INSERT INTO `regencies` VALUES ('3604', '36', 'KABUPATEN SERANG');
INSERT INTO `regencies` VALUES ('3671', '36', 'KOTA TANGERANG');
INSERT INTO `regencies` VALUES ('3672', '36', 'KOTA CILEGON');
INSERT INTO `regencies` VALUES ('3673', '36', 'KOTA SERANG');
INSERT INTO `regencies` VALUES ('3674', '36', 'KOTA TANGERANG SELATAN');
INSERT INTO `regencies` VALUES ('5101', '51', 'KABUPATEN JEMBRANA');
INSERT INTO `regencies` VALUES ('5102', '51', 'KABUPATEN TABANAN');
INSERT INTO `regencies` VALUES ('5103', '51', 'KABUPATEN BADUNG');
INSERT INTO `regencies` VALUES ('5104', '51', 'KABUPATEN GIANYAR');
INSERT INTO `regencies` VALUES ('5105', '51', 'KABUPATEN KLUNGKUNG');
INSERT INTO `regencies` VALUES ('5106', '51', 'KABUPATEN BANGLI');
INSERT INTO `regencies` VALUES ('5107', '51', 'KABUPATEN KARANG ASEM');
INSERT INTO `regencies` VALUES ('5108', '51', 'KABUPATEN BULELENG');
INSERT INTO `regencies` VALUES ('5171', '51', 'KOTA DENPASAR');
INSERT INTO `regencies` VALUES ('5201', '52', 'KABUPATEN LOMBOK BARAT');
INSERT INTO `regencies` VALUES ('5202', '52', 'KABUPATEN LOMBOK TENGAH');
INSERT INTO `regencies` VALUES ('5203', '52', 'KABUPATEN LOMBOK TIMUR');
INSERT INTO `regencies` VALUES ('5204', '52', 'KABUPATEN SUMBAWA');
INSERT INTO `regencies` VALUES ('5205', '52', 'KABUPATEN DOMPU');
INSERT INTO `regencies` VALUES ('5206', '52', 'KABUPATEN BIMA');
INSERT INTO `regencies` VALUES ('5207', '52', 'KABUPATEN SUMBAWA BARAT');
INSERT INTO `regencies` VALUES ('5208', '52', 'KABUPATEN LOMBOK UTARA');
INSERT INTO `regencies` VALUES ('5271', '52', 'KOTA MATARAM');
INSERT INTO `regencies` VALUES ('5272', '52', 'KOTA BIMA');
INSERT INTO `regencies` VALUES ('5301', '53', 'KABUPATEN SUMBA BARAT');
INSERT INTO `regencies` VALUES ('5302', '53', 'KABUPATEN SUMBA TIMUR');
INSERT INTO `regencies` VALUES ('5303', '53', 'KABUPATEN KUPANG');
INSERT INTO `regencies` VALUES ('5304', '53', 'KABUPATEN TIMOR TENGAH SELATAN');
INSERT INTO `regencies` VALUES ('5305', '53', 'KABUPATEN TIMOR TENGAH UTARA');
INSERT INTO `regencies` VALUES ('5306', '53', 'KABUPATEN BELU');
INSERT INTO `regencies` VALUES ('5307', '53', 'KABUPATEN ALOR');
INSERT INTO `regencies` VALUES ('5308', '53', 'KABUPATEN LEMBATA');
INSERT INTO `regencies` VALUES ('5309', '53', 'KABUPATEN FLORES TIMUR');
INSERT INTO `regencies` VALUES ('5310', '53', 'KABUPATEN SIKKA');
INSERT INTO `regencies` VALUES ('5311', '53', 'KABUPATEN ENDE');
INSERT INTO `regencies` VALUES ('5312', '53', 'KABUPATEN NGADA');
INSERT INTO `regencies` VALUES ('5313', '53', 'KABUPATEN MANGGARAI');
INSERT INTO `regencies` VALUES ('5314', '53', 'KABUPATEN ROTE NDAO');
INSERT INTO `regencies` VALUES ('5315', '53', 'KABUPATEN MANGGARAI BARAT');
INSERT INTO `regencies` VALUES ('5316', '53', 'KABUPATEN SUMBA TENGAH');
INSERT INTO `regencies` VALUES ('5317', '53', 'KABUPATEN SUMBA BARAT DAYA');
INSERT INTO `regencies` VALUES ('5318', '53', 'KABUPATEN NAGEKEO');
INSERT INTO `regencies` VALUES ('5319', '53', 'KABUPATEN MANGGARAI TIMUR');
INSERT INTO `regencies` VALUES ('5320', '53', 'KABUPATEN SABU RAIJUA');
INSERT INTO `regencies` VALUES ('5321', '53', 'KABUPATEN MALAKA');
INSERT INTO `regencies` VALUES ('5371', '53', 'KOTA KUPANG');
INSERT INTO `regencies` VALUES ('6101', '61', 'KABUPATEN SAMBAS');
INSERT INTO `regencies` VALUES ('6102', '61', 'KABUPATEN BENGKAYANG');
INSERT INTO `regencies` VALUES ('6103', '61', 'KABUPATEN LANDAK');
INSERT INTO `regencies` VALUES ('6104', '61', 'KABUPATEN MEMPAWAH');
INSERT INTO `regencies` VALUES ('6105', '61', 'KABUPATEN SANGGAU');
INSERT INTO `regencies` VALUES ('6106', '61', 'KABUPATEN KETAPANG');
INSERT INTO `regencies` VALUES ('6107', '61', 'KABUPATEN SINTANG');
INSERT INTO `regencies` VALUES ('6108', '61', 'KABUPATEN KAPUAS HULU');
INSERT INTO `regencies` VALUES ('6109', '61', 'KABUPATEN SEKADAU');
INSERT INTO `regencies` VALUES ('6110', '61', 'KABUPATEN MELAWI');
INSERT INTO `regencies` VALUES ('6111', '61', 'KABUPATEN KAYONG UTARA');
INSERT INTO `regencies` VALUES ('6112', '61', 'KABUPATEN KUBU RAYA');
INSERT INTO `regencies` VALUES ('6171', '61', 'KOTA PONTIANAK');
INSERT INTO `regencies` VALUES ('6172', '61', 'KOTA SINGKAWANG');
INSERT INTO `regencies` VALUES ('6201', '62', 'KABUPATEN KOTAWARINGIN BARAT');
INSERT INTO `regencies` VALUES ('6202', '62', 'KABUPATEN KOTAWARINGIN TIMUR');
INSERT INTO `regencies` VALUES ('6203', '62', 'KABUPATEN KAPUAS');
INSERT INTO `regencies` VALUES ('6204', '62', 'KABUPATEN BARITO SELATAN');
INSERT INTO `regencies` VALUES ('6205', '62', 'KABUPATEN BARITO UTARA');
INSERT INTO `regencies` VALUES ('6206', '62', 'KABUPATEN SUKAMARA');
INSERT INTO `regencies` VALUES ('6207', '62', 'KABUPATEN LAMANDAU');
INSERT INTO `regencies` VALUES ('6208', '62', 'KABUPATEN SERUYAN');
INSERT INTO `regencies` VALUES ('6209', '62', 'KABUPATEN KATINGAN');
INSERT INTO `regencies` VALUES ('6210', '62', 'KABUPATEN PULANG PISAU');
INSERT INTO `regencies` VALUES ('6211', '62', 'KABUPATEN GUNUNG MAS');
INSERT INTO `regencies` VALUES ('6212', '62', 'KABUPATEN BARITO TIMUR');
INSERT INTO `regencies` VALUES ('6213', '62', 'KABUPATEN MURUNG RAYA');
INSERT INTO `regencies` VALUES ('6271', '62', 'KOTA PALANGKA RAYA');
INSERT INTO `regencies` VALUES ('6301', '63', 'KABUPATEN TANAH LAUT');
INSERT INTO `regencies` VALUES ('6302', '63', 'KABUPATEN KOTA BARU');
INSERT INTO `regencies` VALUES ('6303', '63', 'KABUPATEN BANJAR');
INSERT INTO `regencies` VALUES ('6304', '63', 'KABUPATEN BARITO KUALA');
INSERT INTO `regencies` VALUES ('6305', '63', 'KABUPATEN TAPIN');
INSERT INTO `regencies` VALUES ('6306', '63', 'KABUPATEN HULU SUNGAI SELATAN');
INSERT INTO `regencies` VALUES ('6307', '63', 'KABUPATEN HULU SUNGAI TENGAH');
INSERT INTO `regencies` VALUES ('6308', '63', 'KABUPATEN HULU SUNGAI UTARA');
INSERT INTO `regencies` VALUES ('6309', '63', 'KABUPATEN TABALONG');
INSERT INTO `regencies` VALUES ('6310', '63', 'KABUPATEN TANAH BUMBU');
INSERT INTO `regencies` VALUES ('6311', '63', 'KABUPATEN BALANGAN');
INSERT INTO `regencies` VALUES ('6371', '63', 'KOTA BANJARMASIN');
INSERT INTO `regencies` VALUES ('6372', '63', 'KOTA BANJAR BARU');
INSERT INTO `regencies` VALUES ('6401', '64', 'KABUPATEN PASER');
INSERT INTO `regencies` VALUES ('6402', '64', 'KABUPATEN KUTAI BARAT');
INSERT INTO `regencies` VALUES ('6403', '64', 'KABUPATEN KUTAI KARTANEGARA');
INSERT INTO `regencies` VALUES ('6404', '64', 'KABUPATEN KUTAI TIMUR');
INSERT INTO `regencies` VALUES ('6405', '64', 'KABUPATEN BERAU');
INSERT INTO `regencies` VALUES ('6409', '64', 'KABUPATEN PENAJAM PASER UTARA');
INSERT INTO `regencies` VALUES ('6411', '64', 'KABUPATEN MAHAKAM HULU');
INSERT INTO `regencies` VALUES ('6471', '64', 'KOTA BALIKPAPAN');
INSERT INTO `regencies` VALUES ('6472', '64', 'KOTA SAMARINDA');
INSERT INTO `regencies` VALUES ('6474', '64', 'KOTA BONTANG');
INSERT INTO `regencies` VALUES ('6501', '65', 'KABUPATEN MALINAU');
INSERT INTO `regencies` VALUES ('6502', '65', 'KABUPATEN BULUNGAN');
INSERT INTO `regencies` VALUES ('6503', '65', 'KABUPATEN TANA TIDUNG');
INSERT INTO `regencies` VALUES ('6504', '65', 'KABUPATEN NUNUKAN');
INSERT INTO `regencies` VALUES ('6571', '65', 'KOTA TARAKAN');
INSERT INTO `regencies` VALUES ('7101', '71', 'KABUPATEN BOLAANG MONGONDOW');
INSERT INTO `regencies` VALUES ('7102', '71', 'KABUPATEN MINAHASA');
INSERT INTO `regencies` VALUES ('7103', '71', 'KABUPATEN KEPULAUAN SANGIHE');
INSERT INTO `regencies` VALUES ('7104', '71', 'KABUPATEN KEPULAUAN TALAUD');
INSERT INTO `regencies` VALUES ('7105', '71', 'KABUPATEN MINAHASA SELATAN');
INSERT INTO `regencies` VALUES ('7106', '71', 'KABUPATEN MINAHASA UTARA');
INSERT INTO `regencies` VALUES ('7107', '71', 'KABUPATEN BOLAANG MONGONDOW UTARA');
INSERT INTO `regencies` VALUES ('7108', '71', 'KABUPATEN SIAU TAGULANDANG BIARO');
INSERT INTO `regencies` VALUES ('7109', '71', 'KABUPATEN MINAHASA TENGGARA');
INSERT INTO `regencies` VALUES ('7110', '71', 'KABUPATEN BOLAANG MONGONDOW SELATAN');
INSERT INTO `regencies` VALUES ('7111', '71', 'KABUPATEN BOLAANG MONGONDOW TIMUR');
INSERT INTO `regencies` VALUES ('7171', '71', 'KOTA MANADO');
INSERT INTO `regencies` VALUES ('7172', '71', 'KOTA BITUNG');
INSERT INTO `regencies` VALUES ('7173', '71', 'KOTA TOMOHON');
INSERT INTO `regencies` VALUES ('7174', '71', 'KOTA KOTAMOBAGU');
INSERT INTO `regencies` VALUES ('7201', '72', 'KABUPATEN BANGGAI KEPULAUAN');
INSERT INTO `regencies` VALUES ('7202', '72', 'KABUPATEN BANGGAI');
INSERT INTO `regencies` VALUES ('7203', '72', 'KABUPATEN MOROWALI');
INSERT INTO `regencies` VALUES ('7204', '72', 'KABUPATEN POSO');
INSERT INTO `regencies` VALUES ('7205', '72', 'KABUPATEN DONGGALA');
INSERT INTO `regencies` VALUES ('7206', '72', 'KABUPATEN TOLI-TOLI');
INSERT INTO `regencies` VALUES ('7207', '72', 'KABUPATEN BUOL');
INSERT INTO `regencies` VALUES ('7208', '72', 'KABUPATEN PARIGI MOUTONG');
INSERT INTO `regencies` VALUES ('7209', '72', 'KABUPATEN TOJO UNA-UNA');
INSERT INTO `regencies` VALUES ('7210', '72', 'KABUPATEN SIGI');
INSERT INTO `regencies` VALUES ('7211', '72', 'KABUPATEN BANGGAI LAUT');
INSERT INTO `regencies` VALUES ('7212', '72', 'KABUPATEN MOROWALI UTARA');
INSERT INTO `regencies` VALUES ('7271', '72', 'KOTA PALU');
INSERT INTO `regencies` VALUES ('7301', '73', 'KABUPATEN KEPULAUAN SELAYAR');
INSERT INTO `regencies` VALUES ('7302', '73', 'KABUPATEN BULUKUMBA');
INSERT INTO `regencies` VALUES ('7303', '73', 'KABUPATEN BANTAENG');
INSERT INTO `regencies` VALUES ('7304', '73', 'KABUPATEN JENEPONTO');
INSERT INTO `regencies` VALUES ('7305', '73', 'KABUPATEN TAKALAR');
INSERT INTO `regencies` VALUES ('7306', '73', 'KABUPATEN GOWA');
INSERT INTO `regencies` VALUES ('7307', '73', 'KABUPATEN SINJAI');
INSERT INTO `regencies` VALUES ('7308', '73', 'KABUPATEN MAROS');
INSERT INTO `regencies` VALUES ('7309', '73', 'KABUPATEN PANGKAJENE DAN KEPULAUAN');
INSERT INTO `regencies` VALUES ('7310', '73', 'KABUPATEN BARRU');
INSERT INTO `regencies` VALUES ('7311', '73', 'KABUPATEN BONE');
INSERT INTO `regencies` VALUES ('7312', '73', 'KABUPATEN SOPPENG');
INSERT INTO `regencies` VALUES ('7313', '73', 'KABUPATEN WAJO');
INSERT INTO `regencies` VALUES ('7314', '73', 'KABUPATEN SIDENRENG RAPPANG');
INSERT INTO `regencies` VALUES ('7315', '73', 'KABUPATEN PINRANG');
INSERT INTO `regencies` VALUES ('7316', '73', 'KABUPATEN ENREKANG');
INSERT INTO `regencies` VALUES ('7317', '73', 'KABUPATEN LUWU');
INSERT INTO `regencies` VALUES ('7318', '73', 'KABUPATEN TANA TORAJA');
INSERT INTO `regencies` VALUES ('7322', '73', 'KABUPATEN LUWU UTARA');
INSERT INTO `regencies` VALUES ('7325', '73', 'KABUPATEN LUWU TIMUR');
INSERT INTO `regencies` VALUES ('7326', '73', 'KABUPATEN TORAJA UTARA');
INSERT INTO `regencies` VALUES ('7371', '73', 'KOTA MAKASSAR');
INSERT INTO `regencies` VALUES ('7372', '73', 'KOTA PAREPARE');
INSERT INTO `regencies` VALUES ('7373', '73', 'KOTA PALOPO');
INSERT INTO `regencies` VALUES ('7401', '74', 'KABUPATEN BUTON');
INSERT INTO `regencies` VALUES ('7402', '74', 'KABUPATEN MUNA');
INSERT INTO `regencies` VALUES ('7403', '74', 'KABUPATEN KONAWE');
INSERT INTO `regencies` VALUES ('7404', '74', 'KABUPATEN KOLAKA');
INSERT INTO `regencies` VALUES ('7405', '74', 'KABUPATEN KONAWE SELATAN');
INSERT INTO `regencies` VALUES ('7406', '74', 'KABUPATEN BOMBANA');
INSERT INTO `regencies` VALUES ('7407', '74', 'KABUPATEN WAKATOBI');
INSERT INTO `regencies` VALUES ('7408', '74', 'KABUPATEN KOLAKA UTARA');
INSERT INTO `regencies` VALUES ('7409', '74', 'KABUPATEN BUTON UTARA');
INSERT INTO `regencies` VALUES ('7410', '74', 'KABUPATEN KONAWE UTARA');
INSERT INTO `regencies` VALUES ('7411', '74', 'KABUPATEN KOLAKA TIMUR');
INSERT INTO `regencies` VALUES ('7412', '74', 'KABUPATEN KONAWE KEPULAUAN');
INSERT INTO `regencies` VALUES ('7413', '74', 'KABUPATEN MUNA BARAT');
INSERT INTO `regencies` VALUES ('7414', '74', 'KABUPATEN BUTON TENGAH');
INSERT INTO `regencies` VALUES ('7415', '74', 'KABUPATEN BUTON SELATAN');
INSERT INTO `regencies` VALUES ('7471', '74', 'KOTA KENDARI');
INSERT INTO `regencies` VALUES ('7472', '74', 'KOTA BAUBAU');
INSERT INTO `regencies` VALUES ('7501', '75', 'KABUPATEN BOALEMO');
INSERT INTO `regencies` VALUES ('7502', '75', 'KABUPATEN GORONTALO');
INSERT INTO `regencies` VALUES ('7503', '75', 'KABUPATEN POHUWATO');
INSERT INTO `regencies` VALUES ('7504', '75', 'KABUPATEN BONE BOLANGO');
INSERT INTO `regencies` VALUES ('7505', '75', 'KABUPATEN GORONTALO UTARA');
INSERT INTO `regencies` VALUES ('7571', '75', 'KOTA GORONTALO');
INSERT INTO `regencies` VALUES ('7601', '76', 'KABUPATEN MAJENE');
INSERT INTO `regencies` VALUES ('7602', '76', 'KABUPATEN POLEWALI MANDAR');
INSERT INTO `regencies` VALUES ('7603', '76', 'KABUPATEN MAMASA');
INSERT INTO `regencies` VALUES ('7604', '76', 'KABUPATEN MAMUJU');
INSERT INTO `regencies` VALUES ('7605', '76', 'KABUPATEN MAMUJU UTARA');
INSERT INTO `regencies` VALUES ('7606', '76', 'KABUPATEN MAMUJU TENGAH');
INSERT INTO `regencies` VALUES ('8101', '81', 'KABUPATEN MALUKU TENGGARA BARAT');
INSERT INTO `regencies` VALUES ('8102', '81', 'KABUPATEN MALUKU TENGGARA');
INSERT INTO `regencies` VALUES ('8103', '81', 'KABUPATEN MALUKU TENGAH');
INSERT INTO `regencies` VALUES ('8104', '81', 'KABUPATEN BURU');
INSERT INTO `regencies` VALUES ('8105', '81', 'KABUPATEN KEPULAUAN ARU');
INSERT INTO `regencies` VALUES ('8106', '81', 'KABUPATEN SERAM BAGIAN BARAT');
INSERT INTO `regencies` VALUES ('8107', '81', 'KABUPATEN SERAM BAGIAN TIMUR');
INSERT INTO `regencies` VALUES ('8108', '81', 'KABUPATEN MALUKU BARAT DAYA');
INSERT INTO `regencies` VALUES ('8109', '81', 'KABUPATEN BURU SELATAN');
INSERT INTO `regencies` VALUES ('8171', '81', 'KOTA AMBON');
INSERT INTO `regencies` VALUES ('8172', '81', 'KOTA TUAL');
INSERT INTO `regencies` VALUES ('8201', '82', 'KABUPATEN HALMAHERA BARAT');
INSERT INTO `regencies` VALUES ('8202', '82', 'KABUPATEN HALMAHERA TENGAH');
INSERT INTO `regencies` VALUES ('8203', '82', 'KABUPATEN KEPULAUAN SULA');
INSERT INTO `regencies` VALUES ('8204', '82', 'KABUPATEN HALMAHERA SELATAN');
INSERT INTO `regencies` VALUES ('8205', '82', 'KABUPATEN HALMAHERA UTARA');
INSERT INTO `regencies` VALUES ('8206', '82', 'KABUPATEN HALMAHERA TIMUR');
INSERT INTO `regencies` VALUES ('8207', '82', 'KABUPATEN PULAU MOROTAI');
INSERT INTO `regencies` VALUES ('8208', '82', 'KABUPATEN PULAU TALIABU');
INSERT INTO `regencies` VALUES ('8271', '82', 'KOTA TERNATE');
INSERT INTO `regencies` VALUES ('8272', '82', 'KOTA TIDORE KEPULAUAN');
INSERT INTO `regencies` VALUES ('9101', '91', 'KABUPATEN FAKFAK');
INSERT INTO `regencies` VALUES ('9102', '91', 'KABUPATEN KAIMANA');
INSERT INTO `regencies` VALUES ('9103', '91', 'KABUPATEN TELUK WONDAMA');
INSERT INTO `regencies` VALUES ('9104', '91', 'KABUPATEN TELUK BINTUNI');
INSERT INTO `regencies` VALUES ('9105', '91', 'KABUPATEN MANOKWARI');
INSERT INTO `regencies` VALUES ('9106', '91', 'KABUPATEN SORONG SELATAN');
INSERT INTO `regencies` VALUES ('9107', '91', 'KABUPATEN SORONG');
INSERT INTO `regencies` VALUES ('9108', '91', 'KABUPATEN RAJA AMPAT');
INSERT INTO `regencies` VALUES ('9109', '91', 'KABUPATEN TAMBRAUW');
INSERT INTO `regencies` VALUES ('9110', '91', 'KABUPATEN MAYBRAT');
INSERT INTO `regencies` VALUES ('9111', '91', 'KABUPATEN MANOKWARI SELATAN');
INSERT INTO `regencies` VALUES ('9112', '91', 'KABUPATEN PEGUNUNGAN ARFAK');
INSERT INTO `regencies` VALUES ('9171', '91', 'KOTA SORONG');
INSERT INTO `regencies` VALUES ('9401', '94', 'KABUPATEN MERAUKE');
INSERT INTO `regencies` VALUES ('9402', '94', 'KABUPATEN JAYAWIJAYA');
INSERT INTO `regencies` VALUES ('9403', '94', 'KABUPATEN JAYAPURA');
INSERT INTO `regencies` VALUES ('9404', '94', 'KABUPATEN NABIRE');
INSERT INTO `regencies` VALUES ('9408', '94', 'KABUPATEN KEPULAUAN YAPEN');
INSERT INTO `regencies` VALUES ('9409', '94', 'KABUPATEN BIAK NUMFOR');
INSERT INTO `regencies` VALUES ('9410', '94', 'KABUPATEN PANIAI');
INSERT INTO `regencies` VALUES ('9411', '94', 'KABUPATEN PUNCAK JAYA');
INSERT INTO `regencies` VALUES ('9412', '94', 'KABUPATEN MIMIKA');
INSERT INTO `regencies` VALUES ('9413', '94', 'KABUPATEN BOVEN DIGOEL');
INSERT INTO `regencies` VALUES ('9414', '94', 'KABUPATEN MAPPI');
INSERT INTO `regencies` VALUES ('9415', '94', 'KABUPATEN ASMAT');
INSERT INTO `regencies` VALUES ('9416', '94', 'KABUPATEN YAHUKIMO');
INSERT INTO `regencies` VALUES ('9417', '94', 'KABUPATEN PEGUNUNGAN BINTANG');
INSERT INTO `regencies` VALUES ('9418', '94', 'KABUPATEN TOLIKARA');
INSERT INTO `regencies` VALUES ('9419', '94', 'KABUPATEN SARMI');
INSERT INTO `regencies` VALUES ('9420', '94', 'KABUPATEN KEEROM');
INSERT INTO `regencies` VALUES ('9426', '94', 'KABUPATEN WAROPEN');
INSERT INTO `regencies` VALUES ('9427', '94', 'KABUPATEN SUPIORI');
INSERT INTO `regencies` VALUES ('9428', '94', 'KABUPATEN MAMBERAMO RAYA');
INSERT INTO `regencies` VALUES ('9429', '94', 'KABUPATEN NDUGA');
INSERT INTO `regencies` VALUES ('9430', '94', 'KABUPATEN LANNY JAYA');
INSERT INTO `regencies` VALUES ('9431', '94', 'KABUPATEN MAMBERAMO TENGAH');
INSERT INTO `regencies` VALUES ('9432', '94', 'KABUPATEN YALIMO');
INSERT INTO `regencies` VALUES ('9433', '94', 'KABUPATEN PUNCAK');
INSERT INTO `regencies` VALUES ('9434', '94', 'KABUPATEN DOGIYAI');
INSERT INTO `regencies` VALUES ('9435', '94', 'KABUPATEN INTAN JAYA');
INSERT INTO `regencies` VALUES ('9436', '94', 'KABUPATEN DEIYAI');
INSERT INTO `regencies` VALUES ('9471', '94', 'KOTA JAYAPURA');

-- ----------------------------
-- Table structure for s_keluar_barangstatus
-- ----------------------------
DROP TABLE IF EXISTS `s_keluar_barangstatus`;
CREATE TABLE `s_keluar_barangstatus` (
  `keluar_barangstatus_id` int(11) NOT NULL AUTO_INCREMENT,
  `referensi_type` int(255) DEFAULT NULL,
  `status_id` int(11) DEFAULT NULL,
  `status_nama` varchar(255) DEFAULT NULL,
  PRIMARY KEY (`keluar_barangstatus_id`)
) ENGINE=InnoDB AUTO_INCREMENT=6 DEFAULT CHARSET=latin1;

-- ----------------------------
-- Records of s_keluar_barangstatus
-- ----------------------------
INSERT INTO `s_keluar_barangstatus` VALUES ('1', '1', '1', 'BKB Baru');
INSERT INTO `s_keluar_barangstatus` VALUES ('2', '1', '2', 'BKB Diterima');
INSERT INTO `s_keluar_barangstatus` VALUES ('3', '1', '3', 'BKB Pending');
INSERT INTO `s_keluar_barangstatus` VALUES ('4', '1', '4', 'BKB Terkirim');
INSERT INTO `s_keluar_barangstatus` VALUES ('5', '1', '5', 'BKB Selesai');

-- ----------------------------
-- Table structure for s_menu
-- ----------------------------
DROP TABLE IF EXISTS `s_menu`;
CREATE TABLE `s_menu` (
  `menu_id` int(11) NOT NULL AUTO_INCREMENT,
  `menu_nama` varchar(255) DEFAULT NULL,
  `menu_index` int(11) DEFAULT NULL,
  `menu_type` tinyint(1) NOT NULL DEFAULT '0' COMMENT '0 Mainmenu, 1 Submenu',
  `menu_parent` varchar(255) DEFAULT NULL,
  `menu_idelement` varchar(255) DEFAULT NULL,
  `menu_alias` varchar(255) DEFAULT NULL,
  `menu_link` varchar(255) DEFAULT NULL,
  `menu_icon` varchar(255) DEFAULT NULL,
  PRIMARY KEY (`menu_id`)
) ENGINE=InnoDB AUTO_INCREMENT=105 DEFAULT CHARSET=latin1;

-- ----------------------------
-- Records of s_menu
-- ----------------------------
INSERT INTO `s_menu` VALUES ('1', 'Master Data', '1', '0', '\r\n                                                echo \'\r\n                                                <li class=\"nav-item start \'.$status2.\'\">\r\n                                                    <a href=\"\'.base_url($row2->menu_link).\'\" class=\"nav-lin', 'master-data', 'Master-Data', '#', 'icon-folder-alt');
INSERT INTO `s_menu` VALUES ('2', 'Master Cabang', '1', '1', '1', 'master-cabang', 'Master-Cabang', 'Master-Data/Cabang', null);
INSERT INTO `s_menu` VALUES ('3', 'Master Jenis Gudang', '6', '1', '1', 'master-jenis-gudang', 'Master-Jenis-Gudang', 'Master-Data/Jenis-Gudang', null);
INSERT INTO `s_menu` VALUES ('4', 'Master Tipe Karyawan', '3', '1', '1', 'master-tipe-karyawan', 'Master-Tipe-Karyawan', 'Master-Data/Tipe-Karyawan', null);
INSERT INTO `s_menu` VALUES ('5', 'Master Karyawan', '4', '1', '1', 'master-karyawan', 'Master-Karyawan', 'Master-Data/Karyawan', null);
INSERT INTO `s_menu` VALUES ('6', 'Master Partner', '5', '1', '1', 'master-partner', 'Master-Partner', 'Master-Data/Partner', null);
INSERT INTO `s_menu` VALUES ('7', 'Master Gudang', '7', '1', '1', 'master-gudang', 'Master-Gudang', 'Master-Data/Gudang', null);
INSERT INTO `s_menu` VALUES ('8', 'Master Jenis Barang', '9', '1', '1', 'master-jenis-barang', 'Master-Jenis-Barang', 'Master-Data/Jenis-Barang', null);
INSERT INTO `s_menu` VALUES ('9', 'Master Barang', '10', '1', '1', 'master-barang', 'Master-Barang', 'Master-Data/Barang', null);
INSERT INTO `s_menu` VALUES ('10', 'Master Atribut Barang', '11', '1', '1', 'master-atribut-barang', 'Master-Atribut-Barang', 'Master-Data/Atribut-Barang', null);
INSERT INTO `s_menu` VALUES ('11', 'Master Sub Atribut Barang', '12', '1', '1', 'master-sub-atribut-barang', 'Master-Sub-Atribut-Barang', 'Master-Data/Sub-Atribut-Barang', null);
INSERT INTO `s_menu` VALUES ('12', 'Produksi', '3', '0', '', 'produksi', 'Produksi', '#', 'icon-folder-alt');
INSERT INTO `s_menu` VALUES ('13', 'Bukti Keluar Barang', '1', '1', '12', 'bukti-keluar-barang', 'Produksi/Bukti-Keluar-Barang', 'Produksi/Bukti-Keluar-Barang', null);
INSERT INTO `s_menu` VALUES ('14', 'Master Satuan', '8', '1', '1', 'master-satuan', 'Master-Satuan', 'Master-Data/Satuan', null);
INSERT INTO `s_menu` VALUES ('15', 'Master Departemen', '2', '1', '1', 'master-departemen', 'Master-Data/Departemen', 'Master-Data/Departemen', null);
INSERT INTO `s_menu` VALUES ('16', 'Inventory', '2', '0', '', 'inventory', 'Inventory', 'Inventory', 'icon-folder-alt');
INSERT INTO `s_menu` VALUES ('17', 'Stok Gudang', '1', '1', '16', 'stok-gudang', 'Inventory/Stok-Gudang', 'Inventory/Stok-Gudang', null);
INSERT INTO `s_menu` VALUES ('18', 'Gudang', '4', '0', '', 'gudang', 'Gudang', 'Gudang', 'icon-folder-alt');
INSERT INTO `s_menu` VALUES ('19', 'Bukti Keluar Barang', '1', '1', '18', 'bukti-keluar-barang', 'Gudang/Bukti-Keluar-Barang', 'Gudang/Bukti-Keluar-Barang', null);
INSERT INTO `s_menu` VALUES ('20', 'Surat Permintaan Pembelian', '3', '1', '18', 'surat-permintaan-pembelian', 'Gudang/Surat-Permintaan-Pembelian', 'Gudang/Surat-Permintaan-Pembelian', null);
INSERT INTO `s_menu` VALUES ('21', 'Pembelian', '5', '0', '', 'pembelian', 'Pembelian', 'Pembelian', 'icon-folder-alt');
INSERT INTO `s_menu` VALUES ('22', 'Surat Permintaan Pembelian', '2', '1', '21', 'surat-permintaan-pembelian', 'Pembelian/Surat-Permintaan-Pembelian', 'Pembelian/Surat-Permintaan-Pembelian', null);
INSERT INTO `s_menu` VALUES ('23', 'Penawaran Harga', '2', '1', '21', 'penawaran-harga', 'Pembelian/Penawaran-Harga', 'Pembelian/Penawaran-Harga', null);
INSERT INTO `s_menu` VALUES ('24', 'Laporan', '9', '0', '', 'laporan', 'Laporan', 'Laporan', 'icon-folder-alt');
INSERT INTO `s_menu` VALUES ('25', 'Laporan Harian Keluar Barang', '1', '1', '24', 'laporan-harian-keluar-barang', 'Laporan/Laporan-Harian-Keluar-Barang', 'Laporan/Laporan-Harian-Keluar-Barang', null);
INSERT INTO `s_menu` VALUES ('26', 'Setting', '11', '0', '', 'setting', 'Setting', 'Setting', 'icon-folder-alt');
INSERT INTO `s_menu` VALUES ('27', 'User Privilege', '1', '1', '26', 'setting/user-privilege', 'Setting/User-Privilege', 'Setting/User-Privilege', null);
INSERT INTO `s_menu` VALUES ('28', 'Purchase Order', '3', '1', '21', 'purchase-order', 'Pembelian/Purchase-Order', 'Pembelian/Purchase-Order', null);
INSERT INTO `s_menu` VALUES ('29', 'Persetujuan', '7', '0', '', 'persetujuan', 'Persetujuan', 'Persetujuan', 'icon-folder-alt');
INSERT INTO `s_menu` VALUES ('30', 'Purchase Order', '1', '1', '29', 'purchase-order', 'Persetujuan/Purchase-Order', 'Persetujuan/Purchase-Order', null);
INSERT INTO `s_menu` VALUES ('31', 'Penerimaan Barang', '4', '1', '18', 'penerimaan-barang', 'Gudang/Penerimaan-Barang', 'Gudang/Penerimaan-Barang', null);
INSERT INTO `s_menu` VALUES ('32', 'Penerimaan Barang', '4', '1', '21', 'penerimaan-barang', 'Pembelian/Penerimaan-Barang', 'Pembelian/Penerimaan-Barang', null);
INSERT INTO `s_menu` VALUES ('33', 'Retur Pembelian', '5', '1', '18', 'retur-pembelian', 'Gudang/Retur-Pembelian', 'Gudang/Retur-Pembelian', null);
INSERT INTO `s_menu` VALUES ('34', 'Permintaan Jasa', '2', '1', '12', 'permintaan-jasa', 'Produksi/Permintaan-Jasa', 'Produksi/Permintaan-Jasa', null);
INSERT INTO `s_menu` VALUES ('35', 'Permintaan Jasa', '6', '1', '18', 'permintaan-jasa', 'Gudang/Permintaan-Jasa', 'Gudang/Permintaan-Jasa', null);
INSERT INTO `s_menu` VALUES ('36', 'Retur Pembelian', '5', '1', '21', 'retur-pembelian', 'Pembelian/Retur-Pembelian', 'Pembelian/Retur-Pembelian', null);
INSERT INTO `s_menu` VALUES ('37', 'Nota Debet', '6', '1', '21', 'nota-debet', 'Pembelian/Nota-Debet', 'Pembelian/Nota-Debet', null);
INSERT INTO `s_menu` VALUES ('38', 'Work Order', '7', '1', '21', 'work-order', 'Pembelian/Work-Order', 'Pembelian/Work-Order', null);
INSERT INTO `s_menu` VALUES ('39', 'Nota Debet', '2', '1', '29', 'nota-debet', 'Persetujuan/Nota-Debet', 'Persetujuan/Nota-Debet', null);
INSERT INTO `s_menu` VALUES ('40', 'Work Order', '3', '1', '29', 'work-order', 'Persetujuan/Work-Order', 'Persetujuan/Work-Order', null);
INSERT INTO `s_menu` VALUES ('41', 'Surat Jalan', '7', '1', '18', 'surat-jalan', 'Gudang/Surat-Jalan', 'Gudang/Surat-Jalan', null);
INSERT INTO `s_menu` VALUES ('42', 'Penjualan', '6', '0', '', 'penjualan', 'Penjualan', 'Penjualan', 'icon-folder-alt');
INSERT INTO `s_menu` VALUES ('43', 'Estimasi Penjualan', '1', '1', '42', 'estimasi-penjualan', 'Penjualan/Estimasi-Penjualan', 'Penjualan/Estimasi-Penjualan', null);
INSERT INTO `s_menu` VALUES ('44', 'Estimasi Penjualan', '4', '1', '29', 'estimasi-penjualan', 'Persetujuan/Estimasi-Penjualan', 'Persetujuan/Estimasi-Penjualan', null);
INSERT INTO `s_menu` VALUES ('45', 'Jadwal Produksi', '3', '1', '12', 'jadwal-produksi', 'Produksi/Jadwal-Produksi', 'Produksi/Jadwal-Produksi', null);
INSERT INTO `s_menu` VALUES ('46', 'Perhitungan Kebutuhan Bahan', '4', '1', '12', 'perhitungan-kebutuhan-barang', 'Produksi/Perhitungan-Kebutuhan-Bahan', 'Produksi/Perhitungan-Kebutuhan-Bahan', null);
INSERT INTO `s_menu` VALUES ('47', 'Perhitungan Kebutuhan Bahan', '8', '1', '18', 'perhitungan-kebutuhan-barang', 'Gudang/Perhitungan-Kebutuhan-Bahan', 'Gudang/Perhitungan-Kebutuhan-Bahan', null);
INSERT INTO `s_menu` VALUES ('48', 'Ketidaksesuaian Spesifikasi', '5', '1', '12', 'ketidaksesuaian-spesifikasi', 'Produksi/Ketidaksesuaian-Spesifikasi', 'Produksi/Ketidaksesuaian-Spesifikasi', null);
INSERT INTO `s_menu` VALUES ('49', 'Perolehan Produksi', '6', '1', '12', 'perolehan-produksi', 'Produksi/Perolehan-Produksi', 'Produksi/Perolehan-Produksi', null);
INSERT INTO `s_menu` VALUES ('50', 'Accounting', '10', '0', '', 'accounting', 'Accounting', 'Accounting', 'icon-folder-alt');
INSERT INTO `s_menu` VALUES ('51', 'Pengubahan Bahan', '7', '1', '12', 'pengubahan-bahan', 'Produksi/Pengubahan-Bahan', 'Produksi/Pengubahan-Bahan', null);
INSERT INTO `s_menu` VALUES ('52', 'Pengubahan Bahan', '1', '1', '50', 'pengubahan-bahan', 'Accounting/Pengubahan-Bahan', 'Accounting/Pengubahan-Bahan', null);
INSERT INTO `s_menu` VALUES ('53', 'Serah Terima', '8', '1', '12', 'serah-terima', 'Produksi/Serah-Terima', 'Produksi/Serah-Terima', null);
INSERT INTO `s_menu` VALUES ('54', 'Serah Terima', '9', '1', '18', 'serah-terima', 'Gudang/Serah-Terima', 'Gudang/Serah-Terima', null);
INSERT INTO `s_menu` VALUES ('55', 'Pengembalian Barang', '9', '1', '12', 'pengembalian-barang', 'Produksi/Pengembalian-Barang', 'Produksi/Pengembalian-Barang', null);
INSERT INTO `s_menu` VALUES ('56', 'Pengembalian Barang', '10', '1', '18', 'pengembalian-barang', 'Gudang/Pengembalian-Barang', 'Gudang/Pengembalian-Barang', null);
INSERT INTO `s_menu` VALUES ('57', 'Master Mata Uang', '13', '1', '1', 'master-mata-uang', 'Master-Data/Mata-Uang', 'Master-Data/Mata-Uang', null);
INSERT INTO `s_menu` VALUES ('58', 'Master Jenis Produksi', '14', '1', '1', 'master-jenis-produksi', 'Master-Data/Jenis-Produksi', 'Master-Data/Jenis-Produksi', null);
INSERT INTO `s_menu` VALUES ('59', 'Jadwal Produksi', '5', '1', '29', 'jadwal-produksi', 'Persetujuan/Jadwal-Produksi', 'Persetujuan/Jadwal-Produksi', null);
INSERT INTO `s_menu` VALUES ('60', 'Marketing', '8', '0', '', 'marketing', 'Marketing', 'Marketing', 'icon-folder-alt');
INSERT INTO `s_menu` VALUES ('61', 'Purchase Order Customer', '1', '1', '60', 'purchase-order-customer', 'Marketing/Purchase-Order-Customer', 'Marketing/Purchase-Order-Customer', null);
INSERT INTO `s_menu` VALUES ('62', 'Laporan SPP Belum Realisasi', '2', '1', '24', 'laporan-spp-belum-realisasi', 'Laporan/SPP-Belum-Realisasi', 'Laporan/SPP-Belum-Realisasi', null);
INSERT INTO `s_menu` VALUES ('63', 'Purchase Order Customer', '6', '1', '29', 'purchase-order-customer', 'Persetujuan/Purchase-Order-Customer', 'Persetujuan/Purchase-Order-Customer', null);
INSERT INTO `s_menu` VALUES ('64', 'Sales Order', '2', '1', '42', 'sales-order-customer', 'Penjualan/Sales-Order-Customer', 'Penjualan/Sales-Order-Customer', null);
INSERT INTO `s_menu` VALUES ('65', 'Sales Order', '7', '1', '29', 'sales-order-customer', 'Persetujuan/Sales-Order-Customer', 'Persetujuan/Sales-Order-Customer', null);
INSERT INTO `s_menu` VALUES ('66', 'Surat Jalan', '3', '1', '42', 'surat-jalan', 'Penjualan/Surat-Jalan', 'Penjualan/Surat-Jalan', null);
INSERT INTO `s_menu` VALUES ('67', 'Faktur Penjualan', '4', '1', '42', 'faktur-penjualan', 'Penjualan/Faktur-Penjualan', 'Penjualan/Faktur-Penjualan', null);
INSERT INTO `s_menu` VALUES ('68', 'Surat Jalan Retur', '5', '1', '42', 'surat-jalan-retur', 'Penjualan/Surat-Jalan-Retur', 'Penjualan/Surat-Jalan-Retur', null);
INSERT INTO `s_menu` VALUES ('69', 'Nota Kredit', '6', '1', '42', 'nota-kredit', 'Penjualan/Nota-Kredit', 'Penjualan/Nota-Kredit', null);
INSERT INTO `s_menu` VALUES ('70', 'Perhitungan Kebutuhan Bahan', '6', '1', '29', 'perhitungan-kebutuhan-bahan', 'Persetujuan/Perhitungan-Kebutuhan-Bahan', 'Persetujuan/Perhitungan-Kebutuhan-Bahan', null);
INSERT INTO `s_menu` VALUES ('71', 'Pengubahan Bahan', '7', '1', '29', 'pengubahan-bahan', 'Persetujuan/Pengubahan-Bahan', 'Persetujuan/Pengubahan-Bahan', null);
INSERT INTO `s_menu` VALUES ('72', 'Klaim/Retur Penjualan', '2', '1', '60', 'klaim-retur-penjualan', 'Marketing/Klaim-Retur-Penjualan', 'Marketing/Klaim-Retur-Penjualan', null);
INSERT INTO `s_menu` VALUES ('73', 'Klaim/Retur Penjualan', '7', '1', '42', 'klaim-retur-penjualan', 'Penjualan/Klaim-Retur-Penjualan', 'Penjualan/Klaim-Retur-Penjualan', null);
INSERT INTO `s_menu` VALUES ('74', 'Klaim/Retur Penjualan', '8', '1', '29', 'klaim-retur-penjualan', 'Persetujuan/Klaim-Retur-Penjualan', 'Persetujuan/Klaim-Retur-Penjualan', null);
INSERT INTO `s_menu` VALUES ('75', 'Penerimaan Barang Retur', '11', '1', '18', 'penerimaan-barang-retur', 'Gudang/Penerimaan-Barang-Retur', 'Gudang/Penerimaan-Barang-Retur', null);
INSERT INTO `s_menu` VALUES ('76', 'Master Bank', '15', '1', '1', 'master-bank', 'Master-Data/Bank', 'Master-Data/Bank', null);
INSERT INTO `s_menu` VALUES ('77', 'Sales Order', '10', '1', '12', 'sales-order', 'Produksi/Sales-Order-Customer', 'Produksi/Sales-Order-Customer', null);
INSERT INTO `s_menu` VALUES ('78', 'Master COA', '16', '1', '1', 'master-coa', 'Master-Data/COA', 'Master-Data/COA', null);
INSERT INTO `s_menu` VALUES ('79', 'Payment Request', '2', '1', '50', 'payment-request', 'Accounting/Payment-Request', 'Accounting/Payment-Request', null);
INSERT INTO `s_menu` VALUES ('80', 'Master Header', '17', '1', '1', 'master-header', 'Master-Data/Header', 'Master-Data/Header', null);
INSERT INTO `s_menu` VALUES ('81', 'Master Kas', '18', '1', '1', 'master-kas', 'Master-Data/Kas', 'Master-Data/Kas', null);
INSERT INTO `s_menu` VALUES ('82', 'Payment Request', '9', '1', '29', 'payment-request', 'Persetujuan/Payment-Request', 'Persetujuan/Payment-Request', null);
INSERT INTO `s_menu` VALUES ('83', 'Pelunasan Piutang', '3', '1', '50', 'pelunasan-piutang', 'Accounting/Pelunasan-Piutang', 'Accounting/Pelunasan-Piutang', null);
INSERT INTO `s_menu` VALUES ('84', 'Pelunasan Piutang', '10', '1', '29', 'pelunasan-piutang', 'Persetujuan/Pelunasan-Piutang', 'Persetujuan/Pelunasan-Piutang', null);
INSERT INTO `s_menu` VALUES ('85', 'Bukti Bank', '4', '1', '50', 'bukti-bank', 'Accounting/Bukti-Bank', 'Accounting/Bukti-Bank', null);
INSERT INTO `s_menu` VALUES ('86', 'Bukti Kas', '5', '1', '50', 'bukti-kas', 'Accounting/Bukti-Kas', 'Accounting/Bukti-Kas', null);
INSERT INTO `s_menu` VALUES ('87', 'Bukti BG/Cek', '6', '1', '50', 'bukti-bg-cek', 'Accounting/Bukti-BG-Cek', 'Accounting/Bukti-BG-Cek', null);
INSERT INTO `s_menu` VALUES ('88', 'Stok Gudang', '7', '1', '50', 'stok-gudang', 'Accounting/Stok-Gudang', 'Accounting/Stok-Gudang', null);
INSERT INTO `s_menu` VALUES ('89', 'Purchase Order Customer', '7', '1', '42', 'purchase-order-customer', 'Penjualan/Purchase-Order-Customer', 'Penjualan/Purchase-Order-Customer', 'icon-folder-alt');
INSERT INTO `s_menu` VALUES ('90', 'Transfer Gudang Masuk', '2', '1', '16', 'transfer-gudang-masuk', 'Inventory/Transfer-Gudang-Masuk', 'Inventory/Transfer-Gudang-Masuk', null);
INSERT INTO `s_menu` VALUES ('91', 'Transfer Gudang Keluar', '3', '1', '16', 'transfer-gudang-keluar', 'Inventory/Transfer-Gudang-Keluar', 'Inventory/Transfer-Gudang-Keluar', null);
INSERT INTO `s_menu` VALUES ('92', 'Laporan Outstanding SO', '3', '1', '24', 'laporan-outstanding-so', 'Laporan/Outstanding-Sales-Order', 'Laporan/Outstanding-Sales-Order', null);
INSERT INTO `s_menu` VALUES ('93', 'Laporan Outstanding Hutang', '4', '1', '24', 'laporan-outstanding-hutang', 'Laporan/Outstanding-Hutang', 'Laporan/Outstanding-Hutang', null);
INSERT INTO `s_menu` VALUES ('94', 'Laporan Outstanding Piutang', '5', '1', '24', 'laporan-outstanding-piutang', 'Laporan/Outstanding-Piutang', 'Laporan/Outstanding-Piutang', null);
INSERT INTO `s_menu` VALUES ('95', 'Saldo Bank dan Kas', '8', '1', '50', 'saldo-bank-kas', 'Accounting/Saldo-Bank-Kas', 'Accounting/Saldo-Bank-Kas', null);
INSERT INTO `s_menu` VALUES ('96', 'Mutasi Bank dan Kas', '9', '1', '50', 'mutasi-bank-kas', 'Accounting/Mutasi-Bank-Kas', 'Accounting/Mutasi-Bank-Kas', null);
INSERT INTO `s_menu` VALUES ('97', 'Pengeluaran Kas Kecil', '10', '1', '50', 'pengeluaran-kas-kecil', 'Accounting/Pengeluaran-Kas-Kecil', 'Accounting/Pengeluaran-Kas-Kecil', null);
INSERT INTO `s_menu` VALUES ('98', 'Pembatalan', '9', '0', null, 'pembatalan', 'Pembatalan', 'Pembatalan', 'icon-folder-alt');
INSERT INTO `s_menu` VALUES ('99', 'Surat Permintaan Pembelian', '1', '1', '98', 'pembatalan-permintaan-pembelian', 'Pembatalan/Surat-Permintaan-Pembelian', 'Pembatalan/Surat-Permintaan-Pembelian', null);
INSERT INTO `s_menu` VALUES ('100', 'Jurnal', '11', '1', '50', 'jurnal', 'Accounting/Jurnal', 'Accounting/Jurnal', null);
INSERT INTO `s_menu` VALUES ('101', 'Permintaan Jasa', '2', '1', '98', 'pembatalan-permintaan-jasa', 'Pembatalan/Permintaan-Jasa', 'Pembatalan/Permintaan-Jasa', null);
INSERT INTO `s_menu` VALUES ('102', 'User Account', '2', '1', '26', 'setting-user-account', 'Setting/User-Account', 'Setting/User-Account', null);
INSERT INTO `s_menu` VALUES ('103', 'Surat Jalan Contoh', '12', '1', '18', 'gudang-surat-jalan', 'Gudang/Surat-Jalan-Contoh', 'Gudang/Surat-Jalan-Contoh', null);
INSERT INTO `s_menu` VALUES ('104', 'Master Footer', '19', '1', '1', 'master-footer', 'Master-Data/Footer', 'Master-Data/Footer', null);

-- ----------------------------
-- Table structure for s_privilege
-- ----------------------------
DROP TABLE IF EXISTS `s_privilege`;
CREATE TABLE `s_privilege` (
  `privilege_id` int(11) NOT NULL AUTO_INCREMENT,
  `m_type_karyawan_id` int(11) DEFAULT NULL,
  `menu_id` int(11) DEFAULT NULL,
  `create` int(11) DEFAULT NULL,
  `read` int(11) DEFAULT NULL,
  `update` int(11) DEFAULT NULL,
  `delete` int(11) DEFAULT NULL,
  `entry_date` timestamp NOT NULL DEFAULT CURRENT_TIMESTAMP ON UPDATE CURRENT_TIMESTAMP,
  `entry_user` varchar(50) DEFAULT NULL,
  PRIMARY KEY (`privilege_id`)
) ENGINE=InnoDB AUTO_INCREMENT=243 DEFAULT CHARSET=latin1;

-- ----------------------------
-- Records of s_privilege
-- ----------------------------
INSERT INTO `s_privilege` VALUES ('1', '1', '1', '1', '1', '1', '1', '2017-02-07 13:20:34', null);
INSERT INTO `s_privilege` VALUES ('2', '1', '2', '1', '1', '1', '1', '2017-03-20 17:08:55', null);
INSERT INTO `s_privilege` VALUES ('3', '1', '3', '1', '1', '1', '1', '2017-02-24 15:14:34', null);
INSERT INTO `s_privilege` VALUES ('4', '1', '4', '1', '1', '1', '1', '2017-02-24 15:59:35', null);
INSERT INTO `s_privilege` VALUES ('5', '1', '5', '1', '1', '1', '1', '2017-02-24 15:19:07', null);
INSERT INTO `s_privilege` VALUES ('6', '1', '6', '1', '1', '1', '1', '2017-02-24 15:26:18', null);
INSERT INTO `s_privilege` VALUES ('7', '1', '7', '1', '1', '1', '1', '2017-02-24 15:06:05', null);
INSERT INTO `s_privilege` VALUES ('8', '1', '8', '1', '1', '1', '1', '2017-02-24 15:10:22', null);
INSERT INTO `s_privilege` VALUES ('9', '1', '9', '1', '1', '1', '1', '2017-02-24 14:28:18', null);
INSERT INTO `s_privilege` VALUES ('10', '1', '10', '1', '1', '1', '1', '2017-02-24 14:34:15', null);
INSERT INTO `s_privilege` VALUES ('11', '1', '11', '1', '1', '1', '1', '2017-02-24 15:55:31', null);
INSERT INTO `s_privilege` VALUES ('12', '1', '12', '1', '1', '1', '1', '2017-03-04 13:41:53', null);
INSERT INTO `s_privilege` VALUES ('13', '1', '13', '1', '1', '1', '1', '2017-02-28 07:45:38', null);
INSERT INTO `s_privilege` VALUES ('14', '1', '14', '1', '1', '1', '1', '2017-02-24 15:48:01', null);
INSERT INTO `s_privilege` VALUES ('15', '1', '15', '1', '1', '1', '1', '2017-02-24 15:01:44', null);
INSERT INTO `s_privilege` VALUES ('16', '1', '16', '1', '1', '1', '1', '2017-02-18 02:43:55', null);
INSERT INTO `s_privilege` VALUES ('17', '1', '17', '1', '1', '1', '1', '2017-02-24 15:50:07', null);
INSERT INTO `s_privilege` VALUES ('18', '1', '18', '1', '1', '1', '1', '2017-02-18 04:45:27', null);
INSERT INTO `s_privilege` VALUES ('19', '1', '19', '1', '1', '1', '1', '2017-02-24 15:33:24', null);
INSERT INTO `s_privilege` VALUES ('20', '1', '20', '1', '1', '1', '1', '2017-02-24 15:37:37', null);
INSERT INTO `s_privilege` VALUES ('21', '1', '21', '1', '1', '1', '1', '2017-02-20 02:56:09', null);
INSERT INTO `s_privilege` VALUES ('22', '1', '22', '1', '1', '1', '1', '2017-02-25 09:20:38', null);
INSERT INTO `s_privilege` VALUES ('23', '1', '23', '1', '1', '1', '1', '2017-02-24 15:32:23', null);
INSERT INTO `s_privilege` VALUES ('24', '1', '24', '1', '1', '1', '1', '2017-02-20 16:25:07', null);
INSERT INTO `s_privilege` VALUES ('25', '1', '25', '1', '1', '1', '1', '2017-02-24 15:21:28', null);
INSERT INTO `s_privilege` VALUES ('26', '1', '26', '1', '1', '1', '1', '2017-02-21 15:06:08', null);
INSERT INTO `s_privilege` VALUES ('27', '1', '27', '1', '1', '1', '1', '2017-02-24 16:01:24', null);
INSERT INTO `s_privilege` VALUES ('28', '1', '28', '1', '1', '1', '1', '2017-02-24 15:42:52', null);
INSERT INTO `s_privilege` VALUES ('29', '1', '29', '1', '1', '1', '1', '2017-02-25 10:09:31', null);
INSERT INTO `s_privilege` VALUES ('30', '1', '30', '1', '1', '1', '1', '2017-02-25 10:09:31', null);
INSERT INTO `s_privilege` VALUES ('31', '1', '31', '1', '1', '1', '1', '2017-02-24 15:33:30', null);
INSERT INTO `s_privilege` VALUES ('32', '4', '13', '0', '1', '0', '0', '2017-02-24 16:45:30', null);
INSERT INTO `s_privilege` VALUES ('33', '4', '12', '1', '1', '1', '1', '2017-02-24 16:54:15', null);
INSERT INTO `s_privilege` VALUES ('34', '4', '17', '0', '1', '0', '0', '2017-02-24 16:52:03', null);
INSERT INTO `s_privilege` VALUES ('35', '4', '19', '0', '1', '0', '0', '2017-02-24 16:53:58', null);
INSERT INTO `s_privilege` VALUES ('36', '4', '27', '0', '0', '0', '0', '2017-02-28 07:45:06', null);
INSERT INTO `s_privilege` VALUES ('37', '4', '29', '1', '1', '1', '1', '2017-02-25 09:45:37', null);
INSERT INTO `s_privilege` VALUES ('38', '4', '30', '1', '1', '1', '1', '2017-03-01 11:21:49', null);
INSERT INTO `s_privilege` VALUES ('39', '1', '32', '1', '1', '1', '1', '2017-02-27 10:04:52', null);
INSERT INTO `s_privilege` VALUES ('40', '1', '33', '1', '1', '1', '1', '2017-02-27 10:51:43', null);
INSERT INTO `s_privilege` VALUES ('41', '1', '34', '1', '1', '1', '1', '2017-02-27 11:51:35', null);
INSERT INTO `s_privilege` VALUES ('42', '1', '35', '1', '1', '1', '1', '2017-02-27 14:34:59', null);
INSERT INTO `s_privilege` VALUES ('43', '1', '36', '1', '1', '1', '1', '2017-02-27 11:55:13', null);
INSERT INTO `s_privilege` VALUES ('44', '1', '37', '1', '1', '1', '1', '2017-02-27 23:00:07', null);
INSERT INTO `s_privilege` VALUES ('45', '4', '1', '1', '1', '1', '1', '2017-02-28 07:45:01', null);
INSERT INTO `s_privilege` VALUES ('46', '4', '2', '1', '1', '1', '1', '2017-02-28 07:45:01', null);
INSERT INTO `s_privilege` VALUES ('47', '4', '3', '0', '0', '0', '0', '2017-03-01 11:24:14', null);
INSERT INTO `s_privilege` VALUES ('48', '1', '38', '1', '1', '1', '1', '2017-02-28 09:42:16', null);
INSERT INTO `s_privilege` VALUES ('49', '1', '39', '1', '1', '1', '1', '2017-02-28 09:45:12', null);
INSERT INTO `s_privilege` VALUES ('50', '1', '40', '1', '1', '1', '1', '2017-02-28 11:54:40', null);
INSERT INTO `s_privilege` VALUES ('51', '1', '41', '1', '1', '1', '1', '2017-02-28 13:18:22', null);
INSERT INTO `s_privilege` VALUES ('52', '4', '21', '1', '1', '1', '1', '2017-03-01 11:24:54', null);
INSERT INTO `s_privilege` VALUES ('53', '4', '22', '1', '1', '1', '1', '2017-03-01 11:24:53', null);
INSERT INTO `s_privilege` VALUES ('54', '5', '1', '1', '1', '1', '1', '2017-03-07 14:18:24', null);
INSERT INTO `s_privilege` VALUES ('55', '5', '2', '0', '0', '0', '0', '2017-03-01 11:47:23', null);
INSERT INTO `s_privilege` VALUES ('56', '5', '3', '1', '1', '1', '1', '2017-03-01 11:47:34', null);
INSERT INTO `s_privilege` VALUES ('57', '5', '7', '1', '1', '1', '1', '2017-03-01 11:48:27', null);
INSERT INTO `s_privilege` VALUES ('58', '5', '8', '1', '1', '1', '1', '2017-03-01 11:48:14', null);
INSERT INTO `s_privilege` VALUES ('59', '5', '9', '1', '1', '1', '1', '2017-03-01 11:48:18', null);
INSERT INTO `s_privilege` VALUES ('60', '5', '10', '1', '1', '1', '1', '2017-03-01 11:48:06', null);
INSERT INTO `s_privilege` VALUES ('61', '5', '11', '1', '1', '1', '0', '2017-03-07 14:18:27', null);
INSERT INTO `s_privilege` VALUES ('62', '5', '14', '1', '1', '1', '1', '2017-03-01 11:47:51', null);
INSERT INTO `s_privilege` VALUES ('65', '5', '18', '1', '1', '1', '1', '2017-03-01 11:50:00', null);
INSERT INTO `s_privilege` VALUES ('66', '5', '19', '1', '1', '1', '1', '2017-03-01 11:50:02', null);
INSERT INTO `s_privilege` VALUES ('67', '5', '20', '1', '1', '1', '1', '2017-03-01 11:50:00', null);
INSERT INTO `s_privilege` VALUES ('68', '5', '31', '1', '1', '1', '1', '2017-03-01 11:49:59', null);
INSERT INTO `s_privilege` VALUES ('69', '5', '33', '1', '1', '1', '1', '2017-03-01 11:49:46', null);
INSERT INTO `s_privilege` VALUES ('70', '5', '41', '1', '1', '1', '1', '2017-03-01 11:49:37', null);
INSERT INTO `s_privilege` VALUES ('71', '5', '35', '1', '1', '1', '1', '2017-03-04 08:55:31', null);
INSERT INTO `s_privilege` VALUES ('72', '5', '24', '1', '1', '1', '1', '2017-03-01 11:49:09', null);
INSERT INTO `s_privilege` VALUES ('73', '5', '25', '1', '1', '1', '1', '2017-03-01 11:49:10', null);
INSERT INTO `s_privilege` VALUES ('74', '6', '1', '1', '1', '1', '1', '2017-03-01 12:09:39', null);
INSERT INTO `s_privilege` VALUES ('75', '6', '8', '1', '1', '1', '1', '2017-03-01 12:09:15', null);
INSERT INTO `s_privilege` VALUES ('76', '6', '9', '1', '1', '1', '1', '2017-03-01 12:09:31', null);
INSERT INTO `s_privilege` VALUES ('77', '6', '10', '1', '1', '1', '1', '2017-03-01 12:09:31', null);
INSERT INTO `s_privilege` VALUES ('78', '6', '11', '1', '1', '1', '1', '2017-03-01 12:09:33', null);
INSERT INTO `s_privilege` VALUES ('79', '6', '21', '1', '1', '1', '1', '2017-03-01 13:40:45', null);
INSERT INTO `s_privilege` VALUES ('80', '6', '22', '1', '1', '1', '1', '2017-03-01 13:28:44', null);
INSERT INTO `s_privilege` VALUES ('81', '6', '23', '1', '1', '1', '1', '2017-03-01 13:41:32', null);
INSERT INTO `s_privilege` VALUES ('82', '6', '28', '1', '1', '1', '1', '2017-03-01 13:43:06', null);
INSERT INTO `s_privilege` VALUES ('83', '6', '32', '1', '1', '1', '1', '2017-03-01 13:43:44', null);
INSERT INTO `s_privilege` VALUES ('84', '6', '36', '1', '1', '1', '1', '2017-03-01 13:44:21', null);
INSERT INTO `s_privilege` VALUES ('85', '6', '37', '1', '1', '1', '1', '2017-03-01 13:45:05', null);
INSERT INTO `s_privilege` VALUES ('86', '6', '38', '1', '1', '1', '1', '2017-03-01 13:45:24', null);
INSERT INTO `s_privilege` VALUES ('87', '6', '25', null, '1', null, null, '2017-03-01 13:46:02', null);
INSERT INTO `s_privilege` VALUES ('88', '6', '30', null, '1', null, null, '2017-03-01 13:46:51', null);
INSERT INTO `s_privilege` VALUES ('89', '6', '39', null, '1', null, null, '2017-03-01 13:46:56', null);
INSERT INTO `s_privilege` VALUES ('90', '6', '40', null, '1', null, null, '2017-03-01 13:47:06', null);
INSERT INTO `s_privilege` VALUES ('91', '1', '42', '1', '1', '1', '1', '2017-03-02 13:51:10', null);
INSERT INTO `s_privilege` VALUES ('92', '1', '43', '1', '1', '1', '1', '2017-03-02 14:08:53', null);
INSERT INTO `s_privilege` VALUES ('93', '1', '44', '1', '1', '1', '1', '2017-03-02 15:31:29', null);
INSERT INTO `s_privilege` VALUES ('94', '1', '45', '1', '1', '1', '1', '2017-03-02 16:17:12', null);
INSERT INTO `s_privilege` VALUES ('95', '1', '46', '1', '1', '1', '1', '2017-03-03 23:31:39', null);
INSERT INTO `s_privilege` VALUES ('96', '1', '47', '1', '1', '1', '1', '2017-03-04 03:40:24', null);
INSERT INTO `s_privilege` VALUES ('97', '1', '48', '1', '1', '1', '1', '2017-03-04 13:41:53', null);
INSERT INTO `s_privilege` VALUES ('98', '1', '49', '1', '1', '1', '1', '2017-03-04 06:38:11', null);
INSERT INTO `s_privilege` VALUES ('99', '5', '12', '1', '1', '1', '1', '2017-03-04 08:55:17', null);
INSERT INTO `s_privilege` VALUES ('100', '5', '13', '1', '1', '1', '1', '2017-03-04 08:55:17', null);
INSERT INTO `s_privilege` VALUES ('101', '5', '13', '1', '1', '1', '1', '2017-03-04 08:55:17', null);
INSERT INTO `s_privilege` VALUES ('102', '5', '34', '1', '1', '1', '1', '2017-03-04 08:55:18', null);
INSERT INTO `s_privilege` VALUES ('103', '5', '45', '1', '1', '1', '1', '2017-03-04 08:55:20', null);
INSERT INTO `s_privilege` VALUES ('104', '5', '46', '1', '1', '1', '1', '2017-03-04 08:55:22', null);
INSERT INTO `s_privilege` VALUES ('105', '5', '48', '1', '1', '1', '1', '2017-03-04 08:55:23', null);
INSERT INTO `s_privilege` VALUES ('106', '5', '49', '1', '1', '1', '1', '2017-03-04 08:55:25', null);
INSERT INTO `s_privilege` VALUES ('107', '5', '16', '1', '1', '1', '1', '2017-03-04 08:55:27', null);
INSERT INTO `s_privilege` VALUES ('108', '5', '17', '1', '1', '1', '1', '2017-03-04 08:55:28', null);
INSERT INTO `s_privilege` VALUES ('109', '5', '47', '1', '1', '1', '1', '2017-03-04 08:55:33', null);
INSERT INTO `s_privilege` VALUES ('110', '1', '50', '1', '1', '1', '1', '2017-03-06 14:57:19', null);
INSERT INTO `s_privilege` VALUES ('111', '1', '51', '1', '1', '1', '1', '2017-03-06 14:57:28', null);
INSERT INTO `s_privilege` VALUES ('112', '1', '52', '1', '1', '1', '1', '2017-03-06 14:57:35', null);
INSERT INTO `s_privilege` VALUES ('113', '1', '53', '1', '1', '1', '1', '2017-03-06 14:57:48', null);
INSERT INTO `s_privilege` VALUES ('114', '1', '54', '1', '1', '1', '1', '2017-03-06 14:57:56', null);
INSERT INTO `s_privilege` VALUES ('115', '1', '55', '1', '1', '1', '1', '2017-03-06 14:58:03', null);
INSERT INTO `s_privilege` VALUES ('116', '1', '56', '1', '1', '1', '1', '2017-03-06 14:58:09', null);
INSERT INTO `s_privilege` VALUES ('117', '1', '57', '1', '1', '1', '1', '2017-03-07 11:53:41', null);
INSERT INTO `s_privilege` VALUES ('118', '6', '6', '1', '1', '1', '1', '2017-03-07 14:58:52', null);
INSERT INTO `s_privilege` VALUES ('119', '6', '3', '1', '1', '1', '1', '2017-03-07 14:59:01', null);
INSERT INTO `s_privilege` VALUES ('120', '6', '7', '1', '1', '1', '1', '2017-03-07 14:59:06', null);
INSERT INTO `s_privilege` VALUES ('121', '6', '14', '1', '1', '1', '1', '2017-03-07 14:59:19', null);
INSERT INTO `s_privilege` VALUES ('122', '6', '57', '1', '1', '1', '1', '2017-03-07 14:59:22', null);
INSERT INTO `s_privilege` VALUES ('123', '1', '58', '1', '1', '1', '1', '2017-03-10 15:07:39', null);
INSERT INTO `s_privilege` VALUES ('124', '1', '59', '1', '1', '1', '1', '2017-03-11 02:01:16', null);
INSERT INTO `s_privilege` VALUES ('125', '1', '60', '1', '1', '1', '1', '2017-03-15 11:28:29', null);
INSERT INTO `s_privilege` VALUES ('126', '1', '61', '1', '1', '1', '1', '2017-03-15 11:41:18', null);
INSERT INTO `s_privilege` VALUES ('127', '1', '62', '1', '1', '1', '1', '2017-03-16 15:10:44', null);
INSERT INTO `s_privilege` VALUES ('128', '1', '63', '1', '1', '1', '1', '2017-03-18 11:42:12', null);
INSERT INTO `s_privilege` VALUES ('129', '1', '64', '1', '1', '1', '1', '2017-03-18 12:03:39', null);
INSERT INTO `s_privilege` VALUES ('130', '1', '65', '1', '1', '1', '1', '2017-03-18 15:35:18', null);
INSERT INTO `s_privilege` VALUES ('131', '1', '66', '1', '1', '1', '1', '2017-03-19 18:22:03', null);
INSERT INTO `s_privilege` VALUES ('132', '1', '67', '1', '1', '1', '1', '2017-03-19 18:42:21', null);
INSERT INTO `s_privilege` VALUES ('133', '1', '68', '1', '1', '1', '1', '2017-03-19 23:39:13', null);
INSERT INTO `s_privilege` VALUES ('134', '1', '69', '1', '1', '1', '1', '2017-03-20 03:07:34', null);
INSERT INTO `s_privilege` VALUES ('135', '1', '70', '1', '1', '1', '1', '2017-03-20 04:05:20', null);
INSERT INTO `s_privilege` VALUES ('136', '1', '71', '1', '1', '1', '1', '2017-03-20 04:05:31', null);
INSERT INTO `s_privilege` VALUES ('137', '1', '72', '1', '1', '1', '1', '2017-03-20 05:27:38', null);
INSERT INTO `s_privilege` VALUES ('138', '1', '73', '1', '1', '1', '1', '2017-03-20 08:29:56', null);
INSERT INTO `s_privilege` VALUES ('139', '1', '74', '1', '1', '1', '1', '2017-03-20 08:30:01', null);
INSERT INTO `s_privilege` VALUES ('140', '1', '75', '1', '1', '1', '1', '2017-03-20 09:25:06', null);
INSERT INTO `s_privilege` VALUES ('141', '9', '1', '1', '1', '1', '1', '2017-03-21 10:18:35', null);
INSERT INTO `s_privilege` VALUES ('142', '9', '2', '1', '1', '1', '1', '2017-03-21 10:18:36', null);
INSERT INTO `s_privilege` VALUES ('143', '9', '3', '1', '1', '1', '1', '2017-03-21 10:18:37', null);
INSERT INTO `s_privilege` VALUES ('144', '9', '4', '1', '1', '1', '1', '2017-03-21 10:18:38', null);
INSERT INTO `s_privilege` VALUES ('145', '9', '4', '0', '0', '0', '0', '2017-03-21 10:18:41', null);
INSERT INTO `s_privilege` VALUES ('146', '9', '9', '1', '1', '1', '1', '2017-03-21 10:18:58', null);
INSERT INTO `s_privilege` VALUES ('147', '9', '9', '0', '0', '0', '0', '2017-03-21 10:18:59', null);
INSERT INTO `s_privilege` VALUES ('148', '9', '8', '1', '1', '1', '1', '2017-03-21 10:18:59', null);
INSERT INTO `s_privilege` VALUES ('149', '9', '9', '1', '1', '1', '1', '2017-03-21 10:19:01', null);
INSERT INTO `s_privilege` VALUES ('150', '9', '7', '1', '1', '1', '1', '2017-03-21 10:19:03', null);
INSERT INTO `s_privilege` VALUES ('151', '9', '10', '1', '1', '1', '1', '2017-03-21 10:19:06', null);
INSERT INTO `s_privilege` VALUES ('152', '9', '11', '1', '1', '1', '1', '2017-03-21 10:19:07', null);
INSERT INTO `s_privilege` VALUES ('153', '9', '14', '1', '1', '1', '1', '2017-03-21 10:19:15', null);
INSERT INTO `s_privilege` VALUES ('154', '9', '15', '0', '0', '0', '0', '2017-03-21 10:19:20', null);
INSERT INTO `s_privilege` VALUES ('155', '9', '58', '1', '1', '1', '1', '2017-03-21 10:19:49', null);
INSERT INTO `s_privilege` VALUES ('156', '9', '12', '1', '1', '1', '1', '2017-03-21 10:19:58', null);
INSERT INTO `s_privilege` VALUES ('157', '9', '13', '1', '1', '1', '1', '2017-03-21 10:19:58', null);
INSERT INTO `s_privilege` VALUES ('158', '9', '34', '1', '1', '1', '1', '2017-03-21 10:20:00', null);
INSERT INTO `s_privilege` VALUES ('159', '9', '46', '1', '1', '1', '1', '2017-03-21 10:20:01', null);
INSERT INTO `s_privilege` VALUES ('160', '9', '45', '1', '1', '1', '1', '2017-03-21 10:20:02', null);
INSERT INTO `s_privilege` VALUES ('161', '9', '48', '1', '1', '1', '1', '2017-03-21 10:20:03', null);
INSERT INTO `s_privilege` VALUES ('162', '9', '49', '1', '1', '1', '1', '2017-03-21 10:20:05', null);
INSERT INTO `s_privilege` VALUES ('163', '9', '51', '1', '1', '1', '1', '2017-03-21 10:20:07', null);
INSERT INTO `s_privilege` VALUES ('164', '9', '55', '1', '1', '1', '1', '2017-03-21 10:20:10', null);
INSERT INTO `s_privilege` VALUES ('165', '9', '16', '1', '1', '1', '1', '2017-03-21 10:20:10', null);
INSERT INTO `s_privilege` VALUES ('166', '9', '17', '0', '1', '0', '0', '2017-03-21 10:20:25', null);
INSERT INTO `s_privilege` VALUES ('167', '9', '53', '1', '1', '1', '1', '2017-03-21 10:20:24', null);
INSERT INTO `s_privilege` VALUES ('168', '10', '1', '1', '1', '1', '1', '2017-03-21 11:28:57', null);
INSERT INTO `s_privilege` VALUES ('169', '10', '4', '1', '1', '1', '1', '2017-03-21 11:28:57', null);
INSERT INTO `s_privilege` VALUES ('170', '10', '3', '1', '1', '1', '1', '2017-03-21 11:29:00', null);
INSERT INTO `s_privilege` VALUES ('171', '10', '7', '1', '1', '1', '1', '2017-03-21 11:29:03', null);
INSERT INTO `s_privilege` VALUES ('172', '10', '8', '1', '1', '1', '1', '2017-03-21 11:29:04', null);
INSERT INTO `s_privilege` VALUES ('173', '10', '9', '1', '1', '1', '1', '2017-03-21 11:29:07', null);
INSERT INTO `s_privilege` VALUES ('174', '10', '10', '1', '1', '1', '1', '2017-03-21 11:30:11', null);
INSERT INTO `s_privilege` VALUES ('175', '10', '11', '1', '1', '1', '1', '2017-03-21 11:30:13', null);
INSERT INTO `s_privilege` VALUES ('176', '10', '15', '1', '1', '1', '1', '2017-03-21 11:30:14', null);
INSERT INTO `s_privilege` VALUES ('177', '10', '57', '1', '1', '1', '1', '2017-03-21 11:30:15', null);
INSERT INTO `s_privilege` VALUES ('178', '10', '14', '1', '1', '1', '1', '2017-03-21 11:30:16', null);
INSERT INTO `s_privilege` VALUES ('179', '10', '58', '1', '1', '1', '1', '2017-03-21 11:30:16', null);
INSERT INTO `s_privilege` VALUES ('180', '10', '12', '1', '1', '1', '1', '2017-03-21 11:30:22', null);
INSERT INTO `s_privilege` VALUES ('181', '10', '13', '1', '1', '1', '1', '2017-03-21 11:30:22', null);
INSERT INTO `s_privilege` VALUES ('182', '10', '34', '1', '1', '1', '1', '2017-03-21 11:30:23', null);
INSERT INTO `s_privilege` VALUES ('183', '10', '45', '1', '1', '1', '1', '2017-03-21 11:30:25', null);
INSERT INTO `s_privilege` VALUES ('184', '10', '46', '1', '1', '1', '1', '2017-03-21 11:30:25', null);
INSERT INTO `s_privilege` VALUES ('185', '10', '48', '1', '1', '1', '1', '2017-03-21 11:30:26', null);
INSERT INTO `s_privilege` VALUES ('186', '10', '49', '1', '1', '1', '1', '2017-03-21 11:30:27', null);
INSERT INTO `s_privilege` VALUES ('187', '10', '51', '1', '1', '1', '1', '2017-03-21 11:30:33', null);
INSERT INTO `s_privilege` VALUES ('188', '10', '53', '1', '1', '1', '1', '2017-03-21 11:30:34', null);
INSERT INTO `s_privilege` VALUES ('189', '10', '55', '1', '1', '1', '1', '2017-03-21 11:30:35', null);
INSERT INTO `s_privilege` VALUES ('190', '10', '18', '1', '1', '1', '1', '2017-03-21 11:30:49', null);
INSERT INTO `s_privilege` VALUES ('191', '10', '19', '1', '1', '1', '1', '2017-03-21 11:30:49', null);
INSERT INTO `s_privilege` VALUES ('192', '10', '20', '1', '1', '1', '1', '2017-03-21 11:30:50', null);
INSERT INTO `s_privilege` VALUES ('193', '10', '31', '1', '1', '1', '1', '2017-03-21 11:30:50', null);
INSERT INTO `s_privilege` VALUES ('194', '10', '33', '1', '1', '1', '1', '2017-03-21 11:30:53', null);
INSERT INTO `s_privilege` VALUES ('195', '10', '35', '1', '1', '1', '1', '2017-03-21 11:30:54', null);
INSERT INTO `s_privilege` VALUES ('196', '10', '41', '1', '1', '1', '1', '2017-03-21 11:30:54', null);
INSERT INTO `s_privilege` VALUES ('197', '10', '47', '1', '1', '1', '1', '2017-03-21 11:30:55', null);
INSERT INTO `s_privilege` VALUES ('198', '10', '56', '1', '1', '1', '1', '2017-03-21 11:30:57', null);
INSERT INTO `s_privilege` VALUES ('199', '10', '54', '1', '1', '1', '1', '2017-03-21 11:30:58', null);
INSERT INTO `s_privilege` VALUES ('200', '10', '75', '1', '1', '1', '1', '2017-03-21 11:31:00', null);
INSERT INTO `s_privilege` VALUES ('201', '10', '24', '1', '1', '1', '1', '2017-03-21 11:31:51', null);
INSERT INTO `s_privilege` VALUES ('202', '10', '25', '1', '1', '1', '1', '2017-03-21 11:31:51', null);
INSERT INTO `s_privilege` VALUES ('203', '10', '26', '0', '0', '0', '0', '2017-03-21 11:31:57', null);
INSERT INTO `s_privilege` VALUES ('204', '10', '27', '0', '0', '0', '0', '2017-03-21 11:31:56', null);
INSERT INTO `s_privilege` VALUES ('205', '10', '29', '1', '1', '1', '1', '2017-03-21 11:32:05', null);
INSERT INTO `s_privilege` VALUES ('206', '10', '39', '1', '1', '1', '1', '2017-03-21 11:32:05', null);
INSERT INTO `s_privilege` VALUES ('207', '10', '40', '1', '1', '1', '1', '2017-03-21 11:32:08', null);
INSERT INTO `s_privilege` VALUES ('208', '10', '44', '1', '1', '1', '1', '2017-03-21 11:32:10', null);
INSERT INTO `s_privilege` VALUES ('209', '10', '59', '1', '1', '1', '1', '2017-03-21 11:32:12', null);
INSERT INTO `s_privilege` VALUES ('210', '10', '63', '1', '1', '1', '1', '2017-03-21 11:32:13', null);
INSERT INTO `s_privilege` VALUES ('211', '10', '65', '1', '1', '1', '1', '2017-03-21 11:32:15', null);
INSERT INTO `s_privilege` VALUES ('212', '10', '70', '1', '1', '1', '1', '2017-03-21 11:32:17', null);
INSERT INTO `s_privilege` VALUES ('213', '10', '71', '1', '1', '1', '1', '2017-03-21 11:32:23', null);
INSERT INTO `s_privilege` VALUES ('214', '10', '74', '1', '1', '1', '1', '2017-03-21 11:32:25', null);
INSERT INTO `s_privilege` VALUES ('215', '10', '42', '1', '1', '1', '1', '2017-03-21 11:32:27', null);
INSERT INTO `s_privilege` VALUES ('216', '10', '43', '1', '1', '1', '1', '2017-03-21 11:32:28', null);
INSERT INTO `s_privilege` VALUES ('217', '1', '76', '1', '1', '1', '1', '2017-03-21 14:31:02', null);
INSERT INTO `s_privilege` VALUES ('218', '1', '77', '1', '1', '1', '1', '2017-03-23 13:48:47', null);
INSERT INTO `s_privilege` VALUES ('219', '1', '78', '1', '1', '1', '1', '2017-03-30 14:15:44', null);
INSERT INTO `s_privilege` VALUES ('220', '1', '79', '1', '1', '1', '1', '2017-04-01 11:40:44', null);
INSERT INTO `s_privilege` VALUES ('221', '1', '80', '1', '1', '1', '1', '2017-04-01 14:03:07', null);
INSERT INTO `s_privilege` VALUES ('222', '1', '81', '1', '1', '1', '1', '2017-04-01 16:04:52', null);
INSERT INTO `s_privilege` VALUES ('223', '1', '82', '1', '1', '1', '1', '2017-04-04 23:07:14', null);
INSERT INTO `s_privilege` VALUES ('224', '1', '83', '1', '1', '1', '1', '2017-04-05 00:25:50', null);
INSERT INTO `s_privilege` VALUES ('225', '1', '84', '1', '1', '1', '1', '2017-04-05 00:25:55', null);
INSERT INTO `s_privilege` VALUES ('226', '1', '85', '1', '1', '1', '1', '2017-04-05 01:42:03', null);
INSERT INTO `s_privilege` VALUES ('227', '1', '86', '1', '1', '1', '1', '2017-04-05 03:05:56', null);
INSERT INTO `s_privilege` VALUES ('228', '1', '87', '1', '1', '1', '1', '2017-04-05 03:06:01', null);
INSERT INTO `s_privilege` VALUES ('229', '1', '88', '1', '1', '1', '1', '2017-04-06 09:41:12', null);
INSERT INTO `s_privilege` VALUES ('230', '1', '89', '1', '1', '1', '1', '2017-04-10 11:35:37', null);
INSERT INTO `s_privilege` VALUES ('231', '1', '90', '1', '1', '1', '1', '2017-04-10 11:35:44', null);
INSERT INTO `s_privilege` VALUES ('232', '1', '91', '1', '1', '1', '1', '2017-04-11 09:54:22', null);
INSERT INTO `s_privilege` VALUES ('233', '1', '92', '0', '0', '0', '0', '2017-04-12 01:29:19', null);
INSERT INTO `s_privilege` VALUES ('234', '1', '93', '1', '1', '1', '1', '2017-04-11 23:27:57', null);
INSERT INTO `s_privilege` VALUES ('235', '1', '94', '1', '1', '1', '1', '2017-04-11 23:28:02', null);
INSERT INTO `s_privilege` VALUES ('236', '1', '95', '1', '1', '1', '1', '2017-04-17 14:12:47', null);
INSERT INTO `s_privilege` VALUES ('237', '1', '96', '1', '1', '1', '1', '2017-04-18 10:34:07', null);
INSERT INTO `s_privilege` VALUES ('238', '1', '97', '1', '1', '1', '1', '2017-04-18 13:15:28', null);
INSERT INTO `s_privilege` VALUES ('239', '1', '98', '1', '1', '1', '1', '2017-04-19 04:29:14', null);
INSERT INTO `s_privilege` VALUES ('240', '1', '99', '1', '1', '1', '1', '2017-04-19 04:29:13', null);
INSERT INTO `s_privilege` VALUES ('241', '1', '100', '1', '1', '1', '1', '2017-04-19 02:15:01', null);
INSERT INTO `s_privilege` VALUES ('242', '1', '101', '1', '1', '1', '1', '2017-04-19 11:21:05', null);

-- ----------------------------
-- Table structure for s_user
-- ----------------------------
DROP TABLE IF EXISTS `s_user`;
CREATE TABLE `s_user` (
  `user_id` int(11) NOT NULL AUTO_INCREMENT,
  `m_karyawan_id` int(11) NOT NULL,
  `user_username` varchar(255) NOT NULL,
  `user_password` text NOT NULL,
  `user_status_aktif` char(1) NOT NULL,
  `user_create_date` datetime NOT NULL DEFAULT '0000-00-00 00:00:00',
  `user_create_by` int(11) NOT NULL,
  `user_update_date` datetime DEFAULT NULL ON UPDATE CURRENT_TIMESTAMP,
  `user_update_by` int(11) DEFAULT NULL,
  `user_revised` int(11) DEFAULT NULL,
  PRIMARY KEY (`user_id`),
  KEY `karyawan_user` (`m_karyawan_id`),
  CONSTRAINT `karyawan_user` FOREIGN KEY (`m_karyawan_id`) REFERENCES `m_karyawan` (`karyawan_id`)
) ENGINE=InnoDB AUTO_INCREMENT=10 DEFAULT CHARSET=latin1;

-- ----------------------------
-- Records of s_user
-- ----------------------------
INSERT INTO `s_user` VALUES ('1', '1', 'developer', '5cbc1fb2952638a54ccc08f1a2d51d7f', 'y', '0000-00-00 00:00:00', '0', '2017-02-10 13:22:44', '0', null);
INSERT INTO `s_user` VALUES ('5', '7', 'gudangbahan', '5cbc1fb2952638a54ccc08f1a2d51d7f', 'y', '0000-00-00 00:00:00', '0', '2017-03-01 13:23:32', null, null);
INSERT INTO `s_user` VALUES ('6', '8', 'pembelian', '5cbc1fb2952638a54ccc08f1a2d51d7f', 'y', '0000-00-00 00:00:00', '0', '2017-03-01 13:23:32', null, null);
INSERT INTO `s_user` VALUES ('7', '11', 'produksi', '5cbc1fb2952638a54ccc08f1a2d51d7f', 'y', '0000-00-00 00:00:00', '0', '2017-03-21 11:37:11', null, null);
INSERT INTO `s_user` VALUES ('8', '12', 'kaproduksi', '5cbc1fb2952638a54ccc08f1a2d51d7f', 'y', '0000-00-00 00:00:00', '0', '2017-03-21 13:18:53', null, null);
INSERT INTO `s_user` VALUES ('9', '18', 'gudangcab3', '6731970a719b1302c8885522a2c5e672', 'y', '0000-00-00 00:00:00', '0', '2017-04-12 09:39:01', null, null);

-- ----------------------------
-- Table structure for tb_penjualan
-- ----------------------------
DROP TABLE IF EXISTS `tb_penjualan`;
CREATE TABLE `tb_penjualan` (
  `penjualan_id` int(11) NOT NULL AUTO_INCREMENT,
  `penjualan_code` varchar(200) NOT NULL,
  `penjualan_date` datetime NOT NULL,
  `customer` int(11) DEFAULT NULL,
  `branch` int(11) DEFAULT NULL,
  `penjualan_all_discount` float DEFAULT NULL,
  `penjualan_total` bigint(20) DEFAULT NULL,
  `penjualan_pajak` bigint(20) DEFAULT NULL,
  `penjualan_all_discount_percent` float DEFAULT NULL,
  `penjualan_all_discount_nominal` int(11) DEFAULT NULL,
  `penjualan_grand_total` bigint(20) DEFAULT NULL,
  `penjualan_payment` bigint(20) DEFAULT NULL,
  `penjualan_change` int(11) DEFAULT NULL,
  `penjualan_payment_method` int(11) DEFAULT NULL,
  `bank_atas_name` varchar(200) DEFAULT NULL,
  `bank` int(11) DEFAULT NULL,
  `bank_number` varchar(200) DEFAULT NULL,
  `user` int(11) DEFAULT NULL,
  `status` int(11) DEFAULT NULL,
  PRIMARY KEY (`penjualan_id`)
) ENGINE=InnoDB AUTO_INCREMENT=69 DEFAULT CHARSET=latin1;

-- ----------------------------
-- Records of tb_penjualan
-- ----------------------------
INSERT INTO `tb_penjualan` VALUES ('1', 'INV_1492491596', '2017-04-18 11:04:56', '1', '1', '0', '201000', '0', '0', '0', '201000', '300000', '78900', '0', '', '0', '', null, '0');
INSERT INTO `tb_penjualan` VALUES ('2', 'INV_1492491916', '2017-04-18 12:04:16', '1', '1', '0', '201000', '0', '0', '0', '201000', '300000', '78900', '0', '', '0', '', null, '0');
INSERT INTO `tb_penjualan` VALUES ('3', 'INV_1492491938', '2017-04-18 12:04:38', '1', '1', '0', '461500', '0', '0', '0', '461500', '2000000', '1492350', '0', '', '0', '', null, '0');
INSERT INTO `tb_penjualan` VALUES ('4', 'INV_1492491998', '2017-04-18 12:04:38', '1', '1', '0', '578000', '0', '0', '0', '578000', '2000000', '1364200', '0', '', '0', '', null, '0');
INSERT INTO `tb_penjualan` VALUES ('5', 'INV_1492494466', '2017-04-18 12:04:46', '1', '1', '200', '474500', '0', '0', '200', '474500', '600000', '78050', '0', '', '0', '', null, '0');
INSERT INTO `tb_penjualan` VALUES ('6', 'INV_1493041553', '2017-04-24 08:04:53', '1', '1', '2677480', '2677475', '0', '0', '2677475', '2677475', '3000000', '54750', '0', '', '0', '', null, '0');
INSERT INTO `tb_penjualan` VALUES ('7', 'INV_1493368377', '2017-04-28 03:04:57', '1', '1', '0', '667500', '0', '0', '0', '667500', '667500', '0', '0', '', '0', '', '1', '0');
INSERT INTO `tb_penjualan` VALUES ('8', 'INV_1493368715', '2017-04-28 03:04:35', '1', '1', '0', '667500', '0', '0', '0', '667500', '667500', '0', '0', '0', '0', '0', '1', '0');
INSERT INTO `tb_penjualan` VALUES ('9', 'INV_1493369139', '2017-04-28 03:04:39', '1', '1', '0', '581000', '0', '0', '0', '581000', '581000', '0', '0', '', '0', '', '1', '0');
INSERT INTO `tb_penjualan` VALUES ('10', 'INV_1493369141', '2017-04-28 03:04:41', '1', '1', '0', '581000', '0', '0', '0', '581000', '581000', '0', '0', '', '0', '', '1', '0');
INSERT INTO `tb_penjualan` VALUES ('11', 'INV_1493369188', '2017-04-28 03:04:28', '1', '1', '0', '581000', '0', '0', '0', '581000', '600000', '19000', '0', '', '0', '', '1', '0');
INSERT INTO `tb_penjualan` VALUES ('12', 'INV_1493369200', '2017-04-28 03:04:40', '1', '1', '0', '581000', '0', '0', '0', '581000', '600000', '19000', '0', '', '0', '', '1', '0');
INSERT INTO `tb_penjualan` VALUES ('13', 'INV_1493369271', '2017-04-28 03:04:51', '1', '1', '0', '581000', '0', '0', '0', '581000', '600000', '19000', '0', '', '0', '', '1', '0');
INSERT INTO `tb_penjualan` VALUES ('14', 'INV_1493369296', '2017-04-28 03:04:16', '1', '1', '0', '581000', '0', '0', '0', '581000', '600000', '19000', '0', '', '0', '', '1', '0');
INSERT INTO `tb_penjualan` VALUES ('15', 'INV_1493370171', '2017-04-28 04:04:51', '1', '1', '0', '427500', '0', '0', '0', '427500', '500000', '72500', '0', '', '0', '', '1', '0');
INSERT INTO `tb_penjualan` VALUES ('16', 'INV_1493370273', '2017-04-28 04:04:33', '1', '1', '0', '240000', '0', '0', '0', '240000', '240000', '0', '0', '0', '0', '0', '1', '0');
INSERT INTO `tb_penjualan` VALUES ('17', 'INV_1493370808', '2017-04-28 04:04:28', '1', '1', '0', '193000', '0', '0', '0', '193000', '193000', '0', '0', '', '0', '', '1', '0');
INSERT INTO `tb_penjualan` VALUES ('18', 'INV_1493371368', '2017-04-28 04:04:48', '1', '1', '0', '1825000', '0', '0', '0', '1825000', '1825000', '0', '0', '', '0', '', '1', '0');
INSERT INTO `tb_penjualan` VALUES ('19', 'INV_1493371470', '2017-04-28 04:04:30', '1', '1', '0', '240000', '0', '0', '0', '240000', '240000', '0', '0', '0', '0', '0', '1', '0');
INSERT INTO `tb_penjualan` VALUES ('20', 'INV_1493371649', '2017-04-28 04:04:29', '1', '1', '0', '1825000', '0', '0', '0', '1825000', '1825000', '0', '0', '', '0', '', '1', '0');
INSERT INTO `tb_penjualan` VALUES ('21', 'INV_1493371978', '2017-04-28 04:04:58', '1', '1', '0', '1162000', '0', '0', '0', '1162000', '1700000', '538000', '0', '', '0', '', '1', '0');
INSERT INTO `tb_penjualan` VALUES ('22', 'INV_1493371979', '2017-04-28 04:04:59', '1', '1', '0', '1162000', '0', '0', '0', '1162000', '1700000', '538000', '0', '', '0', '', '1', '0');
INSERT INTO `tb_penjualan` VALUES ('23', 'INV_1493372018', '2017-04-28 04:04:38', '1', '1', '0', '240000', '0', '0', '0', '240000', '300000', '60000', '0', '', '0', '', '1', '0');
INSERT INTO `tb_penjualan` VALUES ('24', 'INV_1493372342', '2017-04-28 04:04:02', '1', '1', '0', '1825000', '0', '0', '0', '1825000', '1850000', '25000', '0', '', '0', '', '1', '0');
INSERT INTO `tb_penjualan` VALUES ('25', 'INV_1493373179', '2017-04-28 04:04:59', '1', '1', '0', '1825000', '0', '0', '0', '1825000', '1850000', '25000', '0', '', '0', '', '1', '0');
INSERT INTO `tb_penjualan` VALUES ('26', 'INV_1493373392', '2017-04-28 04:04:32', '1', '1', '0', '581000', '0', '0', '0', '581000', '600000', '19000', '0', '', '0', '', '1', '0');
INSERT INTO `tb_penjualan` VALUES ('27', 'INV_1493396095', '2017-04-28 11:04:55', '1', '1', '0', '143000', '0', '0', '0', '143000', '150000', '7000', '0', '', '0', '', '1', '0');
INSERT INTO `tb_penjualan` VALUES ('28', 'INV_1493404539', '2017-04-29 01:04:39', '1', '1', '0', '715000', '0', '0', '0', '715000', '715000', '0', '0', '', '0', '', '1', '0');
INSERT INTO `tb_penjualan` VALUES ('29', 'INV_1493405390', '2017-04-29 01:04:50', '1', '1', '0', '337500', '0', '0', '0', '337500', '337500', '0', '0', '0', '0', '0', '1', '0');
INSERT INTO `tb_penjualan` VALUES ('30', 'INV_1493432504', '2017-04-29 09:04:44', '1', '1', '0', '581000', '0', '0', '0', '581000', '600000', '19000', '0', '', '0', '', '1', '0');
INSERT INTO `tb_penjualan` VALUES ('31', 'INV_1493691776', '2017-05-02 09:05:56', '1', '1', '0', '581000', '0', '0', '0', '581000', '100000000', '99419000', '0', '', '0', '', '1', '0');
INSERT INTO `tb_penjualan` VALUES ('32', 'INV_1493691883', '2017-05-02 09:05:43', '1', '1', '4853000', '0', '0', '0', '4853000', '0', '0', '0', '0', '', '0', '', '1', '0');
INSERT INTO `tb_penjualan` VALUES ('33', 'INV_1493691885', '2017-05-02 09:05:45', '1', '1', '4853000', '0', '0', '0', '4853000', '0', '0', '0', '0', '', '0', '', '1', '0');
INSERT INTO `tb_penjualan` VALUES ('34', 'INV_1493691885', '2017-05-02 09:05:45', '1', '1', '4853000', '0', '0', '0', '4853000', '0', '0', '0', '0', '', '0', '', '1', '0');
INSERT INTO `tb_penjualan` VALUES ('35', 'INV_1493691885', '2017-05-02 09:05:45', '1', '1', '4853000', '0', '0', '0', '4853000', '0', '0', '0', '0', '', '0', '', '1', '0');
INSERT INTO `tb_penjualan` VALUES ('36', 'INV_1493691886', '2017-05-02 09:05:46', '1', '1', '4853000', '0', '0', '0', '4853000', '0', '0', '0', '0', '', '0', '', '1', '0');
INSERT INTO `tb_penjualan` VALUES ('37', 'INV_1493691886', '2017-05-02 09:05:46', '1', '1', '4853000', '0', '0', '0', '4853000', '0', '0', '0', '0', '', '0', '', '1', '0');
INSERT INTO `tb_penjualan` VALUES ('38', 'INV_1493691886', '2017-05-02 09:05:46', '1', '1', '4853000', '0', '0', '0', '4853000', '0', '0', '0', '0', '', '0', '', '1', '0');
INSERT INTO `tb_penjualan` VALUES ('39', 'INV_1493691887', '2017-05-02 09:05:47', '1', '1', '4853000', '0', '0', '0', '4853000', '0', '0', '0', '0', '', '0', '', '1', '0');
INSERT INTO `tb_penjualan` VALUES ('40', 'INV_1493691887', '2017-05-02 09:05:47', '1', '1', '4853000', '0', '0', '0', '4853000', '0', '0', '0', '0', '', '0', '', '1', '0');
INSERT INTO `tb_penjualan` VALUES ('41', 'INV_1493691887', '2017-05-02 09:05:47', '1', '1', '4853000', '0', '0', '0', '4853000', '0', '0', '0', '0', '', '0', '', '1', '0');
INSERT INTO `tb_penjualan` VALUES ('42', 'INV_1493691887', '2017-05-02 09:05:47', '1', '1', '4853000', '0', '0', '0', '4853000', '0', '0', '0', '0', '', '0', '', '1', '0');
INSERT INTO `tb_penjualan` VALUES ('43', 'INV_1493691887', '2017-05-02 09:05:47', '1', '1', '4853000', '0', '0', '0', '4853000', '0', '0', '0', '0', '', '0', '', '1', '0');
INSERT INTO `tb_penjualan` VALUES ('44', 'INV_1493691887', '2017-05-02 09:05:47', '1', '1', '4853000', '0', '0', '0', '4853000', '0', '0', '0', '0', '', '0', '', '1', '0');
INSERT INTO `tb_penjualan` VALUES ('45', 'INV_1493691888', '2017-05-02 09:05:48', '1', '1', '4853000', '0', '0', '0', '4853000', '0', '0', '0', '0', '', '0', '', '1', '0');
INSERT INTO `tb_penjualan` VALUES ('46', 'INV_1493691888', '2017-05-02 09:05:48', '1', '1', '4853000', '0', '0', '0', '4853000', '0', '0', '0', '0', '', '0', '', '1', '0');
INSERT INTO `tb_penjualan` VALUES ('47', 'INV_1493691888', '2017-05-02 09:05:48', '1', '1', '4853000', '0', '0', '0', '4853000', '0', '0', '0', '0', '', '0', '', '1', '0');
INSERT INTO `tb_penjualan` VALUES ('48', 'INV_1493691888', '2017-05-02 09:05:48', '1', '1', '4853000', '0', '0', '0', '4853000', '0', '0', '0', '0', '', '0', '', '1', '0');
INSERT INTO `tb_penjualan` VALUES ('49', 'INV_1493691889', '2017-05-02 09:05:49', '1', '1', '4853000', '0', '0', '0', '4853000', '0', '0', '0', '0', '', '0', '', '1', '0');
INSERT INTO `tb_penjualan` VALUES ('50', 'INV_1493691889', '2017-05-02 09:05:49', '1', '1', '4853000', '0', '0', '0', '4853000', '0', '0', '0', '0', '', '0', '', '1', '0');
INSERT INTO `tb_penjualan` VALUES ('51', 'INV_1493691889', '2017-05-02 09:05:49', '1', '1', '4853000', '0', '0', '0', '4853000', '0', '0', '0', '0', '', '0', '', '1', '0');
INSERT INTO `tb_penjualan` VALUES ('52', 'INV_1493691890', '2017-05-02 09:05:50', '1', '1', '4853000', '0', '0', '0', '4853000', '0', '0', '0', '0', '', '0', '', '1', '0');
INSERT INTO `tb_penjualan` VALUES ('53', 'INV_1493691890', '2017-05-02 09:05:50', '1', '1', '4853000', '0', '0', '0', '4853000', '0', '0', '0', '0', '', '0', '', '1', '0');
INSERT INTO `tb_penjualan` VALUES ('54', 'INV_1493691890', '2017-05-02 09:05:50', '1', '1', '4853000', '0', '0', '0', '4853000', '0', '0', '0', '0', '', '0', '', '1', '0');
INSERT INTO `tb_penjualan` VALUES ('55', 'INV_1493691891', '2017-05-02 09:05:51', '1', '1', '4853000', '0', '0', '0', '4853000', '0', '0', '0', '0', '', '0', '', '1', '0');
INSERT INTO `tb_penjualan` VALUES ('56', 'INV_1493691891', '2017-05-02 09:05:51', '1', '1', '4853000', '0', '0', '0', '4853000', '0', '0', '0', '0', '', '0', '', '1', '0');
INSERT INTO `tb_penjualan` VALUES ('57', 'INV_1493691891', '2017-05-02 09:05:51', '1', '1', '4853000', '0', '0', '0', '4853000', '0', '0', '0', '0', '', '0', '', '1', '0');
INSERT INTO `tb_penjualan` VALUES ('58', 'INV_1493691891', '2017-05-02 09:05:51', '1', '1', '4853000', '0', '0', '0', '4853000', '0', '0', '0', '0', '', '0', '', '1', '0');
INSERT INTO `tb_penjualan` VALUES ('59', 'INV_1493691891', '2017-05-02 09:05:51', '1', '1', '4853000', '0', '0', '0', '4853000', '0', '0', '0', '0', '', '0', '', '1', '0');
INSERT INTO `tb_penjualan` VALUES ('60', 'INV_1493691896', '2017-05-02 09:05:56', '1', '1', '4853000', '0', '0', '0', '4853000', '0', '1', '1', '0', '', '0', '', '1', '0');
INSERT INTO `tb_penjualan` VALUES ('61', 'INV_1493691896', '2017-05-02 09:05:56', '1', '1', '4853000', '0', '0', '0', '4853000', '0', '1', '1', '0', '', '0', '', '1', '0');
INSERT INTO `tb_penjualan` VALUES ('62', 'INV_1493691897', '2017-05-02 09:05:57', '1', '1', '4853000', '0', '0', '0', '4853000', '0', '1', '1', '0', '', '0', '', '1', '0');
INSERT INTO `tb_penjualan` VALUES ('63', 'INV_1493691897', '2017-05-02 09:05:57', '1', '1', '4853000', '0', '0', '0', '4853000', '0', '1', '1', '0', '', '0', '', '1', '0');
INSERT INTO `tb_penjualan` VALUES ('64', 'INV_1493691897', '2017-05-02 09:05:57', '1', '1', '4853000', '0', '0', '0', '4853000', '0', '1', '1', '0', '', '0', '', '1', '0');
INSERT INTO `tb_penjualan` VALUES ('65', 'INV_1493691897', '2017-05-02 09:05:57', '1', '1', '4853000', '0', '0', '0', '4853000', '0', '1', '1', '0', '', '0', '', '1', '0');
INSERT INTO `tb_penjualan` VALUES ('66', 'INV_1493691898', '2017-05-02 09:05:58', '1', '1', '4853000', '0', '0', '0', '4853000', '0', '1', '1', '0', '', '0', '', '1', '0');
INSERT INTO `tb_penjualan` VALUES ('67', 'INV_1493691898', '2017-05-02 09:05:58', '1', '1', '4853000', '0', '0', '0', '4853000', '0', '1', '1', '0', '', '0', '', '1', '0');
INSERT INTO `tb_penjualan` VALUES ('68', 'INV_1493691898', '2017-05-02 09:05:58', '1', '1', '4853000', '0', '0', '0', '4853000', '0', '1', '1', '0', '', '0', '', '1', '0');

-- ----------------------------
-- Table structure for tb_penjualan_details
-- ----------------------------
DROP TABLE IF EXISTS `tb_penjualan_details`;
CREATE TABLE `tb_penjualan_details` (
  `penjualan_detail_id` int(11) NOT NULL AUTO_INCREMENT,
  `penjualan` int(11) NOT NULL,
  `barang` int(11) NOT NULL,
  `barang_qty` int(11) NOT NULL,
  `barang_price` int(11) NOT NULL,
  `barang_total` int(11) NOT NULL,
  `barang_discount_percent` int(11) NOT NULL,
  `barang_discount_nominal` int(11) NOT NULL,
  `barang_grand_total` bigint(20) NOT NULL,
  `status` int(11) DEFAULT NULL,
  PRIMARY KEY (`penjualan_detail_id`)
) ENGINE=InnoDB AUTO_INCREMENT=153 DEFAULT CHARSET=latin1;

-- ----------------------------
-- Records of tb_penjualan_details
-- ----------------------------
INSERT INTO `tb_penjualan_details` VALUES ('1', '1', '2', '1', '95000', '95000', '0', '0', '95000', null);
INSERT INTO `tb_penjualan_details` VALUES ('2', '1', '3', '2', '53000', '106000', '0', '0', '106000', null);
INSERT INTO `tb_penjualan_details` VALUES ('3', '2', '2', '1', '95000', '95000', '0', '0', '95000', null);
INSERT INTO `tb_penjualan_details` VALUES ('4', '2', '3', '2', '53000', '106000', '0', '0', '106000', null);
INSERT INTO `tb_penjualan_details` VALUES ('5', '3', '2', '1', '95000', '95000', '0', '0', '95000', null);
INSERT INTO `tb_penjualan_details` VALUES ('6', '3', '5', '1', '289000', '289000', '0', '0', '289000', null);
INSERT INTO `tb_penjualan_details` VALUES ('7', '3', '7', '1', '77500', '77500', '0', '0', '77500', null);
INSERT INTO `tb_penjualan_details` VALUES ('8', '4', '4', '1', '134000', '134000', '0', '0', '134000', null);
INSERT INTO `tb_penjualan_details` VALUES ('9', '4', '5', '1', '289000', '289000', '0', '0', '289000', null);
INSERT INTO `tb_penjualan_details` VALUES ('10', '4', '7', '2', '77500', '155000', '0', '0', '155000', null);
INSERT INTO `tb_penjualan_details` VALUES ('11', '5', '2', '1', '475000', '475000', '300', '300', '474700', null);
INSERT INTO `tb_penjualan_details` VALUES ('12', '6', '1', '3', '581000', '1743000', '50', '50', '1742950', null);
INSERT INTO `tb_penjualan_details` VALUES ('13', '6', '3', '1', '3612000', '3612000', '0', '0', '3612000', null);
INSERT INTO `tb_penjualan_details` VALUES ('14', '7', '2398', '1', '427500', '427500', '0', '0', '427500', null);
INSERT INTO `tb_penjualan_details` VALUES ('15', '7', '1121', '1', '240000', '240000', '0', '0', '240000', null);
INSERT INTO `tb_penjualan_details` VALUES ('16', '8', '2398', '1', '427500', '427500', '0', '0', '427500', null);
INSERT INTO `tb_penjualan_details` VALUES ('17', '8', '1121', '1', '240000', '240000', '0', '0', '240000', null);
INSERT INTO `tb_penjualan_details` VALUES ('18', '9', '1', '1', '581000', '581000', '0', '0', '581000', null);
INSERT INTO `tb_penjualan_details` VALUES ('19', '10', '1', '1', '581000', '581000', '0', '0', '581000', null);
INSERT INTO `tb_penjualan_details` VALUES ('20', '11', '1', '1', '581000', '581000', '0', '0', '581000', null);
INSERT INTO `tb_penjualan_details` VALUES ('21', '12', '1', '1', '581000', '581000', '0', '0', '581000', null);
INSERT INTO `tb_penjualan_details` VALUES ('22', '13', '1', '1', '581000', '581000', '0', '0', '581000', null);
INSERT INTO `tb_penjualan_details` VALUES ('23', '14', '1', '1', '581000', '581000', '0', '0', '581000', null);
INSERT INTO `tb_penjualan_details` VALUES ('24', '15', '2398', '1', '427500', '427500', '0', '0', '427500', null);
INSERT INTO `tb_penjualan_details` VALUES ('25', '16', '1121', '1', '240000', '240000', '0', '0', '240000', null);
INSERT INTO `tb_penjualan_details` VALUES ('26', '17', '514', '1', '17000', '17000', '0', '0', '17000', null);
INSERT INTO `tb_penjualan_details` VALUES ('27', '17', '2915', '1', '176000', '176000', '0', '0', '176000', null);
INSERT INTO `tb_penjualan_details` VALUES ('28', '18', '2685', '1', '1825000', '1825000', '0', '0', '1825000', null);
INSERT INTO `tb_penjualan_details` VALUES ('29', '19', '1121', '1', '240000', '240000', '0', '0', '240000', null);
INSERT INTO `tb_penjualan_details` VALUES ('30', '20', '2685', '1', '1825000', '1825000', '0', '0', '1825000', null);
INSERT INTO `tb_penjualan_details` VALUES ('31', '21', '1', '2', '581000', '1162000', '0', '0', '1162000', null);
INSERT INTO `tb_penjualan_details` VALUES ('32', '22', '1', '2', '581000', '1162000', '0', '0', '1162000', null);
INSERT INTO `tb_penjualan_details` VALUES ('33', '23', '1121', '1', '240000', '240000', '0', '0', '240000', null);
INSERT INTO `tb_penjualan_details` VALUES ('34', '24', '2685', '1', '1825000', '1825000', '0', '0', '1825000', null);
INSERT INTO `tb_penjualan_details` VALUES ('35', '25', '2685', '1', '1825000', '1825000', '0', '0', '1825000', null);
INSERT INTO `tb_penjualan_details` VALUES ('36', '26', '1', '1', '581000', '581000', '0', '0', '581000', null);
INSERT INTO `tb_penjualan_details` VALUES ('37', '27', '2207', '2', '71500', '143000', '0', '0', '143000', null);
INSERT INTO `tb_penjualan_details` VALUES ('38', '28', '2207', '10', '71500', '715000', '0', '0', '715000', null);
INSERT INTO `tb_penjualan_details` VALUES ('39', '29', '2205', '25', '13500', '337500', '0', '0', '337500', null);
INSERT INTO `tb_penjualan_details` VALUES ('40', '30', '1', '1', '581000', '581000', '0', '0', '581000', null);
INSERT INTO `tb_penjualan_details` VALUES ('41', '31', '1', '1', '581000', '581000', '0', '0', '581000', null);
INSERT INTO `tb_penjualan_details` VALUES ('42', '32', '1', '1', '581000', '581000', '0', '0', '581000', null);
INSERT INTO `tb_penjualan_details` VALUES ('43', '32', '2', '1', '660000', '660000', '0', '0', '660000', null);
INSERT INTO `tb_penjualan_details` VALUES ('44', '32', '3', '1', '3612000', '3612000', '0', '0', '3612000', null);
INSERT INTO `tb_penjualan_details` VALUES ('45', '33', '1', '1', '581000', '581000', '0', '0', '581000', null);
INSERT INTO `tb_penjualan_details` VALUES ('46', '33', '2', '1', '660000', '660000', '0', '0', '660000', null);
INSERT INTO `tb_penjualan_details` VALUES ('47', '33', '3', '1', '3612000', '3612000', '0', '0', '3612000', null);
INSERT INTO `tb_penjualan_details` VALUES ('48', '34', '1', '1', '581000', '581000', '0', '0', '581000', null);
INSERT INTO `tb_penjualan_details` VALUES ('49', '34', '2', '1', '660000', '660000', '0', '0', '660000', null);
INSERT INTO `tb_penjualan_details` VALUES ('50', '34', '3', '1', '3612000', '3612000', '0', '0', '3612000', null);
INSERT INTO `tb_penjualan_details` VALUES ('51', '35', '1', '1', '581000', '581000', '0', '0', '581000', null);
INSERT INTO `tb_penjualan_details` VALUES ('52', '35', '2', '1', '660000', '660000', '0', '0', '660000', null);
INSERT INTO `tb_penjualan_details` VALUES ('53', '35', '3', '1', '3612000', '3612000', '0', '0', '3612000', null);
INSERT INTO `tb_penjualan_details` VALUES ('54', '36', '1', '1', '581000', '581000', '0', '0', '581000', null);
INSERT INTO `tb_penjualan_details` VALUES ('55', '36', '2', '1', '660000', '660000', '0', '0', '660000', null);
INSERT INTO `tb_penjualan_details` VALUES ('56', '36', '3', '1', '3612000', '3612000', '0', '0', '3612000', null);
INSERT INTO `tb_penjualan_details` VALUES ('57', '37', '1', '1', '581000', '581000', '0', '0', '581000', null);
INSERT INTO `tb_penjualan_details` VALUES ('58', '37', '2', '1', '660000', '660000', '0', '0', '660000', null);
INSERT INTO `tb_penjualan_details` VALUES ('59', '37', '3', '1', '3612000', '3612000', '0', '0', '3612000', null);
INSERT INTO `tb_penjualan_details` VALUES ('60', '38', '1', '1', '581000', '581000', '0', '0', '581000', null);
INSERT INTO `tb_penjualan_details` VALUES ('61', '38', '2', '1', '660000', '660000', '0', '0', '660000', null);
INSERT INTO `tb_penjualan_details` VALUES ('62', '38', '3', '1', '3612000', '3612000', '0', '0', '3612000', null);
INSERT INTO `tb_penjualan_details` VALUES ('63', '39', '1', '1', '581000', '581000', '0', '0', '581000', null);
INSERT INTO `tb_penjualan_details` VALUES ('64', '39', '2', '1', '660000', '660000', '0', '0', '660000', null);
INSERT INTO `tb_penjualan_details` VALUES ('65', '39', '3', '1', '3612000', '3612000', '0', '0', '3612000', null);
INSERT INTO `tb_penjualan_details` VALUES ('66', '40', '1', '1', '581000', '581000', '0', '0', '581000', null);
INSERT INTO `tb_penjualan_details` VALUES ('67', '40', '2', '1', '660000', '660000', '0', '0', '660000', null);
INSERT INTO `tb_penjualan_details` VALUES ('68', '40', '3', '1', '3612000', '3612000', '0', '0', '3612000', null);
INSERT INTO `tb_penjualan_details` VALUES ('69', '41', '1', '1', '581000', '581000', '0', '0', '581000', null);
INSERT INTO `tb_penjualan_details` VALUES ('70', '41', '2', '1', '660000', '660000', '0', '0', '660000', null);
INSERT INTO `tb_penjualan_details` VALUES ('71', '41', '3', '1', '3612000', '3612000', '0', '0', '3612000', null);
INSERT INTO `tb_penjualan_details` VALUES ('72', '42', '1', '1', '581000', '581000', '0', '0', '581000', null);
INSERT INTO `tb_penjualan_details` VALUES ('73', '42', '2', '1', '660000', '660000', '0', '0', '660000', null);
INSERT INTO `tb_penjualan_details` VALUES ('74', '42', '3', '1', '3612000', '3612000', '0', '0', '3612000', null);
INSERT INTO `tb_penjualan_details` VALUES ('75', '43', '1', '1', '581000', '581000', '0', '0', '581000', null);
INSERT INTO `tb_penjualan_details` VALUES ('76', '43', '2', '1', '660000', '660000', '0', '0', '660000', null);
INSERT INTO `tb_penjualan_details` VALUES ('77', '43', '3', '1', '3612000', '3612000', '0', '0', '3612000', null);
INSERT INTO `tb_penjualan_details` VALUES ('78', '44', '1', '1', '581000', '581000', '0', '0', '581000', null);
INSERT INTO `tb_penjualan_details` VALUES ('79', '44', '2', '1', '660000', '660000', '0', '0', '660000', null);
INSERT INTO `tb_penjualan_details` VALUES ('80', '44', '3', '1', '3612000', '3612000', '0', '0', '3612000', null);
INSERT INTO `tb_penjualan_details` VALUES ('81', '45', '1', '1', '581000', '581000', '0', '0', '581000', null);
INSERT INTO `tb_penjualan_details` VALUES ('82', '45', '2', '1', '660000', '660000', '0', '0', '660000', null);
INSERT INTO `tb_penjualan_details` VALUES ('83', '45', '3', '1', '3612000', '3612000', '0', '0', '3612000', null);
INSERT INTO `tb_penjualan_details` VALUES ('84', '46', '1', '1', '581000', '581000', '0', '0', '581000', null);
INSERT INTO `tb_penjualan_details` VALUES ('85', '46', '2', '1', '660000', '660000', '0', '0', '660000', null);
INSERT INTO `tb_penjualan_details` VALUES ('86', '46', '3', '1', '3612000', '3612000', '0', '0', '3612000', null);
INSERT INTO `tb_penjualan_details` VALUES ('87', '47', '1', '1', '581000', '581000', '0', '0', '581000', null);
INSERT INTO `tb_penjualan_details` VALUES ('88', '47', '2', '1', '660000', '660000', '0', '0', '660000', null);
INSERT INTO `tb_penjualan_details` VALUES ('89', '47', '3', '1', '3612000', '3612000', '0', '0', '3612000', null);
INSERT INTO `tb_penjualan_details` VALUES ('90', '48', '1', '1', '581000', '581000', '0', '0', '581000', null);
INSERT INTO `tb_penjualan_details` VALUES ('91', '48', '2', '1', '660000', '660000', '0', '0', '660000', null);
INSERT INTO `tb_penjualan_details` VALUES ('92', '48', '3', '1', '3612000', '3612000', '0', '0', '3612000', null);
INSERT INTO `tb_penjualan_details` VALUES ('93', '49', '1', '1', '581000', '581000', '0', '0', '581000', null);
INSERT INTO `tb_penjualan_details` VALUES ('94', '49', '2', '1', '660000', '660000', '0', '0', '660000', null);
INSERT INTO `tb_penjualan_details` VALUES ('95', '49', '3', '1', '3612000', '3612000', '0', '0', '3612000', null);
INSERT INTO `tb_penjualan_details` VALUES ('96', '50', '1', '1', '581000', '581000', '0', '0', '581000', null);
INSERT INTO `tb_penjualan_details` VALUES ('97', '50', '2', '1', '660000', '660000', '0', '0', '660000', null);
INSERT INTO `tb_penjualan_details` VALUES ('98', '50', '3', '1', '3612000', '3612000', '0', '0', '3612000', null);
INSERT INTO `tb_penjualan_details` VALUES ('99', '51', '1', '1', '581000', '581000', '0', '0', '581000', null);
INSERT INTO `tb_penjualan_details` VALUES ('100', '51', '2', '1', '660000', '660000', '0', '0', '660000', null);
INSERT INTO `tb_penjualan_details` VALUES ('101', '51', '3', '1', '3612000', '3612000', '0', '0', '3612000', null);
INSERT INTO `tb_penjualan_details` VALUES ('102', '52', '1', '1', '581000', '581000', '0', '0', '581000', null);
INSERT INTO `tb_penjualan_details` VALUES ('103', '52', '2', '1', '660000', '660000', '0', '0', '660000', null);
INSERT INTO `tb_penjualan_details` VALUES ('104', '52', '3', '1', '3612000', '3612000', '0', '0', '3612000', null);
INSERT INTO `tb_penjualan_details` VALUES ('105', '53', '1', '1', '581000', '581000', '0', '0', '581000', null);
INSERT INTO `tb_penjualan_details` VALUES ('106', '53', '2', '1', '660000', '660000', '0', '0', '660000', null);
INSERT INTO `tb_penjualan_details` VALUES ('107', '53', '3', '1', '3612000', '3612000', '0', '0', '3612000', null);
INSERT INTO `tb_penjualan_details` VALUES ('108', '54', '1', '1', '581000', '581000', '0', '0', '581000', null);
INSERT INTO `tb_penjualan_details` VALUES ('109', '54', '2', '1', '660000', '660000', '0', '0', '660000', null);
INSERT INTO `tb_penjualan_details` VALUES ('110', '54', '3', '1', '3612000', '3612000', '0', '0', '3612000', null);
INSERT INTO `tb_penjualan_details` VALUES ('111', '55', '1', '1', '581000', '581000', '0', '0', '581000', null);
INSERT INTO `tb_penjualan_details` VALUES ('112', '55', '2', '1', '660000', '660000', '0', '0', '660000', null);
INSERT INTO `tb_penjualan_details` VALUES ('113', '55', '3', '1', '3612000', '3612000', '0', '0', '3612000', null);
INSERT INTO `tb_penjualan_details` VALUES ('114', '56', '1', '1', '581000', '581000', '0', '0', '581000', null);
INSERT INTO `tb_penjualan_details` VALUES ('115', '56', '2', '1', '660000', '660000', '0', '0', '660000', null);
INSERT INTO `tb_penjualan_details` VALUES ('116', '56', '3', '1', '3612000', '3612000', '0', '0', '3612000', null);
INSERT INTO `tb_penjualan_details` VALUES ('117', '57', '1', '1', '581000', '581000', '0', '0', '581000', null);
INSERT INTO `tb_penjualan_details` VALUES ('118', '57', '2', '1', '660000', '660000', '0', '0', '660000', null);
INSERT INTO `tb_penjualan_details` VALUES ('119', '57', '3', '1', '3612000', '3612000', '0', '0', '3612000', null);
INSERT INTO `tb_penjualan_details` VALUES ('120', '58', '1', '1', '581000', '581000', '0', '0', '581000', null);
INSERT INTO `tb_penjualan_details` VALUES ('121', '58', '2', '1', '660000', '660000', '0', '0', '660000', null);
INSERT INTO `tb_penjualan_details` VALUES ('122', '58', '3', '1', '3612000', '3612000', '0', '0', '3612000', null);
INSERT INTO `tb_penjualan_details` VALUES ('123', '59', '1', '1', '581000', '581000', '0', '0', '581000', null);
INSERT INTO `tb_penjualan_details` VALUES ('124', '59', '2', '1', '660000', '660000', '0', '0', '660000', null);
INSERT INTO `tb_penjualan_details` VALUES ('125', '59', '3', '1', '3612000', '3612000', '0', '0', '3612000', null);
INSERT INTO `tb_penjualan_details` VALUES ('126', '60', '1', '1', '581000', '581000', '0', '0', '581000', null);
INSERT INTO `tb_penjualan_details` VALUES ('127', '60', '2', '1', '660000', '660000', '0', '0', '660000', null);
INSERT INTO `tb_penjualan_details` VALUES ('128', '60', '3', '1', '3612000', '3612000', '0', '0', '3612000', null);
INSERT INTO `tb_penjualan_details` VALUES ('129', '61', '1', '1', '581000', '581000', '0', '0', '581000', null);
INSERT INTO `tb_penjualan_details` VALUES ('130', '61', '2', '1', '660000', '660000', '0', '0', '660000', null);
INSERT INTO `tb_penjualan_details` VALUES ('131', '61', '3', '1', '3612000', '3612000', '0', '0', '3612000', null);
INSERT INTO `tb_penjualan_details` VALUES ('132', '62', '1', '1', '581000', '581000', '0', '0', '581000', null);
INSERT INTO `tb_penjualan_details` VALUES ('133', '62', '2', '1', '660000', '660000', '0', '0', '660000', null);
INSERT INTO `tb_penjualan_details` VALUES ('134', '62', '3', '1', '3612000', '3612000', '0', '0', '3612000', null);
INSERT INTO `tb_penjualan_details` VALUES ('135', '63', '1', '1', '581000', '581000', '0', '0', '581000', null);
INSERT INTO `tb_penjualan_details` VALUES ('136', '63', '2', '1', '660000', '660000', '0', '0', '660000', null);
INSERT INTO `tb_penjualan_details` VALUES ('137', '63', '3', '1', '3612000', '3612000', '0', '0', '3612000', null);
INSERT INTO `tb_penjualan_details` VALUES ('138', '64', '1', '1', '581000', '581000', '0', '0', '581000', null);
INSERT INTO `tb_penjualan_details` VALUES ('139', '64', '2', '1', '660000', '660000', '0', '0', '660000', null);
INSERT INTO `tb_penjualan_details` VALUES ('140', '64', '3', '1', '3612000', '3612000', '0', '0', '3612000', null);
INSERT INTO `tb_penjualan_details` VALUES ('141', '65', '1', '1', '581000', '581000', '0', '0', '581000', null);
INSERT INTO `tb_penjualan_details` VALUES ('142', '65', '2', '1', '660000', '660000', '0', '0', '660000', null);
INSERT INTO `tb_penjualan_details` VALUES ('143', '65', '3', '1', '3612000', '3612000', '0', '0', '3612000', null);
INSERT INTO `tb_penjualan_details` VALUES ('144', '66', '1', '1', '581000', '581000', '0', '0', '581000', null);
INSERT INTO `tb_penjualan_details` VALUES ('145', '66', '2', '1', '660000', '660000', '0', '0', '660000', null);
INSERT INTO `tb_penjualan_details` VALUES ('146', '66', '3', '1', '3612000', '3612000', '0', '0', '3612000', null);
INSERT INTO `tb_penjualan_details` VALUES ('147', '67', '1', '1', '581000', '581000', '0', '0', '581000', null);
INSERT INTO `tb_penjualan_details` VALUES ('148', '67', '2', '1', '660000', '660000', '0', '0', '660000', null);
INSERT INTO `tb_penjualan_details` VALUES ('149', '67', '3', '1', '3612000', '3612000', '0', '0', '3612000', null);
INSERT INTO `tb_penjualan_details` VALUES ('150', '68', '1', '1', '581000', '581000', '0', '0', '581000', null);
INSERT INTO `tb_penjualan_details` VALUES ('151', '68', '2', '1', '660000', '660000', '0', '0', '660000', null);
INSERT INTO `tb_penjualan_details` VALUES ('152', '68', '3', '1', '3612000', '3612000', '0', '0', '3612000', null);

-- ----------------------------
-- Table structure for t_bpbr
-- ----------------------------
DROP TABLE IF EXISTS `t_bpbr`;
CREATE TABLE `t_bpbr` (
  `bpbr_id` int(11) NOT NULL AUTO_INCREMENT,
  `m_cabang_id` int(11) DEFAULT NULL,
  `bpbr_nomor` varchar(255) DEFAULT NULL,
  `bpbr_tanggal` datetime DEFAULT NULL ON UPDATE CURRENT_TIMESTAMP,
  `t_retur_penjualan_id` int(11) DEFAULT NULL,
  `bpbr_catatan` text,
  `bpbr_pengecekan` datetime DEFAULT NULL,
  `bpbr_created_date` datetime DEFAULT NULL,
  `bpbr_created_by` varchar(255) DEFAULT NULL,
  `bpbr_updated_date` datetime DEFAULT NULL ON UPDATE CURRENT_TIMESTAMP,
  `bpbr_updated_by` varchar(255) DEFAULT NULL,
  `bpbr_revised` int(11) DEFAULT NULL,
  PRIMARY KEY (`bpbr_id`)
) ENGINE=MyISAM AUTO_INCREMENT=3 DEFAULT CHARSET=latin1;

-- ----------------------------
-- Records of t_bpbr
-- ----------------------------
INSERT INTO `t_bpbr` VALUES ('1', '1', 'BPBR20170300001', '2017-03-20 00:00:00', '1', 'Barang telah dicek', '2017-03-20 00:00:00', '2017-03-20 10:09:07', 'developer', '2017-03-20 10:09:07', null, '0');

-- ----------------------------
-- Table structure for t_bpbrdet
-- ----------------------------
DROP TABLE IF EXISTS `t_bpbrdet`;
CREATE TABLE `t_bpbrdet` (
  `bpbrdet_id` int(11) NOT NULL AUTO_INCREMENT,
  `t_retur_penjualandet_id` int(11) DEFAULT NULL,
  `t_bpbr_id` int(11) DEFAULT NULL,
  `bpbrdet_qty` decimal(20,2) DEFAULT '0.00',
  `bpbrdet_created_date` datetime DEFAULT NULL,
  `bpbrdet_created_by` varchar(255) DEFAULT NULL,
  `bpbrdet_updated_date` datetime DEFAULT NULL ON UPDATE CURRENT_TIMESTAMP,
  `bpbrdet_updated_by` varchar(255) DEFAULT NULL,
  `bpbrdet_revised` int(11) DEFAULT NULL,
  PRIMARY KEY (`bpbrdet_id`)
) ENGINE=MyISAM AUTO_INCREMENT=2 DEFAULT CHARSET=latin1;

-- ----------------------------
-- Records of t_bpbrdet
-- ----------------------------
INSERT INTO `t_bpbrdet` VALUES ('1', '1', '1', '20.00', '2017-03-20 10:09:07', 'developer', '2017-03-20 10:09:07', null, '0');

-- ----------------------------
-- Table structure for t_bukti_bank
-- ----------------------------
DROP TABLE IF EXISTS `t_bukti_bank`;
CREATE TABLE `t_bukti_bank` (
  `bukti_bank_id` int(11) NOT NULL AUTO_INCREMENT,
  `m_cabang_id` int(11) DEFAULT NULL,
  `bukti_bank_nomor` varchar(255) DEFAULT NULL,
  `bukti_bank_tanggal` datetime DEFAULT NULL ON UPDATE CURRENT_TIMESTAMP,
  `bukti_bank_lampiran` int(11) DEFAULT NULL,
  `bukti_bank_tipe` int(11) DEFAULT NULL COMMENT '1 Keluar, 2 Masuk',
  `m_partner_id` int(11) DEFAULT NULL,
  `bukti_bank_jumlah_bayar` decimal(20,2) DEFAULT NULL,
  `bukti_bank_catatan` varchar(255) DEFAULT NULL,
  `bukti_bank_status` int(11) DEFAULT NULL,
  `bukti_bank_created_date` datetime DEFAULT NULL,
  `bukti_bank_created_by` varchar(255) DEFAULT NULL,
  `bukti_bank_updated_date` datetime DEFAULT NULL ON UPDATE CURRENT_TIMESTAMP,
  `bukti_bank_updated_by` varchar(255) DEFAULT NULL,
  `bukti_bank_revised` int(11) DEFAULT NULL,
  PRIMARY KEY (`bukti_bank_id`)
) ENGINE=MyISAM AUTO_INCREMENT=6 DEFAULT CHARSET=latin1;

-- ----------------------------
-- Records of t_bukti_bank
-- ----------------------------
INSERT INTO `t_bukti_bank` VALUES ('1', '1', 'BK20170400001', '2017-04-10 00:00:00', '0', '1', '2', '36000000.00', 'Bukti bank keluar', '1', '2017-04-10 16:54:06', 'developer', '2017-04-10 16:54:06', null, '0');
INSERT INTO `t_bukti_bank` VALUES ('2', '1', 'BM20170400001', '2017-04-11 00:00:00', '0', '2', '1', '3250000.00', 'Bukti bank masuk', '1', '2017-04-11 11:23:23', 'developer', '2017-04-11 11:23:23', null, '0');
INSERT INTO `t_bukti_bank` VALUES ('3', '1', 'BK20170400002', '2017-04-12 00:00:00', '2', '1', '2', '40273500.00', '', '1', '2017-04-12 13:11:58', 'developer', '2017-04-12 13:11:58', null, '0');
INSERT INTO `t_bukti_bank` VALUES ('4', '1', 'BM20170400002', '2017-04-12 00:00:00', '2', '2', '10', '750000.00', '', '1', '2017-04-12 13:20:43', 'developer', '2017-04-12 13:20:43', null, '0');
INSERT INTO `t_bukti_bank` VALUES ('5', '1', 'BK20170400003', '2017-04-19 00:00:00', '0', '1', '1', '5000000.00', '', '1', '2017-04-19 16:45:27', 'developer', '2017-04-19 16:45:27', null, '0');

-- ----------------------------
-- Table structure for t_bukti_bankdet
-- ----------------------------
DROP TABLE IF EXISTS `t_bukti_bankdet`;
CREATE TABLE `t_bukti_bankdet` (
  `bukti_bankdet_id` int(11) NOT NULL AUTO_INCREMENT,
  `t_bukti_bank_id` int(11) DEFAULT NULL,
  `m_coa_id` int(11) DEFAULT NULL,
  `t_refrensi_id` int(11) DEFAULT NULL,
  `bukti_bankdet_jumlah` decimal(20,2) DEFAULT NULL,
  `bukti_bankdet_created_date` datetime DEFAULT NULL,
  `bukti_bankdet_created_by` varchar(255) DEFAULT NULL,
  `bukti_bankdet_updated_date` datetime DEFAULT NULL ON UPDATE CURRENT_TIMESTAMP,
  `bukti_bankdet_uppdated_by` varchar(255) DEFAULT NULL,
  `bukti_bankdet_revised` int(11) DEFAULT NULL,
  PRIMARY KEY (`bukti_bankdet_id`)
) ENGINE=MyISAM AUTO_INCREMENT=6 DEFAULT CHARSET=latin1;

-- ----------------------------
-- Records of t_bukti_bankdet
-- ----------------------------
INSERT INTO `t_bukti_bankdet` VALUES ('1', '1', '52', '1', '36000000.00', '2017-04-10 16:54:06', 'developer', '2017-04-10 16:54:06', null, '0');
INSERT INTO `t_bukti_bankdet` VALUES ('2', '2', '9', '1', '3250000.00', '2017-04-11 11:23:24', 'developer', '2017-04-11 11:23:24', null, '0');
INSERT INTO `t_bukti_bankdet` VALUES ('3', '3', '149', '1', '40273500.00', '2017-04-12 13:11:58', 'developer', '2017-04-12 13:11:58', null, '0');
INSERT INTO `t_bukti_bankdet` VALUES ('4', '4', '149', '4', '750000.00', '2017-04-12 13:20:43', 'developer', '2017-04-12 13:20:43', null, '0');
INSERT INTO `t_bukti_bankdet` VALUES ('5', '5', '47', '2', '5000000.00', '2017-04-19 16:45:27', 'developer', '2017-04-19 16:45:27', null, '0');

-- ----------------------------
-- Table structure for t_bukti_bgcek
-- ----------------------------
DROP TABLE IF EXISTS `t_bukti_bgcek`;
CREATE TABLE `t_bukti_bgcek` (
  `bukti_bgcek_id` int(11) NOT NULL AUTO_INCREMENT,
  `m_cabang_id` int(11) DEFAULT NULL,
  `bukti_bgcek_nomor` varchar(255) DEFAULT NULL,
  `bukti_bgcek_tanggal` datetime DEFAULT NULL ON UPDATE CURRENT_TIMESTAMP,
  `bukti_bgcek_tipe` int(11) DEFAULT NULL COMMENT '1 Keluar, 2 Masuk',
  `m_partner_id` int(11) DEFAULT NULL,
  `bukti_bgcek_jumlah_bayar` decimal(20,2) DEFAULT '0.00',
  `bukti_bgcek_jumlah_bayar_giro` decimal(20,2) DEFAULT '0.00',
  `bukti_bgcek_catatan` varchar(255) DEFAULT NULL,
  `bukti_bgcek_status` int(11) DEFAULT NULL,
  `bukti_bgcek_created_date` datetime DEFAULT NULL,
  `bukti_bgcek_created_by` varchar(255) DEFAULT NULL,
  `bukti_bgcek_updated_date` datetime DEFAULT NULL ON UPDATE CURRENT_TIMESTAMP,
  `bukti_bgcek_updated_by` varchar(255) DEFAULT NULL,
  `bukti_bgcek_revised` int(11) DEFAULT NULL,
  PRIMARY KEY (`bukti_bgcek_id`)
) ENGINE=MyISAM AUTO_INCREMENT=6 DEFAULT CHARSET=latin1;

-- ----------------------------
-- Records of t_bukti_bgcek
-- ----------------------------
INSERT INTO `t_bukti_bgcek` VALUES ('1', '1', 'BGM20170400001', '2017-04-11 16:16:42', '2', '1', '2650000.00', '2650000.00', 'BG/Cek Masuk', '1', '2017-04-11 15:37:23', 'developer', '2017-04-11 16:16:35', 'developer', '4');
INSERT INTO `t_bukti_bgcek` VALUES ('2', '1', 'BGM20170400002', '2017-04-11 00:00:00', '2', '1', '650000.00', '650000.00', '', '1', '2017-04-11 15:51:55', 'developer', '2017-04-11 15:51:55', null, '0');
INSERT INTO `t_bukti_bgcek` VALUES ('3', '1', 'BGK20170400001', '2017-04-12 13:06:24', '1', '2', '2000000.00', '2000000.00', '', '1', '2017-04-12 13:03:56', 'developer', '2017-04-12 13:06:14', 'developer', '1');
INSERT INTO `t_bukti_bgcek` VALUES ('4', '1', 'BGM20170400003', '2017-04-12 00:00:00', '2', '10', '200000.00', '200000.00', '', '1', '2017-04-12 13:05:05', 'developer', '2017-04-12 13:05:05', null, '0');
INSERT INTO `t_bukti_bgcek` VALUES ('5', '1', 'BGM20170400004', '2017-04-12 00:00:00', '2', '1', '500000.00', '500000.00', '', '1', '2017-04-12 13:28:27', 'developer', '2017-04-12 13:28:27', null, '0');

-- ----------------------------
-- Table structure for t_bukti_bgcekdet
-- ----------------------------
DROP TABLE IF EXISTS `t_bukti_bgcekdet`;
CREATE TABLE `t_bukti_bgcekdet` (
  `bukti_bgcekdet_id` int(11) NOT NULL AUTO_INCREMENT,
  `t_bukti_bgcek_id` int(11) DEFAULT NULL,
  `t_refrensi_id` int(11) DEFAULT NULL,
  `bukti_bgcekdet_jumlah` decimal(20,2) DEFAULT NULL,
  `bukti_bgcekdet_created_date` datetime DEFAULT NULL,
  `bukti_bgcekdet_created_by` varchar(255) DEFAULT NULL,
  `bukti_bgcekdet_updated_date` datetime DEFAULT NULL ON UPDATE CURRENT_TIMESTAMP,
  `bukti_bgcekdet_updated_by` varchar(255) DEFAULT NULL,
  `bukti_bgcekdet_revised` int(11) DEFAULT NULL,
  PRIMARY KEY (`bukti_bgcekdet_id`)
) ENGINE=MyISAM AUTO_INCREMENT=6 DEFAULT CHARSET=latin1;

-- ----------------------------
-- Records of t_bukti_bgcekdet
-- ----------------------------
INSERT INTO `t_bukti_bgcekdet` VALUES ('1', '1', '2', '2650000.00', '2017-04-11 15:37:23', 'developer', '2017-04-11 15:37:23', null, '0');
INSERT INTO `t_bukti_bgcekdet` VALUES ('2', '2', '2', '650000.00', '2017-04-11 15:51:55', 'developer', '2017-04-11 15:51:55', null, '0');
INSERT INTO `t_bukti_bgcekdet` VALUES ('3', '3', '1', '2000000.00', '2017-04-12 13:03:56', 'developer', '2017-04-12 13:03:56', null, '0');
INSERT INTO `t_bukti_bgcekdet` VALUES ('4', '4', '7', '200000.00', '2017-04-12 13:05:05', 'developer', '2017-04-12 13:05:05', null, '0');
INSERT INTO `t_bukti_bgcekdet` VALUES ('5', '5', '2', '500000.00', '2017-04-12 13:28:27', 'developer', '2017-04-12 13:28:27', null, '0');

-- ----------------------------
-- Table structure for t_bukti_bgcek_girodet
-- ----------------------------
DROP TABLE IF EXISTS `t_bukti_bgcek_girodet`;
CREATE TABLE `t_bukti_bgcek_girodet` (
  `bukti_bgcek_girodet_id` int(11) NOT NULL AUTO_INCREMENT,
  `t_bukti_bgcek_id` int(11) DEFAULT NULL,
  `bukti_bgcek_girodet_nomor` varchar(255) DEFAULT NULL,
  `bukti_bgcek_girodet_jatuh_tempo` date DEFAULT NULL,
  `bukti_bgcek_girodet_status` int(11) DEFAULT '1' COMMENT '0 Cair, 1 Belum',
  `bukti_bgcek_girodet_jumlah` decimal(20,2) DEFAULT NULL,
  `bukti_bgcek_girodet_created_date` datetime DEFAULT NULL,
  `bukti_bgcek_girodet_created_by` varchar(255) DEFAULT NULL,
  `bukti_bgcek_girodet_updated_date` datetime DEFAULT NULL ON UPDATE CURRENT_TIMESTAMP,
  `bukti_bgcek_girodet_updated_by` varchar(255) DEFAULT NULL,
  `bukti_bgcek_girodet_revised` int(11) DEFAULT NULL,
  PRIMARY KEY (`bukti_bgcek_girodet_id`)
) ENGINE=MyISAM AUTO_INCREMENT=10 DEFAULT CHARSET=latin1;

-- ----------------------------
-- Records of t_bukti_bgcek_girodet
-- ----------------------------
INSERT INTO `t_bukti_bgcek_girodet` VALUES ('1', '1', '12345', '2017-04-30', '0', '1500000.00', '2017-04-11 15:37:24', 'developer', '2017-04-11 16:16:35', 'developer', '2');
INSERT INTO `t_bukti_bgcek_girodet` VALUES ('2', '1', '54321', '2017-04-30', '1', '1150000.00', '2017-04-11 15:37:24', 'developer', '2017-04-11 16:16:36', 'developer', '2');
INSERT INTO `t_bukti_bgcek_girodet` VALUES ('3', '2', '324324242', '2017-04-19', '1', '100000.00', '2017-04-11 15:51:56', 'developer', '2017-04-11 15:51:56', null, '0');
INSERT INTO `t_bukti_bgcek_girodet` VALUES ('4', '2', '213121', '2017-04-20', '1', '550000.00', '2017-04-11 15:51:56', 'developer', '2017-04-11 15:51:56', null, '0');
INSERT INTO `t_bukti_bgcek_girodet` VALUES ('5', '3', '12345678', '2017-04-11', '0', '1000000.00', '2017-04-12 13:03:56', 'developer', '2017-04-12 13:06:14', 'developer', '1');
INSERT INTO `t_bukti_bgcek_girodet` VALUES ('6', '3', '123817387', '2017-04-18', '0', '1000000.00', '2017-04-12 13:03:57', 'developer', '2017-04-12 13:06:14', 'developer', '1');
INSERT INTO `t_bukti_bgcek_girodet` VALUES ('7', '4', '898718237', '2017-04-14', '1', '200000.00', '2017-04-12 13:05:05', 'developer', '2017-04-12 13:05:05', null, '0');
INSERT INTO `t_bukti_bgcek_girodet` VALUES ('8', '5', '192931', '2017-04-13', '1', '200000.00', '2017-04-12 13:28:27', 'developer', '2017-04-12 13:28:27', null, '0');
INSERT INTO `t_bukti_bgcek_girodet` VALUES ('9', '5', '12938918', '2017-04-19', '1', '300000.00', '2017-04-12 13:28:27', 'developer', '2017-04-12 13:28:27', null, '0');

-- ----------------------------
-- Table structure for t_bukti_kas
-- ----------------------------
DROP TABLE IF EXISTS `t_bukti_kas`;
CREATE TABLE `t_bukti_kas` (
  `bukti_kas_id` int(11) NOT NULL AUTO_INCREMENT,
  `m_cabang_id` int(11) DEFAULT NULL,
  `bukti_kas_nomor` varchar(255) DEFAULT NULL,
  `bukti_kas_tanggal` datetime DEFAULT NULL ON UPDATE CURRENT_TIMESTAMP,
  `bukti_kas_lampiran` int(11) DEFAULT NULL,
  `bukti_kas_tipe` int(11) DEFAULT NULL COMMENT '1 Keluar, 2 Masuk',
  `m_partner_id` int(11) DEFAULT NULL,
  `bukti_kas_jumlah_bayar` decimal(20,2) DEFAULT NULL,
  `bukti_kas_catatan` varchar(255) DEFAULT NULL,
  `bukti_kas_status` int(11) DEFAULT NULL,
  `bukti_kas_created_date` datetime DEFAULT NULL,
  `bukti_kas_created_by` varchar(255) DEFAULT NULL,
  `bukti_kas_updated_date` datetime DEFAULT NULL ON UPDATE CURRENT_TIMESTAMP,
  `bukti_kas_updated_by` varchar(255) DEFAULT NULL,
  `bukti_kas_revised` int(11) DEFAULT NULL,
  PRIMARY KEY (`bukti_kas_id`)
) ENGINE=MyISAM AUTO_INCREMENT=3 DEFAULT CHARSET=latin1;

-- ----------------------------
-- Records of t_bukti_kas
-- ----------------------------
INSERT INTO `t_bukti_kas` VALUES ('1', '1', 'KM20170400001', '2017-04-12 00:00:00', '2', '2', '10', '800.00', '', '1', '2017-04-12 13:16:37', 'developer', '2017-04-12 13:16:37', null, '0');
INSERT INTO `t_bukti_kas` VALUES ('2', '1', 'KM20170400002', '2017-04-12 00:00:00', '2', '2', '10', '800.00', '', '1', '2017-04-12 13:17:40', 'developer', '2017-04-12 13:17:40', null, '0');

-- ----------------------------
-- Table structure for t_bukti_kasdet
-- ----------------------------
DROP TABLE IF EXISTS `t_bukti_kasdet`;
CREATE TABLE `t_bukti_kasdet` (
  `bukti_kasdet_id` int(11) NOT NULL AUTO_INCREMENT,
  `t_bukti_kas_id` int(11) DEFAULT NULL,
  `m_coa_id` int(11) DEFAULT NULL,
  `t_refrensi_id` int(11) DEFAULT NULL,
  `bukti_kasdet_jumlah` decimal(20,2) DEFAULT NULL,
  `bukti_kasdet_created_date` datetime DEFAULT NULL,
  `bukti_kasdet_created_by` varchar(255) DEFAULT NULL,
  `bukti_kasdet_updated_date` datetime DEFAULT NULL ON UPDATE CURRENT_TIMESTAMP,
  `bukti_kasdet_uppdated_by` varchar(255) DEFAULT NULL,
  `bukti_kasdet_revised` int(11) DEFAULT NULL,
  PRIMARY KEY (`bukti_kasdet_id`)
) ENGINE=MyISAM DEFAULT CHARSET=latin1;

-- ----------------------------
-- Records of t_bukti_kasdet
-- ----------------------------

-- ----------------------------
-- Table structure for t_estimasi_penjualan
-- ----------------------------
DROP TABLE IF EXISTS `t_estimasi_penjualan`;
CREATE TABLE `t_estimasi_penjualan` (
  `estimasi_penjualan_id` int(11) NOT NULL AUTO_INCREMENT,
  `estimasi_penjualan_nomor` varchar(255) DEFAULT NULL,
  `estimasi_penjualan_periode` varchar(255) DEFAULT NULL,
  `estimasi_penjualan_status` varchar(255) DEFAULT NULL,
  `estimasi_penjualan_status_date` datetime DEFAULT NULL,
  `estimasi_penjualan_created_date` datetime DEFAULT NULL,
  `estimasi_penjualan_created_by` varchar(255) DEFAULT NULL,
  `estimasi_penjualan_update_date` datetime DEFAULT NULL ON UPDATE CURRENT_TIMESTAMP,
  `estimasi_penjualan_update_by` varchar(255) DEFAULT NULL,
  `estimasi_penjualan_revised` int(11) DEFAULT NULL,
  `m_cabang_id` int(11) DEFAULT NULL,
  PRIMARY KEY (`estimasi_penjualan_id`)
) ENGINE=MyISAM AUTO_INCREMENT=18 DEFAULT CHARSET=latin1;

-- ----------------------------
-- Records of t_estimasi_penjualan
-- ----------------------------
INSERT INTO `t_estimasi_penjualan` VALUES ('14', 'EST20170300004', '21/03/2017 - 31/03/2017', '5', '2017-03-21 13:18:51', '2017-03-21 13:15:59', 'developer', '2017-03-21 13:18:51', 'developer', '3', '1');
INSERT INTO `t_estimasi_penjualan` VALUES ('13', 'EST20170300003', '20/03/2017 - 21/03/2017', '5', '2017-03-20 13:44:11', '2017-03-20 13:34:04', 'developer', '2017-03-20 13:44:11', 'developer', '3', '1');
INSERT INTO `t_estimasi_penjualan` VALUES ('12', 'EST20170300002', '01/04/2017 - 14/04/2017', '1', null, '2017-03-15 15:35:08', 'developer', '2017-03-15 15:35:08', null, '0', '1');
INSERT INTO `t_estimasi_penjualan` VALUES ('11', 'EST20170300001', '17/03/2017 - 31/03/2017', '5', '2017-03-15 15:46:36', '2017-03-15 15:34:23', 'developer', '2017-03-15 15:46:36', 'developer', '3', '1');
INSERT INTO `t_estimasi_penjualan` VALUES ('15', 'EST20170300005', '21/03/2017 - 31/03/2017', '5', '2017-03-21 14:46:50', '2017-03-21 14:42:41', 'developer', '2017-03-21 14:46:50', 'developer', '3', '1');
INSERT INTO `t_estimasi_penjualan` VALUES ('16', 'EST20170400001', '03/04/2017 - 30/04/2017', '1', null, '2017-04-03 14:38:36', 'developer', '2017-04-03 14:38:36', null, '0', '1');
INSERT INTO `t_estimasi_penjualan` VALUES ('17', 'EST20170400002', '13/04/2017 - 30/04/2017', '5', '2017-04-17 10:12:35', '2017-04-13 16:19:39', 'developer', '2017-04-17 10:12:35', 'developer', '4', '1');

-- ----------------------------
-- Table structure for t_estimasi_penjualandet
-- ----------------------------
DROP TABLE IF EXISTS `t_estimasi_penjualandet`;
CREATE TABLE `t_estimasi_penjualandet` (
  `estimasi_penjualandet_id` int(11) NOT NULL AUTO_INCREMENT,
  `t_estimasi_penjualan_id` int(11) DEFAULT NULL,
  `m_barang_id` int(11) DEFAULT NULL,
  `estimasi_penjualandet_jumlah` int(255) DEFAULT NULL,
  `m_satuan_id` int(11) DEFAULT NULL,
  `estimasi_penjualandet_status` int(11) DEFAULT '0' COMMENT '0 Belum, 1 Realisasi',
  PRIMARY KEY (`estimasi_penjualandet_id`)
) ENGINE=MyISAM AUTO_INCREMENT=23 DEFAULT CHARSET=latin1;

-- ----------------------------
-- Records of t_estimasi_penjualandet
-- ----------------------------
INSERT INTO `t_estimasi_penjualandet` VALUES ('18', '14', '13', '10', null, '1');
INSERT INTO `t_estimasi_penjualandet` VALUES ('17', '13', '1', '500', null, '1');
INSERT INTO `t_estimasi_penjualandet` VALUES ('16', '13', '6', '1000', null, '1');
INSERT INTO `t_estimasi_penjualandet` VALUES ('15', '12', '4', '100', null, '0');
INSERT INTO `t_estimasi_penjualandet` VALUES ('14', '11', '7', '200', null, '1');
INSERT INTO `t_estimasi_penjualandet` VALUES ('13', '11', '2', '120', null, '1');
INSERT INTO `t_estimasi_penjualandet` VALUES ('12', '11', '1', '100', null, '1');
INSERT INTO `t_estimasi_penjualandet` VALUES ('19', '15', '13', '200', null, '1');
INSERT INTO `t_estimasi_penjualandet` VALUES ('20', '17', '7', '12', null, '1');
INSERT INTO `t_estimasi_penjualandet` VALUES ('21', '17', '656', '5', null, '1');
INSERT INTO `t_estimasi_penjualandet` VALUES ('22', '17', '4', '6', null, '1');

-- ----------------------------
-- Table structure for t_estimasi_penjualanlog
-- ----------------------------
DROP TABLE IF EXISTS `t_estimasi_penjualanlog`;
CREATE TABLE `t_estimasi_penjualanlog` (
  `estimasi_penjualanlog_id` int(11) NOT NULL AUTO_INCREMENT,
  `referensi_id` int(11) DEFAULT NULL,
  `estimasi_penjualanlog_status_dari` int(11) DEFAULT NULL,
  `estimasi_penjualanlog_status_ke` int(11) DEFAULT NULL,
  `estimasi_penjualanlog_status_update_date` datetime DEFAULT NULL ON UPDATE CURRENT_TIMESTAMP,
  `estimasi_penjualanlog_status_update_by` varchar(255) DEFAULT NULL,
  PRIMARY KEY (`estimasi_penjualanlog_id`)
) ENGINE=InnoDB AUTO_INCREMENT=28 DEFAULT CHARSET=latin1;

-- ----------------------------
-- Records of t_estimasi_penjualanlog
-- ----------------------------
INSERT INTO `t_estimasi_penjualanlog` VALUES ('12', '11', '1', '2', '2017-03-15 15:35:50', 'developer');
INSERT INTO `t_estimasi_penjualanlog` VALUES ('13', '11', '2', '3', '2017-03-15 15:39:56', 'developer');
INSERT INTO `t_estimasi_penjualanlog` VALUES ('14', '11', '3', '5', '2017-03-15 15:46:36', 'developer');
INSERT INTO `t_estimasi_penjualanlog` VALUES ('15', '13', '1', '2', '2017-03-20 13:36:43', 'developer');
INSERT INTO `t_estimasi_penjualanlog` VALUES ('16', '13', '2', '3', '2017-03-20 13:36:55', 'developer');
INSERT INTO `t_estimasi_penjualanlog` VALUES ('17', '13', '3', '5', '2017-03-20 13:44:11', 'developer');
INSERT INTO `t_estimasi_penjualanlog` VALUES ('18', '14', '1', '2', '2017-03-21 13:16:29', 'developer');
INSERT INTO `t_estimasi_penjualanlog` VALUES ('19', '14', '2', '3', '2017-03-21 13:16:39', 'developer');
INSERT INTO `t_estimasi_penjualanlog` VALUES ('20', '14', '3', '5', '2017-03-21 13:18:52', 'developer');
INSERT INTO `t_estimasi_penjualanlog` VALUES ('21', '15', '1', '2', '2017-03-21 14:43:22', 'developer');
INSERT INTO `t_estimasi_penjualanlog` VALUES ('22', '15', '2', '3', '2017-03-21 14:43:32', 'developer');
INSERT INTO `t_estimasi_penjualanlog` VALUES ('23', '15', '3', '5', '2017-03-21 14:46:51', 'developer');
INSERT INTO `t_estimasi_penjualanlog` VALUES ('24', '17', '1', '2', '2017-04-17 09:56:33', 'developer');
INSERT INTO `t_estimasi_penjualanlog` VALUES ('25', '17', '2', '3', '2017-04-17 09:56:48', 'developer');
INSERT INTO `t_estimasi_penjualanlog` VALUES ('26', '17', '3', '5', '2017-04-17 10:12:22', 'developer');
INSERT INTO `t_estimasi_penjualanlog` VALUES ('27', '17', '5', '5', '2017-04-17 10:12:35', 'developer');

-- ----------------------------
-- Table structure for t_faktur_penjualan
-- ----------------------------
DROP TABLE IF EXISTS `t_faktur_penjualan`;
CREATE TABLE `t_faktur_penjualan` (
  `faktur_penjualan_id` int(11) NOT NULL AUTO_INCREMENT,
  `m_cabang_id` int(11) DEFAULT NULL,
  `faktur_penjualan_nomor` varchar(255) DEFAULT NULL,
  `faktur_penjualan_tanggal` datetime DEFAULT NULL,
  `faktur_penjualan_jatuh_tempo` datetime DEFAULT NULL,
  `t_surat_jalan_id` int(11) DEFAULT NULL,
  `faktur_penjualan_sub_total` decimal(20,2) DEFAULT '0.00',
  `faktur_penjualan_potongan` decimal(20,2) DEFAULT '0.00',
  `faktur_penjualan_uang_muka` decimal(20,2) DEFAULT '0.00',
  `faktur_penjualan_total` decimal(20,2) DEFAULT '0.00',
  `faktur_penjualan_tujuan_transfer` text,
  `faktur_penjualan_status` tinyint(1) DEFAULT '1' COMMENT '0 Lunas, 1 Belum',
  `faktur_penjualan_status_pembayaran` int(1) DEFAULT '1',
  `faktur_penjualan_nominal_pembayaran` decimal(20,2) DEFAULT '0.00',
  `faktur_penjualan_created_date` datetime DEFAULT NULL,
  `faktur_penjualan_created_by` varchar(255) DEFAULT NULL,
  `faktur_penjualan_updated_date` datetime DEFAULT NULL ON UPDATE CURRENT_TIMESTAMP,
  `faktur_penjualan_updated_by` varchar(255) DEFAULT NULL,
  `faktur_penjualan_revised` int(11) DEFAULT NULL,
  PRIMARY KEY (`faktur_penjualan_id`)
) ENGINE=MyISAM AUTO_INCREMENT=11 DEFAULT CHARSET=latin1;

-- ----------------------------
-- Records of t_faktur_penjualan
-- ----------------------------
INSERT INTO `t_faktur_penjualan` VALUES ('1', '1', 'INV20170300001', '2017-03-19 00:00:00', '2017-03-31 00:00:00', '9', null, '0.00', '500000.00', '3500000.00', 'Rekening BCA', '1', '0', '3500000.00', '2017-03-19 21:10:38', 'developer', '2017-04-11 11:23:31', null, '0');
INSERT INTO `t_faktur_penjualan` VALUES ('2', '1', 'INV20170300002', '2017-03-23 00:00:00', '2017-03-23 00:00:00', '9', null, '100000.00', '1000000.00', '2650000.00', '[\"1\",\"3\"]', '1', '1', '0.00', '2017-03-23 11:11:31', 'developer', '2017-03-23 11:11:31', null, '0');
INSERT INTO `t_faktur_penjualan` VALUES ('3', '1', 'INV20170300003', '2017-03-30 00:00:00', '2017-03-30 00:00:00', '14', null, '4000.00', '100000.00', '130000.00', '[\"1\",\"4\"]', '1', '1', '0.00', '2017-03-30 11:01:24', 'developer', '2017-03-30 11:01:24', null, '0');
INSERT INTO `t_faktur_penjualan` VALUES ('4', '1', 'INV20170300004', '2017-03-30 00:00:00', '2017-03-30 00:00:00', '15', null, '40000.00', '800000.00', '1000000.00', '[\"1\",\"3\",\"4\"]', '1', '0', '1000000.00', '2017-03-30 15:50:22', 'developer', '2017-04-05 13:10:18', null, '0');
INSERT INTO `t_faktur_penjualan` VALUES ('5', '1', 'INV20170400001', '2017-04-05 00:00:00', '2017-04-05 00:00:00', '17', null, '0.00', '0.00', '18000.00', '[\"1\",\"4\"]', '1', '1', '0.00', '2017-04-05 11:27:09', 'developer', '2017-04-05 11:27:09', null, '0');
INSERT INTO `t_faktur_penjualan` VALUES ('6', '1', 'INV20170400002', '2017-04-12 00:00:00', '2017-05-02 00:00:00', '19', null, '0.00', '0.00', '100000.00', '[\"1\"]', '1', '1', '0.00', '2017-04-12 11:30:40', 'developer', '2017-04-12 11:33:15', 'developer', '1');
INSERT INTO `t_faktur_penjualan` VALUES ('7', '1', 'INV20170400003', '2017-04-12 00:00:00', '2017-04-22 00:00:00', '20', null, '0.00', '0.00', '1000000.00', '[\"1\"]', '1', '1', '750000.00', '2017-04-12 11:52:47', 'developer', '2017-04-12 13:20:53', null, '0');
INSERT INTO `t_faktur_penjualan` VALUES ('8', '1', 'INV20170400004', '2017-04-19 00:00:00', '2017-04-29 00:00:00', '22', null, '0.00', '0.00', '20000.00', '[\"1\"]', '1', '1', '0.00', '2017-04-19 10:52:20', 'developer', '2017-04-19 10:52:20', null, '0');
INSERT INTO `t_faktur_penjualan` VALUES ('10', '1', 'INV20170400005', '2017-04-19 00:00:00', '2017-05-19 00:00:00', '23', null, '0.00', '0.00', '50000.00', '[\"1\"]', '1', '1', '0.00', '2017-04-19 11:46:32', 'developer', '2017-04-19 11:46:32', null, '0');

-- ----------------------------
-- Table structure for t_faktur_penjualandet
-- ----------------------------
DROP TABLE IF EXISTS `t_faktur_penjualandet`;
CREATE TABLE `t_faktur_penjualandet` (
  `faktur_penjualandet_id` int(11) NOT NULL AUTO_INCREMENT,
  `t_po_customerdet_id` int(11) DEFAULT NULL,
  `t_faktur_penjualan_id` int(11) DEFAULT NULL,
  `faktur_penjualandet_discount` decimal(20,0) DEFAULT NULL,
  `faktur_penjualandet_created_date` datetime DEFAULT NULL,
  `faktur_penjualandet_created_by` varchar(255) DEFAULT NULL,
  `faktur_penjualandet_updated_date` datetime DEFAULT NULL ON UPDATE CURRENT_TIMESTAMP,
  `faktur_penjualandet_updated_by` varchar(255) DEFAULT NULL,
  `faktur_penjualandet_revised` int(11) DEFAULT NULL,
  PRIMARY KEY (`faktur_penjualandet_id`)
) ENGINE=MyISAM AUTO_INCREMENT=17 DEFAULT CHARSET=latin1;

-- ----------------------------
-- Records of t_faktur_penjualandet
-- ----------------------------
INSERT INTO `t_faktur_penjualandet` VALUES ('1', '1', '1', '0', '2017-03-19 21:10:38', 'developer', '2017-03-19 21:10:38', null, '0');
INSERT INTO `t_faktur_penjualandet` VALUES ('2', '2', '1', '0', '2017-03-19 21:10:38', 'developer', '2017-03-19 21:10:38', null, '0');
INSERT INTO `t_faktur_penjualandet` VALUES ('3', '1', '2', '10', '2017-03-23 11:11:31', 'developer', '2017-03-23 11:11:31', null, '0');
INSERT INTO `t_faktur_penjualandet` VALUES ('4', '2', '2', '5', '2017-03-23 11:11:32', 'developer', '2017-03-23 11:11:32', null, '0');
INSERT INTO `t_faktur_penjualandet` VALUES ('5', '3', '3', '5', '2017-03-30 11:01:25', 'developer', '2017-03-30 11:01:25', null, '0');
INSERT INTO `t_faktur_penjualandet` VALUES ('6', '4', '3', '0', '2017-03-30 11:01:25', 'developer', '2017-03-30 11:01:25', null, '0');
INSERT INTO `t_faktur_penjualandet` VALUES ('7', '13', '3', '0', '2017-03-30 11:01:25', 'developer', '2017-03-30 11:01:25', null, '0');
INSERT INTO `t_faktur_penjualandet` VALUES ('8', '9', '4', '5', '2017-03-30 15:50:23', 'developer', '2017-03-30 15:50:23', null, '0');
INSERT INTO `t_faktur_penjualandet` VALUES ('9', '10', '4', '0', '2017-03-30 15:50:23', 'developer', '2017-03-30 15:50:23', null, '0');
INSERT INTO `t_faktur_penjualandet` VALUES ('10', '13', '5', '10', '2017-04-05 11:27:10', 'developer', '2017-04-05 11:27:10', null, '0');
INSERT INTO `t_faktur_penjualandet` VALUES ('11', '24', '6', '0', '2017-04-12 11:30:40', 'developer', '2017-04-12 11:30:40', null, '0');
INSERT INTO `t_faktur_penjualandet` VALUES ('12', '25', '7', '0', '2017-04-12 11:52:47', 'developer', '2017-04-12 11:52:47', null, '0');
INSERT INTO `t_faktur_penjualandet` VALUES ('13', '33', '8', '0', '2017-04-19 10:52:21', 'developer', '2017-04-19 10:52:21', null, '0');
INSERT INTO `t_faktur_penjualandet` VALUES ('14', '33', '9', '0', '2017-04-19 10:52:22', 'developer', '2017-04-19 10:52:22', null, '0');
INSERT INTO `t_faktur_penjualandet` VALUES ('15', '28', '10', '0', '2017-04-19 11:46:33', 'developer', '2017-04-19 11:46:33', null, '0');
INSERT INTO `t_faktur_penjualandet` VALUES ('16', '29', '10', '0', '2017-04-19 11:46:33', 'developer', '2017-04-19 11:46:33', null, '0');

-- ----------------------------
-- Table structure for t_faktur_penjualan_ekspedisi
-- ----------------------------
DROP TABLE IF EXISTS `t_faktur_penjualan_ekspedisi`;
CREATE TABLE `t_faktur_penjualan_ekspedisi` (
  `faktur_penjualan_ekspedisi_id` int(11) NOT NULL AUTO_INCREMENT,
  `m_cabang_id` int(11) DEFAULT NULL,
  `faktur_penjualan_ekspedisi_nomor` varchar(255) DEFAULT NULL,
  `faktur_penjualan_ekspedisi_tanggal` datetime DEFAULT NULL,
  `t_faktur_penjualan_id` int(11) DEFAULT NULL,
  `faktur_penjualan_ekspedisi_total` decimal(20,2) DEFAULT '0.00',
  `faktur_penjualan_ekspedisi_status` tinyint(1) DEFAULT '1' COMMENT '0 Lunas, 1 Belum',
  `faktur_penjualan_ekspedisi_status_pembayaran` int(1) DEFAULT '1',
  `faktur_penjualan_ekspedisi_nominal_pembayaran` decimal(20,2) DEFAULT '0.00',
  `faktur_penjualan_ekspedisi_created_date` datetime DEFAULT NULL,
  `faktur_penjualan_ekspedisi_created_by` varchar(255) DEFAULT NULL,
  `faktur_penjualan_ekspedisi_updated_date` datetime DEFAULT NULL ON UPDATE CURRENT_TIMESTAMP,
  `faktur_penjualan_ekspedisi_updated_by` varchar(255) DEFAULT NULL,
  `faktur_penjualan_ekspedisi_revised` int(11) DEFAULT NULL,
  `faktur_penjualan_ekspedisi_alamat` text,
  `faktur_penjualan_ekspedisi_alamat_kirim` text,
  PRIMARY KEY (`faktur_penjualan_ekspedisi_id`)
) ENGINE=MyISAM DEFAULT CHARSET=latin1;

-- ----------------------------
-- Records of t_faktur_penjualan_ekspedisi
-- ----------------------------

-- ----------------------------
-- Table structure for t_jadwal_produksi
-- ----------------------------
DROP TABLE IF EXISTS `t_jadwal_produksi`;
CREATE TABLE `t_jadwal_produksi` (
  `jadwal_produksi_id` int(11) NOT NULL AUTO_INCREMENT,
  `jadwal_produksi_nomor` varchar(255) DEFAULT NULL,
  `jadwal_produksi_periode` varchar(255) DEFAULT NULL,
  `m_cabang_id` int(11) DEFAULT NULL,
  `jadwal_produksi_shift` varchar(255) DEFAULT NULL,
  `jadwal_produksi_jenis` varchar(255) DEFAULT NULL,
  `jadwal_produksi_kebutuhan` int(11) DEFAULT NULL,
  `t_estimasi_penjualan_id` int(11) DEFAULT NULL,
  `t_so_customer_id` int(11) DEFAULT NULL,
  `jadwal_produksi_status` varchar(255) DEFAULT NULL,
  `jadwal_produksi_status_date` datetime DEFAULT NULL,
  `jadwal_produksi_created_date` datetime DEFAULT NULL,
  `jadwal_produksi_created_by` varchar(255) DEFAULT NULL,
  `jadwal_produksi_update_date` datetime DEFAULT NULL ON UPDATE CURRENT_TIMESTAMP,
  `jadwal_produksi_update_by` varchar(255) DEFAULT NULL,
  `jadwal_produksi_revised` int(11) DEFAULT NULL,
  PRIMARY KEY (`jadwal_produksi_id`)
) ENGINE=MyISAM AUTO_INCREMENT=23 DEFAULT CHARSET=latin1;

-- ----------------------------
-- Records of t_jadwal_produksi
-- ----------------------------
INSERT INTO `t_jadwal_produksi` VALUES ('15', 'JP20170300004', '21/03/2017 - 31/03/2017', '1', '1', '3', '3', null, '2', '3', '2017-03-21 15:21:23', '2017-03-21 09:57:29', 'developer', '2017-03-21 15:21:23', 'developer', '2');
INSERT INTO `t_jadwal_produksi` VALUES ('13', 'JP20170300003', '20/03/2017 - 31/03/2017', '1', '3', '1', '1', '13', null, '3', '2017-03-20 13:52:34', '2017-03-20 13:44:11', 'developer', '2017-03-21 09:37:08', 'developer', '2');
INSERT INTO `t_jadwal_produksi` VALUES ('12', 'JP20170300002', '21/03/2017 - 22/03/2017', '1', '3', '3', '2', null, null, '1', '2017-03-20 15:11:44', '2017-03-15 16:02:36', 'developer', '2017-03-20 15:12:47', 'developer', '3');
INSERT INTO `t_jadwal_produksi` VALUES ('11', 'JP20170300001', '15/03/2017 - 31/03/2017', '1', '1', '2', '1', '11', null, '1', '2017-03-20 15:12:12', '2017-03-15 15:46:34', 'developer', '2017-03-20 15:12:12', 'developer', '2');
INSERT INTO `t_jadwal_produksi` VALUES ('16', 'JP20170300005', '21/03/2017 - 31/03/2017', '1', '1', '3', '1', '14', null, '3', '2017-03-21 13:28:58', '2017-03-21 13:18:50', 'developer', '2017-03-21 13:28:58', 'developer', '2');
INSERT INTO `t_jadwal_produksi` VALUES ('17', 'JP20170300006', '21/03/2017 - 31/03/2017', '1', '1', '3', '1', '15', null, '3', '2017-03-21 15:11:58', '2017-03-21 14:46:50', 'developer', '2017-03-21 15:11:58', 'developer', '5');
INSERT INTO `t_jadwal_produksi` VALUES ('18', 'JP20170400001', '13/04/2017 - 30/04/2017', '1', '1', '3', '2', null, null, '1', '2017-04-13 11:45:11', '2017-04-13 11:38:18', 'developer', '2017-04-13 11:45:11', 'developer', '1');
INSERT INTO `t_jadwal_produksi` VALUES ('19', 'JP20170400002', '13/04/2017 - 30/04/2017', '1', '1', '3', '2', null, null, '3', '2017-04-13 11:47:53', '2017-04-13 11:38:28', 'developer', '2017-04-13 11:47:53', 'developer', '2');
INSERT INTO `t_jadwal_produksi` VALUES ('20', 'JP20170400003', '13/04/2017 - 30/04/2017', '1', '1', '3', '2', null, null, '1', '2017-04-13 11:38:33', '2017-04-13 11:38:33', 'developer', '2017-04-13 11:38:33', null, '0');
INSERT INTO `t_jadwal_produksi` VALUES ('21', 'JP20170400004', '17/04/2017 - 30/04/2017', '1', '1', '5', '1', '17', null, '2', '2017-04-17 10:20:20', '2017-04-17 10:12:20', 'developer', '2017-04-17 10:20:20', 'developer', '1');
INSERT INTO `t_jadwal_produksi` VALUES ('22', 'JP20170400005', '17/04/2017 - 30/04/2017', '1', '1', '5', '1', '17', null, '1', '2017-04-17 10:12:35', '2017-04-17 10:12:35', 'developer', '2017-04-17 10:12:35', null, '0');

-- ----------------------------
-- Table structure for t_jadwal_produksidet
-- ----------------------------
DROP TABLE IF EXISTS `t_jadwal_produksidet`;
CREATE TABLE `t_jadwal_produksidet` (
  `jadwal_produksidet_id` int(11) NOT NULL AUTO_INCREMENT,
  `t_jadwal_produksi_id` int(11) DEFAULT NULL,
  `t_estimasi_penjualandet_id` int(11) DEFAULT NULL,
  `m_barang_id` int(11) DEFAULT NULL,
  `jadwal_produksidet_qty` decimal(20,2) DEFAULT '0.00',
  `jadwal_produksidet_total` decimal(20,0) DEFAULT '0',
  `jadwal_produksidet_keterangan` varchar(255) DEFAULT NULL,
  `jadwal_produksidet_status` int(11) DEFAULT NULL,
  `jadwal_produksidet_status_date` datetime DEFAULT NULL,
  `jadwal_produksidet_created_date` datetime DEFAULT NULL,
  `jadwal_produksidet_created_by` varchar(255) DEFAULT NULL,
  `jadwal_produksidet_update_date` datetime DEFAULT NULL,
  `jadwal_produksidet_update_by` varchar(255) DEFAULT NULL,
  `jadwal_produksidet_revised` int(11) DEFAULT NULL,
  PRIMARY KEY (`jadwal_produksidet_id`)
) ENGINE=MyISAM AUTO_INCREMENT=5 DEFAULT CHARSET=latin1;

-- ----------------------------
-- Records of t_jadwal_produksidet
-- ----------------------------
INSERT INTO `t_jadwal_produksidet` VALUES ('1', '1', '5', '1', '100.00', '1500', '-', '1', '2017-03-03 16:57:43', '2017-03-03 16:57:43', 'developer', '2017-03-03 16:57:43', null, '0');
INSERT INTO `t_jadwal_produksidet` VALUES ('2', '2', null, '1', null, null, null, '1', '2017-03-06 11:20:51', '2017-03-06 11:20:51', 'developer', '2017-03-06 11:20:51', null, '0');
INSERT INTO `t_jadwal_produksidet` VALUES ('3', '3', '6', '2', '250.00', '250', 'ket', '1', '2017-03-08 10:01:18', '2017-03-08 10:01:18', 'developer', '2017-03-08 10:01:18', null, '0');
INSERT INTO `t_jadwal_produksidet` VALUES ('4', '3', '7', '4', '16.00', '16', 'ket', '1', '2017-03-08 10:01:18', '2017-03-08 10:01:18', 'developer', '2017-03-08 10:01:18', null, '0');

-- ----------------------------
-- Table structure for t_jadwal_produksilog
-- ----------------------------
DROP TABLE IF EXISTS `t_jadwal_produksilog`;
CREATE TABLE `t_jadwal_produksilog` (
  `jadwal_produksilog_id` int(11) NOT NULL AUTO_INCREMENT,
  `referensi_id` int(11) DEFAULT NULL,
  `jadwal_produksilog_status_dari` int(11) DEFAULT NULL,
  `jadwal_produksilog_status_ke` int(11) DEFAULT NULL,
  `jadwal_produksilog_status_update_date` datetime DEFAULT NULL ON UPDATE CURRENT_TIMESTAMP,
  `jadwal_produksilog_status_update_by` varchar(255) DEFAULT NULL,
  PRIMARY KEY (`jadwal_produksilog_id`)
) ENGINE=InnoDB AUTO_INCREMENT=28 DEFAULT CHARSET=latin1;

-- ----------------------------
-- Records of t_jadwal_produksilog
-- ----------------------------
INSERT INTO `t_jadwal_produksilog` VALUES ('14', '13', '1', '2', '2017-03-20 13:49:45', 'developer');
INSERT INTO `t_jadwal_produksilog` VALUES ('15', '13', '2', '3', '2017-03-20 13:52:34', 'developer');
INSERT INTO `t_jadwal_produksilog` VALUES ('16', '12', '1', '2', '2017-03-20 15:10:23', 'developer');
INSERT INTO `t_jadwal_produksilog` VALUES ('17', '11', '1', '2', '2017-03-20 15:10:35', 'developer');
INSERT INTO `t_jadwal_produksilog` VALUES ('18', '16', '1', '2', '2017-03-21 13:22:40', 'developer');
INSERT INTO `t_jadwal_produksilog` VALUES ('19', '16', '2', '3', '2017-03-21 13:28:58', 'developer');
INSERT INTO `t_jadwal_produksilog` VALUES ('20', '17', '1', '2', '2017-03-21 14:57:43', 'developer');
INSERT INTO `t_jadwal_produksilog` VALUES ('21', '17', '1', '2', '2017-03-21 15:11:42', 'developer');
INSERT INTO `t_jadwal_produksilog` VALUES ('22', '17', '2', '3', '2017-03-21 15:11:58', 'developer');
INSERT INTO `t_jadwal_produksilog` VALUES ('23', '15', '1', '2', '2017-03-21 15:19:57', 'developer');
INSERT INTO `t_jadwal_produksilog` VALUES ('24', '15', '2', '3', '2017-03-21 15:21:23', 'developer');
INSERT INTO `t_jadwal_produksilog` VALUES ('25', '19', '1', '2', '2017-04-13 11:45:38', 'developer');
INSERT INTO `t_jadwal_produksilog` VALUES ('26', '19', '2', '3', '2017-04-13 11:47:53', 'developer');
INSERT INTO `t_jadwal_produksilog` VALUES ('27', '21', '1', '2', '2017-04-17 10:20:20', 'developer');

-- ----------------------------
-- Table structure for t_jadwal_produksi_akhirdet
-- ----------------------------
DROP TABLE IF EXISTS `t_jadwal_produksi_akhirdet`;
CREATE TABLE `t_jadwal_produksi_akhirdet` (
  `jadwal_produksi_akhirdet_id` int(11) NOT NULL AUTO_INCREMENT,
  `t_jadwal_produksi_id` int(11) DEFAULT NULL,
  `t_estimasi_penjualandet_id` int(11) DEFAULT NULL,
  `m_barang_id` int(11) DEFAULT NULL,
  `jadwal_produksi_akhirdet_total` decimal(20,2) DEFAULT '0.00',
  `jadwal_produksi_akhirdet_keterangan` text,
  `jadwal_produksi_akhirdet_status` int(11) DEFAULT NULL,
  `jadwal_produksi_akhirdet_status_date` datetime DEFAULT NULL,
  `jadwal_produksi_akhirdet_created_date` datetime DEFAULT NULL,
  `jadwal_produksi_akhirdet_created_by` varchar(255) DEFAULT NULL,
  `jadwal_produksi_akhirdet_update_date` datetime DEFAULT NULL,
  `jadwal_produksi_akhirdet_update_by` varchar(255) DEFAULT NULL,
  `jadwal_produksi_akhirdet_revised` int(11) DEFAULT NULL,
  PRIMARY KEY (`jadwal_produksi_akhirdet_id`)
) ENGINE=MyISAM AUTO_INCREMENT=32 DEFAULT CHARSET=latin1;

-- ----------------------------
-- Records of t_jadwal_produksi_akhirdet
-- ----------------------------
INSERT INTO `t_jadwal_produksi_akhirdet` VALUES ('7', '11', '13', '2', '120.00', 'B', '1', '2017-03-15 15:46:35', '2017-03-15 15:46:35', 'developer', '2017-03-15 15:46:35', null, '0');
INSERT INTO `t_jadwal_produksi_akhirdet` VALUES ('6', '11', '14', '7', '100.00', 'A', '1', '2017-03-15 15:46:35', '2017-03-15 15:46:35', 'developer', '2017-03-15 15:46:35', null, '0');
INSERT INTO `t_jadwal_produksi_akhirdet` VALUES ('8', '11', '12', '1', '100.00', 'C', '1', '2017-03-15 15:46:35', '2017-03-15 15:46:35', 'developer', '2017-03-15 15:46:35', null, '0');
INSERT INTO `t_jadwal_produksi_akhirdet` VALUES ('9', '12', '0', '2', '100.00', 'Barang A', '1', '2017-03-20 15:12:48', '2017-03-15 16:02:36', 'developer', '2017-03-20 15:12:48', 'developer', '1');
INSERT INTO `t_jadwal_produksi_akhirdet` VALUES ('10', '12', '0', '7', '50.00', 'Barang B', '1', '2017-03-20 15:12:48', '2017-03-15 16:02:36', 'developer', '2017-03-20 15:12:48', 'developer', '1');
INSERT INTO `t_jadwal_produksi_akhirdet` VALUES ('11', '13', '17', '1', '500.00', '', '1', '2017-03-20 13:44:11', '2017-03-20 13:44:11', 'developer', '2017-03-20 13:44:11', null, '0');
INSERT INTO `t_jadwal_produksi_akhirdet` VALUES ('12', '13', '16', '6', '1000.00', '', '1', '2017-03-20 13:44:11', '2017-03-20 13:44:11', 'developer', '2017-03-20 13:44:11', null, '0');
INSERT INTO `t_jadwal_produksi_akhirdet` VALUES ('13', '15', '5', '1', '1000.00', 'a', '1', '2017-03-21 09:57:29', '2017-03-21 09:57:29', 'developer', '2017-03-21 09:57:29', null, '0');
INSERT INTO `t_jadwal_produksi_akhirdet` VALUES ('14', '15', '6', '7', '500.00', 'b', '1', '2017-03-21 09:57:29', '2017-03-21 09:57:29', 'developer', '2017-03-21 09:57:29', null, '0');
INSERT INTO `t_jadwal_produksi_akhirdet` VALUES ('15', '16', '18', '13', '10.00', '', '1', '2017-03-21 13:18:50', '2017-03-21 13:18:50', 'developer', '2017-03-21 13:18:50', null, '0');
INSERT INTO `t_jadwal_produksi_akhirdet` VALUES ('16', '17', '19', '13', '200.00', '', '1', '2017-03-21 14:46:50', '2017-03-21 14:46:50', 'developer', '2017-03-21 14:46:50', null, '0');
INSERT INTO `t_jadwal_produksi_akhirdet` VALUES ('17', '18', '0', '7', '55.05', 'A', '1', '2017-04-13 11:38:19', '2017-04-13 11:38:19', 'developer', '2017-04-13 11:38:19', null, '0');
INSERT INTO `t_jadwal_produksi_akhirdet` VALUES ('18', '18', '0', '4', '25.05', 'b', '1', '2017-04-13 11:38:19', '2017-04-13 11:38:19', 'developer', '2017-04-13 11:38:19', null, '0');
INSERT INTO `t_jadwal_produksi_akhirdet` VALUES ('19', '18', '0', null, '0.00', '', '1', '2017-04-13 11:38:19', '2017-04-13 11:38:19', 'developer', '2017-04-13 11:38:19', null, '0');
INSERT INTO `t_jadwal_produksi_akhirdet` VALUES ('20', '19', '0', '7', '55.05', 'A', '1', '2017-04-13 11:38:29', '2017-04-13 11:38:29', 'developer', '2017-04-13 11:38:29', null, '0');
INSERT INTO `t_jadwal_produksi_akhirdet` VALUES ('21', '19', '0', '4', '25.05', 'b', '1', '2017-04-13 11:38:29', '2017-04-13 11:38:29', 'developer', '2017-04-13 11:38:29', null, '0');
INSERT INTO `t_jadwal_produksi_akhirdet` VALUES ('22', '19', '0', null, '0.00', '', '1', '2017-04-13 11:38:29', '2017-04-13 11:38:29', 'developer', '2017-04-13 11:38:29', null, '0');
INSERT INTO `t_jadwal_produksi_akhirdet` VALUES ('23', '20', '0', '7', '55.05', 'A', '1', '2017-04-13 11:38:33', '2017-04-13 11:38:33', 'developer', '2017-04-13 11:38:33', null, '0');
INSERT INTO `t_jadwal_produksi_akhirdet` VALUES ('24', '20', '0', '4', '25.05', 'b', '1', '2017-04-13 11:38:33', '2017-04-13 11:38:33', 'developer', '2017-04-13 11:38:33', null, '0');
INSERT INTO `t_jadwal_produksi_akhirdet` VALUES ('25', '20', '0', null, '0.00', '', '1', '2017-04-13 11:38:33', '2017-04-13 11:38:33', 'developer', '2017-04-13 11:38:33', null, '0');
INSERT INTO `t_jadwal_produksi_akhirdet` VALUES ('26', '21', '20', '7', '12.00', '', '1', '2017-04-17 10:12:20', '2017-04-17 10:12:20', 'developer', '2017-04-17 10:12:20', null, '0');
INSERT INTO `t_jadwal_produksi_akhirdet` VALUES ('27', '21', '21', '656', '5.00', '', '1', '2017-04-17 10:12:21', '2017-04-17 10:12:21', 'developer', '2017-04-17 10:12:21', null, '0');
INSERT INTO `t_jadwal_produksi_akhirdet` VALUES ('28', '21', '22', '4', '6.00', '', '1', '2017-04-17 10:12:21', '2017-04-17 10:12:21', 'developer', '2017-04-17 10:12:21', null, '0');
INSERT INTO `t_jadwal_produksi_akhirdet` VALUES ('29', '22', '20', '7', '12.00', '', '1', '2017-04-17 10:12:35', '2017-04-17 10:12:35', 'developer', '2017-04-17 10:12:35', null, '0');
INSERT INTO `t_jadwal_produksi_akhirdet` VALUES ('30', '22', '21', '656', '5.00', '', '1', '2017-04-17 10:12:35', '2017-04-17 10:12:35', 'developer', '2017-04-17 10:12:35', null, '0');
INSERT INTO `t_jadwal_produksi_akhirdet` VALUES ('31', '22', '22', '4', '6.00', '', '1', '2017-04-17 10:12:35', '2017-04-17 10:12:35', 'developer', '2017-04-17 10:12:35', null, '0');

-- ----------------------------
-- Table structure for t_jadwal_produksi_awaldet
-- ----------------------------
DROP TABLE IF EXISTS `t_jadwal_produksi_awaldet`;
CREATE TABLE `t_jadwal_produksi_awaldet` (
  `jadwal_produksi_awaldet_id` int(11) NOT NULL AUTO_INCREMENT,
  `t_jadwal_produksi_id` int(11) DEFAULT NULL,
  `m_barang_id` int(11) DEFAULT NULL,
  `jadwal_produksi_awaldet_no_seri` varchar(255) DEFAULT NULL,
  `jadwal_produksi_awaldet_qty` decimal(20,2) DEFAULT '0.00',
  `jadwal_produksi_awaldet_status` varchar(1) DEFAULT NULL,
  `jadwal_produksi_awaldet_status_date` datetime DEFAULT NULL,
  `jadwal_produksi_awaldet_created_date` datetime DEFAULT NULL,
  `jadwal_produksi_awaldet_created_by` varchar(255) DEFAULT NULL,
  `jadwal_produksi_awaldet_update_date` datetime DEFAULT NULL,
  `jadwal_produksi_awaldet_update_by` varchar(255) DEFAULT NULL,
  `jadwal_produksi_awaldet_revised` int(11) DEFAULT NULL,
  PRIMARY KEY (`jadwal_produksi_awaldet_id`)
) ENGINE=MyISAM AUTO_INCREMENT=24 DEFAULT CHARSET=latin1;

-- ----------------------------
-- Records of t_jadwal_produksi_awaldet
-- ----------------------------
INSERT INTO `t_jadwal_produksi_awaldet` VALUES ('10', '11', '1', 'NO20170267821I', '1.00', '1', '2017-03-15 15:46:34', '2017-03-15 15:46:34', 'developer', '2017-03-15 15:46:34', null, '0');
INSERT INTO `t_jadwal_produksi_awaldet` VALUES ('9', '11', '1', 'NO20170200215G', '1.00', '1', '2017-03-15 15:46:34', '2017-03-15 15:46:34', 'developer', '2017-03-15 15:46:34', null, '0');
INSERT INTO `t_jadwal_produksi_awaldet` VALUES ('11', '12', '1', 'NO20170200215G', '100.00', '1', '2017-03-20 15:12:47', '2017-03-15 16:02:36', 'developer', '2017-03-20 15:12:47', 'developer', '1');
INSERT INTO `t_jadwal_produksi_awaldet` VALUES ('12', '13', '5', '123', '10.00', '1', '2017-03-20 13:44:11', '2017-03-20 13:44:11', 'developer', '2017-03-20 13:44:11', null, '0');
INSERT INTO `t_jadwal_produksi_awaldet` VALUES ('14', '15', '5', 'weqweq2232', '100.00', '1', '2017-03-21 09:57:29', '2017-03-21 09:57:29', 'developer', '2017-03-21 09:57:29', null, '0');
INSERT INTO `t_jadwal_produksi_awaldet` VALUES ('15', '16', '8', null, '5175.00', '1', '2017-03-21 13:18:50', '2017-03-21 13:18:50', 'developer', '2017-03-21 13:18:50', null, '0');
INSERT INTO `t_jadwal_produksi_awaldet` VALUES ('16', '17', '8', null, '109.00', '1', '2017-03-21 14:46:50', '2017-03-21 14:46:50', 'developer', '2017-03-21 14:46:50', null, '0');
INSERT INTO `t_jadwal_produksi_awaldet` VALUES ('17', '18', '656', '14564', '25.00', '1', '2017-04-13 11:38:19', '2017-04-13 11:38:19', 'developer', '2017-04-13 11:38:19', null, '0');
INSERT INTO `t_jadwal_produksi_awaldet` VALUES ('18', '19', '656', '14564', '25.00', '1', '2017-04-13 11:38:28', '2017-04-13 11:38:28', 'developer', '2017-04-13 11:38:28', null, '0');
INSERT INTO `t_jadwal_produksi_awaldet` VALUES ('19', '20', '656', '14564', '25.00', '1', '2017-04-13 11:38:33', '2017-04-13 11:38:33', 'developer', '2017-04-13 11:38:33', null, '0');
INSERT INTO `t_jadwal_produksi_awaldet` VALUES ('20', '21', '656', '14564', '22.00', '1', '2017-04-17 10:12:20', '2017-04-17 10:12:20', 'developer', '2017-04-17 10:12:20', null, '0');
INSERT INTO `t_jadwal_produksi_awaldet` VALUES ('21', '21', '2', null, '12.00', '1', '2017-04-17 10:12:20', '2017-04-17 10:12:20', 'developer', '2017-04-17 10:12:20', null, '0');
INSERT INTO `t_jadwal_produksi_awaldet` VALUES ('22', '22', '656', '14564', '22.00', '1', '2017-04-17 10:12:35', '2017-04-17 10:12:35', 'developer', '2017-04-17 10:12:35', null, '0');
INSERT INTO `t_jadwal_produksi_awaldet` VALUES ('23', '22', '2', null, '12.00', '1', '2017-04-17 10:12:35', '2017-04-17 10:12:35', 'developer', '2017-04-17 10:12:35', null, '0');

-- ----------------------------
-- Table structure for t_jurnal
-- ----------------------------
DROP TABLE IF EXISTS `t_jurnal`;
CREATE TABLE `t_jurnal` (
  `jurnal_id` int(11) NOT NULL AUTO_INCREMENT,
  `jurnal_tanggal` datetime DEFAULT NULL,
  `m_cabang_id` int(11) NOT NULL,
  `m_coa_id` int(11) NOT NULL,
  `jurnal_refrensi_nomor` varchar(50) DEFAULT NULL,
  `jurnal_keterangan` text,
  `jurnal_debit` decimal(20,2) DEFAULT '0.00',
  `jurnal_kredit` decimal(20,2) DEFAULT '0.00',
  `jurnal_created_date` datetime NOT NULL,
  `jurnal_created_by` varchar(255) NOT NULL,
  `jurnal_updated_date` datetime DEFAULT NULL,
  `jurnal_updated_by` varchar(255) DEFAULT NULL,
  `jurnal_revised` int(11) DEFAULT '0',
  PRIMARY KEY (`jurnal_id`)
) ENGINE=InnoDB AUTO_INCREMENT=7 DEFAULT CHARSET=utf8;

-- ----------------------------
-- Records of t_jurnal
-- ----------------------------
INSERT INTO `t_jurnal` VALUES ('1', '2017-04-19 00:00:00', '1', '42', 'KAS20170400003', 'beli atk ', '100000.00', '0.00', '2017-04-19 15:58:13', 'developer', '2017-04-19 15:58:13', null, '0');
INSERT INTO `t_jurnal` VALUES ('2', '2017-04-19 00:00:00', '1', '42', 'KAS20170400003', 'beli atk ', '0.00', '100000.00', '2017-04-19 15:58:13', 'developer', '2017-04-19 15:58:13', null, '0');
INSERT INTO `t_jurnal` VALUES ('3', '2017-04-19 00:00:00', '1', '42', 'KAS20170400003', 'beli air mineral', '10000.00', '0.00', '2017-04-19 15:58:17', 'developer', '2017-04-19 15:58:17', null, '0');
INSERT INTO `t_jurnal` VALUES ('4', '2017-04-19 00:00:00', '1', '42', 'KAS20170400003', 'beli air mineral', '0.00', '10000.00', '2017-04-19 15:58:19', 'developer', '2017-04-19 15:58:19', null, '0');
INSERT INTO `t_jurnal` VALUES ('5', '2017-04-19 00:00:00', '1', '47', 'PR20170400002', 'Payment Request', '5000000.00', '0.00', '2017-04-19 16:45:28', 'developer', '2017-04-19 16:45:28', null, '0');
INSERT INTO `t_jurnal` VALUES ('6', '2017-04-19 00:00:00', '1', '47', 'BK20170400003', 'Bank Keluar', '0.00', '5000000.00', '2017-04-19 16:45:28', 'developer', '2017-04-19 16:45:28', null, '0');

-- ----------------------------
-- Table structure for t_kartu_stok
-- ----------------------------
DROP TABLE IF EXISTS `t_kartu_stok`;
CREATE TABLE `t_kartu_stok` (
  `kartu_stok_id` int(11) NOT NULL AUTO_INCREMENT,
  `m_gudang_id` int(11) NOT NULL,
  `m_barang_id` int(11) NOT NULL,
  `kartu_stok_tanggal` datetime NOT NULL,
  `kartu_stok_referensi` varchar(255) NOT NULL,
  `kartu_stok_saldo` decimal(20,2) NOT NULL DEFAULT '0.00',
  `kartu_stok_masuk` decimal(20,2) DEFAULT '0.00',
  `kartu_stok_keluar` decimal(20,2) DEFAULT '0.00',
  `kartu_stok_penyesuaian` decimal(20,2) DEFAULT '0.00',
  `kartu_stok_keterangan` text,
  `kartu_stok_created_date` varchar(255) NOT NULL,
  `kartu_stok_created_by` varchar(255) NOT NULL,
  `kartu_stok_update_date` datetime DEFAULT NULL ON UPDATE CURRENT_TIMESTAMP,
  `kartu_stok_update_by` varchar(255) DEFAULT NULL,
  `kartu_stok_revised` int(11) DEFAULT NULL,
  PRIMARY KEY (`kartu_stok_id`),
  KEY `stok_gudang` (`m_gudang_id`),
  KEY `stok_barang` (`m_barang_id`)
) ENGINE=InnoDB AUTO_INCREMENT=103 DEFAULT CHARSET=latin1;

-- ----------------------------
-- Records of t_kartu_stok
-- ----------------------------
INSERT INTO `t_kartu_stok` VALUES ('1', '1', '1', '2017-02-16 00:42:00', '-', '0.00', '0.00', '0.00', '100.00', 'Saldo Awal', '', '', null, null, null);
INSERT INTO `t_kartu_stok` VALUES ('2', '1', '2', '2017-02-16 00:42:22', '-', '0.00', '0.00', '0.00', '100.00', 'Saldo Awal', '', '', null, null, null);
INSERT INTO `t_kartu_stok` VALUES ('3', '2', '1', '2017-02-16 00:42:37', '-', '0.00', '0.00', '0.00', '100.00', 'Saldo Awal', '', '', null, null, null);
INSERT INTO `t_kartu_stok` VALUES ('4', '2', '2', '2017-02-16 00:42:50', '-', '0.00', '0.00', '0.00', '100.00', 'Saldo Awal', '', '', null, null, null);
INSERT INTO `t_kartu_stok` VALUES ('30', '2', '1', '2017-02-26 21:31:51', 'BKB20170200001', '100.00', '0.00', '25.00', '0.00', 'Permintaan BKB', '2017-02-26 21:31:51', 'developer', null, null, '0');
INSERT INTO `t_kartu_stok` VALUES ('31', '1', '1', '2017-02-26 21:31:51', 'BKB20170200001', '100.00', '25.00', '0.00', '0.00', 'Permintaan BKB', '2017-02-26 21:31:51', 'developer', null, null, '0');
INSERT INTO `t_kartu_stok` VALUES ('32', '2', '2', '2017-02-26 21:31:51', 'BKB20170200001', '100.00', '0.00', '25.00', '0.00', 'Permintaan BKB', '2017-02-26 21:31:51', 'developer', null, null, '0');
INSERT INTO `t_kartu_stok` VALUES ('33', '1', '2', '2017-02-26 21:31:52', 'BKB20170200001', '100.00', '25.00', '0.00', '0.00', 'Permintaan BKB', '2017-02-26 21:31:52', 'developer', null, null, '0');
INSERT INTO `t_kartu_stok` VALUES ('34', '2', '2', '2017-02-27 10:02:11', 'BPB20170200001', '75.00', '150.00', '0.00', '0.00', 'Penerimaan Barang', '2017-02-27 10:02:11', 'developer', null, null, '0');
INSERT INTO `t_kartu_stok` VALUES ('35', '2', '1', '2017-02-27 10:02:11', 'BPB20170200001', '75.00', '155.00', '0.00', '0.00', 'Penerimaan Barang', '2017-02-27 10:02:11', 'developer', null, null, '0');
INSERT INTO `t_kartu_stok` VALUES ('45', '2', '1', '2017-03-01 14:25:51', 'SJ20170300001', '75.00', '0.00', '20.00', '0.00', 'Surat Jalan Retur', '2017-03-01 14:25:51', 'developer', '2017-03-01 15:28:43', null, '0');
INSERT INTO `t_kartu_stok` VALUES ('48', '1', '1', '2017-03-01 15:48:16', 'BPBJ20170300001', '125.00', '100.00', '0.00', '0.00', 'Penerimaan Barang', '2017-03-01 15:48:16', 'developer', null, null, '0');
INSERT INTO `t_kartu_stok` VALUES ('49', '1', '2', '2017-03-01 15:48:16', 'BPBJ20170300001', '125.00', '50.00', '0.00', '0.00', 'Penerimaan Barang', '2017-03-01 15:48:16', 'developer', null, null, '0');
INSERT INTO `t_kartu_stok` VALUES ('50', '1', '1', '2017-03-01 16:34:01', 'BPBJ20170300001', '225.00', '100.00', '0.00', '0.00', 'Penerimaan Barang', '2017-03-01 16:34:01', 'developer', null, null, '0');
INSERT INTO `t_kartu_stok` VALUES ('51', '1', '2', '2017-03-01 16:34:03', 'BPBJ20170300001', '175.00', '50.00', '0.00', '0.00', 'Penerimaan Barang', '2017-03-01 16:34:03', 'developer', null, null, '0');
INSERT INTO `t_kartu_stok` VALUES ('52', '1', '5', '2017-03-04 00:49:20', '-', '0.00', '0.00', '0.00', '500.00', 'Saldo Awal', '', '', '2017-03-04 00:49:57', null, null);
INSERT INTO `t_kartu_stok` VALUES ('53', '1', '6', '2017-03-04 00:49:56', '-', '0.00', '0.00', '0.00', '500.00', 'Saldo Awal', '', '', null, null, null);
INSERT INTO `t_kartu_stok` VALUES ('54', '1', '5', '2017-03-04 04:25:58', 'PKB20170300001', '500.00', '0.00', '80.00', '0.00', 'Perhitungan Kebutuhan Bahan', '2017-03-04 04:25:58', 'developer', null, null, '0');
INSERT INTO `t_kartu_stok` VALUES ('55', '1', '6', '2017-03-04 04:25:58', 'PKB20170300001', '500.00', '0.00', '100.00', '0.00', 'Perhitungan Kebutuhan Bahan', '2017-03-04 04:25:58', 'developer', null, null, '0');
INSERT INTO `t_kartu_stok` VALUES ('56', '1', '1', '2017-03-04 04:30:46', 'PKB20170300001', '325.00', '100.00', '0.00', '0.00', 'Perhitungan Kebutuhan Bahan', '2017-03-04 04:30:46', 'developer', null, null, '0');
INSERT INTO `t_kartu_stok` VALUES ('57', '1', '1', '2017-03-04 04:30:46', 'PKB20170300001', '425.00', '100.00', '0.00', '0.00', 'Perhitungan Kebutuhan Bahan', '2017-03-04 04:30:46', 'developer', null, null, '0');
INSERT INTO `t_kartu_stok` VALUES ('58', '1', '1', '2017-03-04 09:28:46', 'BKB20170300001', '525.00', '0.00', '10.00', '0.00', 'Permintaan BKB', '2017-03-04 09:28:46', 'gudangbahan', null, null, '0');
INSERT INTO `t_kartu_stok` VALUES ('59', '2', '1', '2017-03-04 09:28:46', 'BKB20170300001', '55.00', '10.00', '0.00', '0.00', 'Permintaan BKB', '2017-03-04 09:28:46', 'gudangbahan', null, null, '0');
INSERT INTO `t_kartu_stok` VALUES ('60', '1', '1', '2017-03-04 10:54:32', 'BPB20170300001', '515.00', '149.00', '0.00', '0.00', 'Penerimaan Barang', '2017-03-04 10:54:32', 'developer', null, null, '0');
INSERT INTO `t_kartu_stok` VALUES ('62', '1', '5', '2017-03-07 10:02:14', 'PP20170300001', '420.00', '0.00', '10.00', '0.00', 'Pengubahan Bahan', '2017-03-07 10:02:14', 'developer', null, null, '0');
INSERT INTO `t_kartu_stok` VALUES ('64', '4', '1', '2017-03-07 15:51:39', 'ST20170300001', '0.00', '5.00', '0.00', '0.00', 'Serah Terima Produksi', '2017-03-07 15:51:39', 'developer', null, null, '0');
INSERT INTO `t_kartu_stok` VALUES ('65', '1', '6', '2017-03-07 22:42:40', 'PBRG20170300001', '400.00', '0.00', '12.00', '0.00', 'Pengembalian Barang Produksi', '2017-03-07 22:42:40', 'developer', null, null, '0');
INSERT INTO `t_kartu_stok` VALUES ('66', '4', '6', '2017-03-07 22:42:40', 'PBRG20170300001', '0.00', '12.00', '0.00', '0.00', 'Pengembalian Barang Produksi', '2017-03-07 22:42:40', 'developer', null, null, '0');
INSERT INTO `t_kartu_stok` VALUES ('67', '1', '5', '2017-03-08 09:03:56', 'BPB20170300003', '410.00', '7500.00', '0.00', '0.00', 'Penerimaan Barang', '2017-03-08 09:03:56', 'developer', null, null, '0');
INSERT INTO `t_kartu_stok` VALUES ('68', '1', '6', '2017-03-08 09:03:56', 'BPB20170300003', '388.00', '50.00', '0.00', '0.00', 'Penerimaan Barang', '2017-03-08 09:03:56', 'developer', null, null, '0');
INSERT INTO `t_kartu_stok` VALUES ('69', '1', '5', '2017-03-08 09:04:00', 'BPB20170300004', '7910.00', '7500.00', '0.00', '0.00', 'Penerimaan Barang', '2017-03-08 09:04:00', 'developer', null, null, '0');
INSERT INTO `t_kartu_stok` VALUES ('70', '1', '6', '2017-03-08 09:04:00', 'BPB20170300004', '438.00', '50.00', '0.00', '0.00', 'Penerimaan Barang', '2017-03-08 09:04:00', 'developer', null, null, '0');
INSERT INTO `t_kartu_stok` VALUES ('71', '1', '5', '2017-03-08 09:04:02', 'BPB20170300005', '15410.00', '7500.00', '0.00', '0.00', 'Penerimaan Barang', '2017-03-08 09:04:02', 'developer', null, null, '0');
INSERT INTO `t_kartu_stok` VALUES ('72', '1', '6', '2017-03-08 09:04:02', 'BPB20170300005', '488.00', '50.00', '0.00', '0.00', 'Penerimaan Barang', '2017-03-08 09:04:02', 'developer', null, null, '0');
INSERT INTO `t_kartu_stok` VALUES ('73', '1', '5', '2017-03-08 13:42:16', 'PB20170300001', '22910.00', '0.00', '10.00', '0.00', 'Pengubahan Bahan', '2017-03-08 13:42:16', 'developer', null, null, '0');
INSERT INTO `t_kartu_stok` VALUES ('74', '1', '5', '2017-03-08 14:19:11', 'PBRG20170300001', '22900.00', '0.00', '10.00', '0.00', 'Pengembalian Barang Produksi', '2017-03-08 14:19:11', 'developer', null, null, '0');
INSERT INTO `t_kartu_stok` VALUES ('75', '4', '5', '2017-03-08 14:19:12', 'PBRG20170300001', '0.00', '10.00', '0.00', '0.00', 'Pengembalian Barang Produksi', '2017-03-08 14:19:12', 'developer', null, null, '0');
INSERT INTO `t_kartu_stok` VALUES ('76', '1', '1', '2017-03-10 14:28:38', 'BPB20170300006', '664.00', '150.00', '0.00', '0.00', 'Penerimaan Barang', '2017-03-10 14:28:38', 'developer', null, null, '0');
INSERT INTO `t_kartu_stok` VALUES ('77', '1', '1', '2017-03-10 14:29:18', 'BPB20170300007', '814.00', '150.00', '0.00', '0.00', 'Penerimaan Barang', '2017-03-10 14:29:18', 'developer', null, null, '0');
INSERT INTO `t_kartu_stok` VALUES ('78', '6', '1', '2017-03-19 17:52:18', '-', '0.00', '0.00', '0.00', '100.00', 'Stok Awal', '2017-03-19 17:52:18', '', '2017-03-19 17:52:49', null, null);
INSERT INTO `t_kartu_stok` VALUES ('79', '6', '2', '2017-03-19 17:52:18', '-', '0.00', '0.00', '0.00', '200.00', 'Stok Awal', '2017-03-19 17:52:18', '', '2017-03-19 17:56:49', null, null);
INSERT INTO `t_kartu_stok` VALUES ('81', '6', '1', '2017-03-19 17:56:03', 'SO20170300001', '100.00', '0.00', '10.00', '0.00', 'SO Customer', '2017-03-19 17:56:03', 'developer', null, null, '0');
INSERT INTO `t_kartu_stok` VALUES ('82', '6', '2', '2017-03-19 17:56:03', 'SO20170300001', '200.00', '0.00', '20.00', '0.00', 'SO Customer', '2017-03-19 17:56:03', 'developer', null, null, '0');
INSERT INTO `t_kartu_stok` VALUES ('83', '6', '1', '2017-03-20 11:35:32', 'SO20170300002', '90.00', '0.00', '1000.00', '0.00', 'SO Customer', '2017-03-20 11:35:32', 'developer', null, null, '0');
INSERT INTO `t_kartu_stok` VALUES ('84', '6', '2', '2017-03-29 10:42:17', 'SO20170300003', '180.00', '0.00', '20.00', '0.00', 'SO Customer', '2017-03-29 10:42:17', 'developer', null, null, '0');
INSERT INTO `t_kartu_stok` VALUES ('85', '6', '2', '2017-03-29 10:42:17', 'SO20170300003', '160.00', '0.00', '10.00', '0.00', 'SO Customer', '2017-03-29 10:42:17', 'developer', null, null, '0');
INSERT INTO `t_kartu_stok` VALUES ('86', '6', '2', '2017-03-30 14:17:31', 'SO20170300005', '150.00', '0.00', '60.00', '0.00', 'SO Customer', '2017-03-30 14:17:31', 'developer', null, null, '0');
INSERT INTO `t_kartu_stok` VALUES ('87', '4', '6', '2017-04-03 11:19:33', 'BKB20170400002', '12.00', '0.00', '5.00', '0.00', 'Permintaan BKB', '2017-04-03 11:19:33', 'developer', null, null, '0');
INSERT INTO `t_kartu_stok` VALUES ('88', '1', '6', '2017-04-03 11:19:33', 'BKB20170400002', '538.00', '5.00', '0.00', '0.00', 'Permintaan BKB', '2017-04-03 11:19:33', 'developer', null, null, '0');
INSERT INTO `t_kartu_stok` VALUES ('91', '5', '32', '2017-04-03 14:33:27', 'BPB20170400008', '0.00', '100.00', '0.00', '0.00', 'Penerimaan Barang', '2017-04-03 14:33:27', 'developer', null, null, '0');
INSERT INTO `t_kartu_stok` VALUES ('92', '5', '32', '2017-04-03 14:33:28', 'BPB20170400008', '100.00', '230.00', '0.00', '0.00', 'Penerimaan Barang', '2017-04-03 14:33:28', 'developer', null, null, '0');
INSERT INTO `t_kartu_stok` VALUES ('93', '5', '32', '2017-04-03 14:33:28', 'BPB20170400008', '330.00', '300.00', '0.00', '0.00', 'Penerimaan Barang', '2017-04-03 14:33:28', 'developer', null, null, '0');
INSERT INTO `t_kartu_stok` VALUES ('94', '1', '6', '2017-04-03 14:55:01', 'SJ20170400001', '543.00', '0.00', '25.00', '0.00', 'Surat Jalan Retur', '2017-04-03 14:55:01', 'developer', null, null, '0');
INSERT INTO `t_kartu_stok` VALUES ('95', '4', '5', '2017-04-11 15:06:57', 'SJT20170400001', '10.00', '0.00', '10.00', '0.00', 'Transfer-Gudang-Keluar', '2017-04-11 15:06:57', 'developer', null, null, '0');
INSERT INTO `t_kartu_stok` VALUES ('96', '2', '2', '2017-04-12 11:09:07', 'SO20170400004', '225.00', '0.00', '100.00', '0.00', 'SO Customer', '2017-04-12 11:09:07', 'developer', null, null, '0');
INSERT INTO `t_kartu_stok` VALUES ('97', '2', '656', '2017-04-13 10:36:15', 'BPB20170400009', '0.00', '200.00', '0.00', '0.00', 'Penerimaan Barang', '2017-04-13 10:36:15', 'developer', null, null, '0');
INSERT INTO `t_kartu_stok` VALUES ('98', '2', '656', '2017-04-13 10:36:16', 'BPB20170400009', '200.00', '500.00', '0.00', '0.00', 'Penerimaan Barang', '2017-04-13 10:36:16', 'developer', null, null, '0');
INSERT INTO `t_kartu_stok` VALUES ('99', '1', '32', '2017-04-13 14:13:19', 'BPB20170400010', '0.00', '500.00', '0.00', '0.00', 'Penerimaan Barang', '2017-04-13 14:13:19', 'developer', null, null, '0');
INSERT INTO `t_kartu_stok` VALUES ('100', '1', '32', '2017-04-13 14:13:19', 'BPB20170400010', '500.00', '222.00', '0.00', '0.00', 'Penerimaan Barang', '2017-04-13 14:13:19', 'developer', null, null, '0');
INSERT INTO `t_kartu_stok` VALUES ('101', '1', '6', '2017-04-13 15:03:30', 'SJ20170400004', '518.00', '0.00', '25.00', '0.00', 'Surat Jalan Retur', '2017-04-13 15:03:30', 'developer', null, null, '0');
INSERT INTO `t_kartu_stok` VALUES ('102', '2', '656', '2017-04-20 11:32:34', 'SO20170400008', '200.00', '0.00', '10.00', '0.00', 'SO Customer', '2017-04-20 11:32:34', 'developer', null, null, '0');

-- ----------------------------
-- Table structure for t_keluar_barang
-- ----------------------------
DROP TABLE IF EXISTS `t_keluar_barang`;
CREATE TABLE `t_keluar_barang` (
  `keluar_barang_id` int(11) NOT NULL AUTO_INCREMENT,
  `m_cabang_id` int(11) DEFAULT NULL,
  `keluar_barang_nomor` varchar(255) NOT NULL,
  `keluar_barang_tanggal` datetime NOT NULL,
  `keluar_barang_jenis` int(255) NOT NULL,
  `m_gudang_id_permintaan` int(11) DEFAULT NULL,
  `m_gudang_id_tujuan` int(11) DEFAULT NULL,
  `m_departemen_id` int(255) NOT NULL,
  `keluar_barang_status` int(255) NOT NULL,
  `keluar_barang_status_date` datetime DEFAULT NULL ON UPDATE CURRENT_TIMESTAMP,
  `keluar_barang_penerima` varchar(255) DEFAULT NULL,
  `keluar_barang_penyerah` varchar(255) DEFAULT NULL,
  `keluar_barang_pembuat` varchar(255) DEFAULT NULL,
  `keluar_barang_printed` int(255) DEFAULT NULL,
  `keluar_barang_created_date` datetime NOT NULL,
  `keluar_barang_created_by` varchar(255) NOT NULL,
  `keluar_barang_update_date` datetime DEFAULT NULL ON UPDATE CURRENT_TIMESTAMP,
  `keluar_barang_update_by` varchar(0) DEFAULT NULL,
  `keluar_barang_revised` int(255) DEFAULT NULL,
  PRIMARY KEY (`keluar_barang_id`)
) ENGINE=InnoDB AUTO_INCREMENT=11 DEFAULT CHARSET=latin1;

-- ----------------------------
-- Records of t_keluar_barang
-- ----------------------------
INSERT INTO `t_keluar_barang` VALUES ('1', '1', 'BKB20170200001', '2017-02-26 00:00:00', '1', '1', '2', '2', '5', '2017-03-06 16:14:27', '7', '8', '1', null, '2017-02-26 21:18:37', 'developer', '2017-03-06 16:14:27', '', '4');
INSERT INTO `t_keluar_barang` VALUES ('2', '1', 'BKB20170300001', '2017-03-04 00:00:00', '1', '2', '1', '1', '4', '2017-03-04 09:28:46', null, '8', '7', null, '2017-03-04 09:00:58', 'gudangbahan', '2017-03-04 09:28:45', '', '2');
INSERT INTO `t_keluar_barang` VALUES ('3', '1', 'BKB20170300002', '2017-03-06 00:00:00', '1', '4', '4', '1', '1', '2017-03-06 14:16:28', null, '7', '1', null, '2017-03-06 14:10:09', 'developer', '2017-03-06 14:16:29', '', '1');
INSERT INTO `t_keluar_barang` VALUES ('4', '1', 'BKB20170300003', '2017-03-06 00:00:00', '1', '4', '4', '1', '1', '2017-03-06 15:58:33', null, null, '7', null, '2017-03-06 15:58:33', 'gudangbahan', '2017-03-06 15:58:33', null, '0');
INSERT INTO `t_keluar_barang` VALUES ('5', '1', 'BKB20170300004', '2017-03-06 00:00:00', '1', '4', '4', '1', '2', '2017-03-06 16:15:31', null, '7', '7', null, '2017-03-06 16:13:25', 'gudangbahan', '2017-03-06 16:15:31', '', '2');
INSERT INTO `t_keluar_barang` VALUES ('6', '1', 'BKB20170300005', '2017-03-07 00:00:00', '1', '4', '4', '2', '2', '2017-03-07 13:50:52', null, '7', '7', null, '2017-03-07 13:49:27', 'gudangbahan', '2017-03-07 13:50:52', '', '2');
INSERT INTO `t_keluar_barang` VALUES ('7', '1', 'BKB20170300006', '2017-03-13 00:00:00', '1', '1', '4', '1', '2', '2017-03-13 10:10:58', null, null, '1', null, '2017-03-13 10:10:23', 'developer', '2017-03-13 10:10:58', '', '1');
INSERT INTO `t_keluar_barang` VALUES ('8', '1', 'BKB20170400001', '2017-04-03 00:00:00', '1', '1', '5', '2', '2', '2017-04-13 14:58:01', null, null, '1', null, '2017-04-03 10:54:12', 'developer', '2017-04-13 14:58:01', '', '1');
INSERT INTO `t_keluar_barang` VALUES ('9', '1', 'BKB20170400002', '2017-04-03 00:00:00', '2', '1', '4', '1', '2', '2017-04-03 11:19:35', null, '8', '1', null, '2017-04-03 11:18:29', 'developer', '2017-04-03 11:19:33', '', '2');
INSERT INTO `t_keluar_barang` VALUES ('10', '1', 'BKB20170400003', '2017-04-13 00:00:00', '3', '2', '1', '2', '2', '2017-04-13 14:56:48', null, null, '1', null, '2017-04-13 11:07:13', 'developer', '2017-04-13 14:56:48', '', '1');

-- ----------------------------
-- Table structure for t_keluar_barangdet
-- ----------------------------
DROP TABLE IF EXISTS `t_keluar_barangdet`;
CREATE TABLE `t_keluar_barangdet` (
  `keluar_barangdet_id` int(11) NOT NULL AUTO_INCREMENT,
  `t_keluar_barang_id` int(11) DEFAULT NULL,
  `m_barang_id` int(11) DEFAULT NULL,
  `keluar_barangdet_qty` decimal(20,2) DEFAULT '0.00',
  `keluar_barangdet_qty_realisasi` decimal(20,2) DEFAULT '0.00',
  `keluar_barangdet_keterangan` varchar(255) DEFAULT NULL,
  `keluar_barangdet_status` int(11) DEFAULT NULL,
  `keluar_barangdet_status_date` datetime DEFAULT NULL,
  `keluar_barangdet_create_date` datetime DEFAULT NULL,
  `keluar_barangdet_create_by` varchar(255) DEFAULT NULL,
  `keluar_barangdet_update_date` datetime DEFAULT NULL ON UPDATE CURRENT_TIMESTAMP,
  `keluar_barangdet_update_by` varchar(255) DEFAULT NULL,
  `keluar_barangdet_revised` int(11) DEFAULT NULL,
  PRIMARY KEY (`keluar_barangdet_id`)
) ENGINE=InnoDB AUTO_INCREMENT=12 DEFAULT CHARSET=latin1;

-- ----------------------------
-- Records of t_keluar_barangdet
-- ----------------------------
INSERT INTO `t_keluar_barangdet` VALUES ('1', '1', '1', '25.00', '25.00', '-', '1', '2017-02-26 21:28:58', '2017-02-26 21:18:37', 'developer', '2017-02-26 21:31:51', 'developer', '2');
INSERT INTO `t_keluar_barangdet` VALUES ('2', '1', '2', '25.00', '25.00', '-', '1', '2017-02-26 21:28:58', '2017-02-26 21:18:37', 'developer', '2017-02-26 21:31:51', 'developer', '2');
INSERT INTO `t_keluar_barangdet` VALUES ('3', '2', '1', '10.00', '10.00', 'ket', '1', '2017-03-04 09:28:45', '2017-03-04 09:00:59', 'gudangbahan', '2017-03-04 09:28:45', 'gudangbahan', '1');
INSERT INTO `t_keluar_barangdet` VALUES ('4', '3', '1', null, '0.00', null, '0', '2017-03-06 14:10:10', '2017-03-06 14:10:10', 'developer', '2017-03-06 14:10:10', null, '0');
INSERT INTO `t_keluar_barangdet` VALUES ('5', '4', '5', '500.00', '0.00', 'UNTUK PRODUKSI', '0', '2017-03-06 15:58:33', '2017-03-06 15:58:33', 'gudangbahan', '2017-03-06 15:58:33', null, '0');
INSERT INTO `t_keluar_barangdet` VALUES ('6', '5', '6', null, '0.00', null, '0', '2017-03-06 16:13:25', '2017-03-06 16:13:25', 'gudangbahan', '2017-03-06 16:15:31', 'gudangbahan', '1');
INSERT INTO `t_keluar_barangdet` VALUES ('7', '6', '5', '250000.00', '0.00', 'UNTUK TALANG ROLL', '0', '2017-03-07 13:49:27', '2017-03-07 13:49:27', 'gudangbahan', '2017-03-07 13:50:52', 'gudangbahan', '1');
INSERT INTO `t_keluar_barangdet` VALUES ('8', '7', '5', '100000.00', '0.00', 'ket', '0', '2017-03-13 10:10:24', '2017-03-13 10:10:24', 'developer', '2017-03-13 10:10:24', null, '0');
INSERT INTO `t_keluar_barangdet` VALUES ('9', '8', '1', null, '0.00', null, '0', '2017-04-03 10:54:12', '2017-04-03 10:54:12', 'developer', '2017-04-03 10:54:12', null, '0');
INSERT INTO `t_keluar_barangdet` VALUES ('10', '9', '6', '5.00', '5.00', 'let', '0', '2017-04-03 11:18:29', '2017-04-03 11:18:29', 'developer', '2017-04-03 11:19:33', 'developer', '1');
INSERT INTO `t_keluar_barangdet` VALUES ('11', '10', '656', '55.50', '0.00', '-', '0', '2017-04-13 11:07:13', '2017-04-13 11:07:13', 'developer', '2017-04-13 11:07:13', null, '0');

-- ----------------------------
-- Table structure for t_keluar_baranglog
-- ----------------------------
DROP TABLE IF EXISTS `t_keluar_baranglog`;
CREATE TABLE `t_keluar_baranglog` (
  `keluar_baranglog_id` int(11) NOT NULL AUTO_INCREMENT,
  `referensi_id` int(11) DEFAULT NULL,
  `keluar_baranglog_status_dari` int(11) DEFAULT NULL,
  `keluar_baranglog_status_ke` int(11) DEFAULT NULL,
  `keluar_baranglog_status_update_date` datetime DEFAULT NULL ON UPDATE CURRENT_TIMESTAMP,
  `keluar_baranglog_status_update_by` varchar(255) DEFAULT NULL,
  PRIMARY KEY (`keluar_baranglog_id`)
) ENGINE=InnoDB AUTO_INCREMENT=12 DEFAULT CHARSET=latin1;

-- ----------------------------
-- Records of t_keluar_baranglog
-- ----------------------------
INSERT INTO `t_keluar_baranglog` VALUES ('1', '1', '1', '2', '2017-02-26 21:19:28', 'developer');
INSERT INTO `t_keluar_baranglog` VALUES ('2', '1', '2', '4', '2017-02-26 21:28:58', 'developer');
INSERT INTO `t_keluar_baranglog` VALUES ('3', '2', '1', '2', '2017-03-04 09:02:16', 'gudangbahan');
INSERT INTO `t_keluar_baranglog` VALUES ('4', '2', '2', '4', '2017-03-04 09:28:45', 'gudangbahan');
INSERT INTO `t_keluar_baranglog` VALUES ('5', '1', '4', '5', '2017-03-06 16:14:27', 'gudangbahan');
INSERT INTO `t_keluar_baranglog` VALUES ('6', '5', '1', '2', '2017-03-06 16:14:57', 'gudangbahan');
INSERT INTO `t_keluar_baranglog` VALUES ('7', '6', '1', '2', '2017-03-07 13:50:18', 'gudangbahan');
INSERT INTO `t_keluar_baranglog` VALUES ('8', '7', '1', '2', '2017-03-13 10:10:58', 'developer');
INSERT INTO `t_keluar_baranglog` VALUES ('9', '9', '1', '2', '2017-04-03 11:18:59', 'developer');
INSERT INTO `t_keluar_baranglog` VALUES ('10', '10', '1', '2', '2017-04-13 14:56:48', 'developer');
INSERT INTO `t_keluar_baranglog` VALUES ('11', '8', '1', '2', '2017-04-13 14:58:01', 'developer');

-- ----------------------------
-- Table structure for t_ketidaksesuaian_spesifikasi
-- ----------------------------
DROP TABLE IF EXISTS `t_ketidaksesuaian_spesifikasi`;
CREATE TABLE `t_ketidaksesuaian_spesifikasi` (
  `ketidaksesuaian_spesifikasi_id` int(11) NOT NULL AUTO_INCREMENT,
  `ketidaksesuaian_spesifikasi_nomor` varchar(255) DEFAULT NULL,
  `t_jadwal_produksi_id` int(11) DEFAULT NULL,
  `m_cabang_id` int(11) DEFAULT NULL,
  `ketidaksesuaian_spesifikasi_tanggal` datetime DEFAULT NULL,
  `ketidaksesuaian_spesifikasi_mesin` varchar(255) DEFAULT NULL,
  `ketidaksesuaian_spesifikasi_operator` varchar(255) DEFAULT NULL,
  `ketidaksesuaian_spesifikasi_created_date` datetime DEFAULT NULL ON UPDATE CURRENT_TIMESTAMP,
  `ketidaksesuaian_spesifikasi_created_by` varchar(255) DEFAULT NULL,
  `ketidaksesuaian_spesifikasi_update_date` datetime DEFAULT NULL ON UPDATE CURRENT_TIMESTAMP,
  `ketidaksesuaian_spesifikasi_update_by` varchar(255) DEFAULT NULL,
  `ketidaksesuaian_spesifikasi_revised` varchar(255) DEFAULT NULL,
  PRIMARY KEY (`ketidaksesuaian_spesifikasi_id`)
) ENGINE=MyISAM AUTO_INCREMENT=8 DEFAULT CHARSET=latin1;

-- ----------------------------
-- Records of t_ketidaksesuaian_spesifikasi
-- ----------------------------
INSERT INTO `t_ketidaksesuaian_spesifikasi` VALUES ('1', 'FKS20170300001', '1', '1', '2017-03-04 00:00:00', 'Mesin 1', '7', '2017-03-04 06:13:02', 'developer', '2017-03-04 06:13:02', null, '0');
INSERT INTO `t_ketidaksesuaian_spesifikasi` VALUES ('2', 'FKS20170300002', '3', '1', '2017-03-08 00:00:00', 'genteng', '10', '2017-03-08 13:24:21', 'developer', '2017-03-08 13:24:21', null, '0');
INSERT INTO `t_ketidaksesuaian_spesifikasi` VALUES ('6', 'FKS20170300006', '7', '1', '2017-03-11 00:00:00', 'Mesin 1', '7', '2017-03-11 04:49:48', 'developer', '2017-03-11 04:49:48', null, '0');
INSERT INTO `t_ketidaksesuaian_spesifikasi` VALUES ('7', 'FKS20170300007', '8', '1', '2017-03-21 00:00:00', 'tes', '10', '2017-03-21 16:09:22', 'developer', '2017-03-21 16:09:22', null, '0');

-- ----------------------------
-- Table structure for t_ketidaksesuaian_spesifikasidet
-- ----------------------------
DROP TABLE IF EXISTS `t_ketidaksesuaian_spesifikasidet`;
CREATE TABLE `t_ketidaksesuaian_spesifikasidet` (
  `ketidaksesuaian_spesifikasidet_id` int(11) NOT NULL AUTO_INCREMENT,
  `t_ketidaksesuaian_spesifikasi_id` int(11) DEFAULT NULL,
  `ketidaksesuaian_spesifikasidet_time` varchar(255) DEFAULT NULL,
  `ketidaksesuaian_spesifikasidet_qty` decimal(20,2) DEFAULT '0.00',
  `t_jadwal_produksidet_id` int(11) DEFAULT NULL,
  `ketidaksesuaian_spesifikasidet_komplain` varchar(255) DEFAULT NULL,
  `ketidaksesuaian_spesifikasidet_tindakan` varchar(255) DEFAULT NULL,
  `ketidaksesuaian_spesifikasidet_keterangan` varchar(255) DEFAULT NULL,
  `m_barang_id` int(11) DEFAULT NULL,
  PRIMARY KEY (`ketidaksesuaian_spesifikasidet_id`)
) ENGINE=MyISAM AUTO_INCREMENT=10 DEFAULT CHARSET=latin1;

-- ----------------------------
-- Records of t_ketidaksesuaian_spesifikasidet
-- ----------------------------
INSERT INTO `t_ketidaksesuaian_spesifikasidet` VALUES ('1', '1', '6:00 AM', '5.00', null, 'Barang tidak sesuai ukuran', 'Dijadikan barang baru', '-', null);
INSERT INTO `t_ketidaksesuaian_spesifikasidet` VALUES ('2', '1', '6:00 AM', '2.00', null, 'Salah pemotongan', 'Barang dibuang', '-', null);
INSERT INTO `t_ketidaksesuaian_spesifikasidet` VALUES ('3', '2', '9:30 AM', '33.00', null, 'adrdr', 'ardara', 'arar', null);
INSERT INTO `t_ketidaksesuaian_spesifikasidet` VALUES ('4', '4', '4:40 AM', '11.00', '5', 'Barang Rusak', 'Tidak ada', '-', '5');
INSERT INTO `t_ketidaksesuaian_spesifikasidet` VALUES ('5', '5', '4:40 AM', '11.00', '5', 'Barang Rusak', 'Tidak ada', '-', '5');
INSERT INTO `t_ketidaksesuaian_spesifikasidet` VALUES ('6', '6', '4:40 AM', '11.00', '5', 'Barang Rusak', 'Tidak ada', '-', '5');
INSERT INTO `t_ketidaksesuaian_spesifikasidet` VALUES ('7', '6', '4:40 AM', '20.00', '6', 'Barang ---', 'Tidak ada', '-', '6');
INSERT INTO `t_ketidaksesuaian_spesifikasidet` VALUES ('8', '7', '4:03 PM', '6.00', '3', 'problem', 'tindakan', 'ket', '1');
INSERT INTO `t_ketidaksesuaian_spesifikasidet` VALUES ('9', '7', '3:03 PM', '3.00', '4', 'problem', 'tindakan', 'ket', '6');

-- ----------------------------
-- Table structure for t_ketidaksesuaian_spesifikasilog
-- ----------------------------
DROP TABLE IF EXISTS `t_ketidaksesuaian_spesifikasilog`;
CREATE TABLE `t_ketidaksesuaian_spesifikasilog` (
  `ketidaksesuaian_spesifikasilog_id` int(11) NOT NULL AUTO_INCREMENT,
  `referensi_id` int(11) DEFAULT NULL,
  `ketidaksesuaian_spesifikasilog_status_dari` int(11) DEFAULT NULL,
  `ketidaksesuaian_spesifikasilog_status_ke` int(11) DEFAULT NULL,
  `ketidaksesuaian_spesifikasilog_status_update_date` datetime DEFAULT NULL ON UPDATE CURRENT_TIMESTAMP,
  `ketidaksesuaian_spesifikasilog_status_update_by` varchar(255) DEFAULT NULL,
  PRIMARY KEY (`ketidaksesuaian_spesifikasilog_id`)
) ENGINE=InnoDB DEFAULT CHARSET=latin1;

-- ----------------------------
-- Records of t_ketidaksesuaian_spesifikasilog
-- ----------------------------

-- ----------------------------
-- Table structure for t_mutasi_bankkas
-- ----------------------------
DROP TABLE IF EXISTS `t_mutasi_bankkas`;
CREATE TABLE `t_mutasi_bankkas` (
  `mutasi_bankkas_id` int(11) NOT NULL AUTO_INCREMENT,
  `mutasi_bankkas_nomor` varchar(50) DEFAULT NULL,
  `mutasi_bankkas_tanggal` datetime DEFAULT NULL,
  `mutasi_bankkas_tipe` int(11) DEFAULT NULL COMMENT '1 bank kas, 2 kas bank, 3 bank bank',
  `mutasi_bankkas_refrensi_id1` int(11) DEFAULT NULL,
  `mutasi_bankkas_refrensi_id2` int(11) DEFAULT NULL,
  `mutasi_bankkas_nominal` decimal(20,2) DEFAULT NULL,
  `mutasi_bankkas_keterangan` text,
  `mutasi_bankkas_created_date` datetime NOT NULL,
  `mutasi_bankkas_created_by` varchar(255) NOT NULL,
  `mutasi_bankkas_updated_date` datetime DEFAULT NULL,
  `mutasi_bankkas_updated_by` varchar(255) DEFAULT NULL,
  `mutasi_bankkas_revised` int(11) DEFAULT '0',
  PRIMARY KEY (`mutasi_bankkas_id`)
) ENGINE=InnoDB AUTO_INCREMENT=6 DEFAULT CHARSET=utf8;

-- ----------------------------
-- Records of t_mutasi_bankkas
-- ----------------------------
INSERT INTO `t_mutasi_bankkas` VALUES ('1', 'TR20170400001', '2017-04-18 00:00:00', '1', '1', '1', '500000.00', '-', '2017-04-18 12:44:05', 'developer', '2017-04-18 12:44:05', null, '0');
INSERT INTO `t_mutasi_bankkas` VALUES ('2', 'TR20170400002', '2017-04-18 00:00:00', '1', '1', '1', '10000.00', '', '2017-04-18 15:36:25', 'developer', '2017-04-18 15:36:25', null, '0');
INSERT INTO `t_mutasi_bankkas` VALUES ('3', 'TR20170400003', '2017-04-18 00:00:00', '2', '1', '1', '20000.00', '', '2017-04-18 15:37:20', 'developer', '2017-04-18 15:37:20', null, '0');
INSERT INTO `t_mutasi_bankkas` VALUES ('4', 'TR20170400004', '2017-04-18 00:00:00', '3', '1', '3', '100000.00', '', '2017-04-18 15:38:20', 'developer', '2017-04-18 15:38:20', null, '0');
INSERT INTO `t_mutasi_bankkas` VALUES ('5', 'TR20170400005', '2017-04-19 00:00:00', '1', '1', '2', '100000.00', '', '2017-04-19 16:14:22', 'developer', '2017-04-19 16:14:22', null, '0');

-- ----------------------------
-- Table structure for t_nota_debet
-- ----------------------------
DROP TABLE IF EXISTS `t_nota_debet`;
CREATE TABLE `t_nota_debet` (
  `nota_debet_id` int(11) NOT NULL AUTO_INCREMENT,
  `nota_debet_nomor` varchar(255) DEFAULT NULL,
  `nota_debet_tanggal` varchar(255) DEFAULT NULL,
  `t_retur_pembelian_id` int(11) DEFAULT NULL,
  `m_cabang_id` int(11) DEFAULT NULL,
  `m_partner_id` int(11) DEFAULT NULL,
  `m_gudang_id` int(11) DEFAULT NULL,
  `nota_debet_subtotal` decimal(20,2) DEFAULT '0.00',
  `nota_debet_ppn` decimal(20,2) DEFAULT '0.00' COMMENT 'diisi nominal presentase',
  `nota_debet_total` decimal(20,2) DEFAULT '0.00',
  `nota_debet_metode_pembayaran` int(11) DEFAULT NULL COMMENT '0 Saldo, 1 Transfer',
  `nota_debet_catatan` varchar(255) DEFAULT NULL,
  `nota_debet_status` int(255) NOT NULL,
  `nota_debet_status_date` datetime DEFAULT NULL ON UPDATE CURRENT_TIMESTAMP,
  `nota_debet_status_pembayaran` int(11) DEFAULT '1' COMMENT '0 Lunas, 1 Belum Lunas',
  `nota_debet_nominal_pembayaran` decimal(20,2) DEFAULT '0.00',
  `nota_debet_printed` int(255) DEFAULT NULL,
  `nota_debet_created_date` datetime NOT NULL,
  `nota_debet_created_by` varchar(255) NOT NULL,
  `nota_debet_update_date` datetime DEFAULT NULL ON UPDATE CURRENT_TIMESTAMP,
  `nota_debet_update_by` varchar(0) DEFAULT NULL,
  `nota_debet_revised` int(255) DEFAULT NULL,
  PRIMARY KEY (`nota_debet_id`)
) ENGINE=MyISAM AUTO_INCREMENT=5 DEFAULT CHARSET=latin1;

-- ----------------------------
-- Records of t_nota_debet
-- ----------------------------
INSERT INTO `t_nota_debet` VALUES ('1', 'NOTADEB20170200001', '2017-02-28', '1', '1', '2', '2', '2600000.00', '0.00', '2600000.00', '0', 'Nota Retur', '3', '2017-04-12 12:57:46', '1', '0.00', null, '2017-02-28 07:02:17', 'developer', '2017-04-12 12:57:46', '', '6');
INSERT INTO `t_nota_debet` VALUES ('2', 'NOTADEB20170300001', '2017-03-04', '2', '1', '2', '1', '118180.00', '0.00', '118180.00', '0', 'catatan', '1', '2017-04-10 13:54:48', '1', '0.00', null, '2017-03-04 11:06:14', 'developer', '2017-04-10 13:54:48', null, '0');
INSERT INTO `t_nota_debet` VALUES ('3', 'NOTADEB20170400001', '2017-04-03', '5', '1', '2', '1', '49500.00', '0.00', '49500.00', '0', 'asdad', '3', '2017-04-12 13:12:08', '0', '49500.00', null, '2017-04-03 14:53:16', 'developer', '2017-04-12 13:12:08', '', '2');
INSERT INTO `t_nota_debet` VALUES ('4', 'NOTADEB20170400002', '2017-04-13', '4', '1', '2', '1', '2583067500.00', '0.00', '2583067500.00', '0', '', '1', '2017-04-13 14:36:37', '1', '0.00', null, '2017-04-13 14:36:37', 'developer', '2017-04-13 14:36:37', null, '0');

-- ----------------------------
-- Table structure for t_nota_debetdet
-- ----------------------------
DROP TABLE IF EXISTS `t_nota_debetdet`;
CREATE TABLE `t_nota_debetdet` (
  `nota_debetdet_id` int(11) NOT NULL AUTO_INCREMENT,
  `t_nota_debet_id` int(11) DEFAULT NULL,
  `t_retur_pembelian_id` int(11) DEFAULT NULL,
  `m_barang_id` int(11) DEFAULT NULL,
  `nota_debetdet_qty` decimal(20,2) DEFAULT '0.00',
  `nota_debetdet_harga_satuan` decimal(20,2) DEFAULT '0.00',
  `nota_debetdet_potongan` decimal(20,2) DEFAULT '0.00',
  `nota_debetdet_total` decimal(20,2) DEFAULT '0.00',
  `nota_debetdet_status` int(255) DEFAULT NULL,
  `nota_debetdet_status_date` datetime DEFAULT NULL,
  `nota_debetdet_create_date` datetime DEFAULT NULL,
  `nota_debetdet_created_date` datetime NOT NULL,
  `nota_debetdet_created_by` varchar(255) NOT NULL,
  `nota_debetdet_update_date` datetime DEFAULT NULL ON UPDATE CURRENT_TIMESTAMP,
  `nota_debetdet_update_by` varchar(0) DEFAULT NULL,
  `nota_debetdet_revised` int(255) DEFAULT NULL,
  PRIMARY KEY (`nota_debetdet_id`)
) ENGINE=MyISAM AUTO_INCREMENT=6 DEFAULT CHARSET=latin1;

-- ----------------------------
-- Records of t_nota_debetdet
-- ----------------------------
INSERT INTO `t_nota_debetdet` VALUES ('1', '1', '1', '1', '20.00', '130000.00', '0.00', '2600000.00', '1', '2017-02-28 07:02:17', null, '2017-02-28 07:02:17', 'developer', '2017-02-28 07:02:17', null, '0');
INSERT INTO `t_nota_debetdet` VALUES ('2', '2', '2', '1', '10.00', '11818.00', '0.00', '118180.00', '1', '2017-03-04 11:06:15', null, '2017-03-04 11:06:15', 'developer', '2017-03-04 11:06:15', null, '0');
INSERT INTO `t_nota_debetdet` VALUES ('3', '3', '5', '6', '25.00', '2000.00', '500.00', '49950.00', '1', '2017-04-03 14:53:16', null, '2017-04-03 14:53:16', 'developer', '2017-04-03 14:53:16', null, '0');
INSERT INTO `t_nota_debetdet` VALUES ('4', '4', '4', '5', '7500.00', '344409.00', '0.00', '2583067500.00', '1', '2017-04-13 14:36:37', null, '2017-04-13 14:36:37', 'developer', '2017-04-13 14:36:37', null, '0');
INSERT INTO `t_nota_debetdet` VALUES ('5', '4', '4', '6', '7500.00', '0.00', '0.00', '0.00', '1', '2017-04-13 14:36:37', null, '2017-04-13 14:36:37', 'developer', '2017-04-13 14:36:37', null, '0');

-- ----------------------------
-- Table structure for t_nota_debetlog
-- ----------------------------
DROP TABLE IF EXISTS `t_nota_debetlog`;
CREATE TABLE `t_nota_debetlog` (
  `nota_debetlog_id` int(11) NOT NULL AUTO_INCREMENT,
  `referensi_id` int(11) DEFAULT NULL,
  `nota_debetlog_status_dari` int(11) DEFAULT NULL,
  `nota_debetlog_status_ke` int(11) DEFAULT NULL,
  `nota_debetlog_status_update_date` datetime DEFAULT NULL ON UPDATE CURRENT_TIMESTAMP,
  `nota_debetlog_status_update_by` varchar(255) DEFAULT NULL,
  PRIMARY KEY (`nota_debetlog_id`)
) ENGINE=InnoDB AUTO_INCREMENT=5 DEFAULT CHARSET=latin1;

-- ----------------------------
-- Records of t_nota_debetlog
-- ----------------------------
INSERT INTO `t_nota_debetlog` VALUES ('1', '1', '1', '2', '2017-02-28 10:05:08', 'developer');
INSERT INTO `t_nota_debetlog` VALUES ('2', '1', '2', '3', '2017-02-28 10:11:27', 'developer');
INSERT INTO `t_nota_debetlog` VALUES ('3', '3', '1', '2', '2017-04-03 14:53:33', 'developer');
INSERT INTO `t_nota_debetlog` VALUES ('4', '3', '2', '3', '2017-04-03 14:53:45', 'developer');

-- ----------------------------
-- Table structure for t_nota_kredit
-- ----------------------------
DROP TABLE IF EXISTS `t_nota_kredit`;
CREATE TABLE `t_nota_kredit` (
  `nota_kredit_id` int(11) NOT NULL AUTO_INCREMENT,
  `m_cabang_id` int(11) DEFAULT NULL,
  `nota_kredit_jenis` int(11) DEFAULT NULL COMMENT '0 Retur Jual, 1 BPBR',
  `referensi_id` int(11) DEFAULT NULL,
  `nota_kredit_nomor` varchar(255) DEFAULT NULL,
  `nota_kredit_tanggal` datetime DEFAULT NULL,
  `nota_kredit_netto` decimal(20,2) DEFAULT '0.00',
  `nota_kredit_potongan_harga` decimal(20,2) DEFAULT '0.00',
  `nota_kredit_uang_muka` decimal(20,2) DEFAULT '0.00',
  `nota_kredit_ppn` decimal(20,2) DEFAULT '0.00',
  `nota_kredit_total` decimal(20,2) DEFAULT '0.00',
  `nota_kredit_catatan` text,
  `nota_kredit_status_pembayaran` int(11) DEFAULT '1',
  `nota_kredit_nominal_pembayaran` decimal(20,2) DEFAULT '0.00',
  `nota_kredit_created_date` datetime DEFAULT NULL,
  `nota_kredit_created_by` varchar(255) DEFAULT NULL,
  `nota_kredit_updated_date` datetime DEFAULT NULL ON UPDATE CURRENT_TIMESTAMP,
  `nota_kredit_updated_by` varchar(255) DEFAULT NULL,
  `nota_kredit_revised` int(11) DEFAULT NULL,
  PRIMARY KEY (`nota_kredit_id`)
) ENGINE=MyISAM AUTO_INCREMENT=4 DEFAULT CHARSET=latin1;

-- ----------------------------
-- Records of t_nota_kredit
-- ----------------------------
INSERT INTO `t_nota_kredit` VALUES ('2', '1', '1', '1', 'NOTARET20170300002', '2017-03-20 00:00:00', '2000000.00', '200000.00', '0.00', '10.00', '1980000.00', '-', '1', '0.00', '2017-03-20 10:33:35', 'developer', '2017-04-11 10:33:25', null, '0');
INSERT INTO `t_nota_kredit` VALUES ('3', '1', '0', '3', 'NOTARET20170300003', '2017-03-30 00:00:00', '0.00', '0.00', '0.00', '10.00', '0.00', '-', '1', '0.00', '2017-03-30 16:46:36', 'developer', '2017-03-30 16:46:36', null, '0');

-- ----------------------------
-- Table structure for t_nota_kreditdet
-- ----------------------------
DROP TABLE IF EXISTS `t_nota_kreditdet`;
CREATE TABLE `t_nota_kreditdet` (
  `nota_kreditdet_id` int(11) NOT NULL AUTO_INCREMENT,
  `m_barang_id` int(11) DEFAULT NULL,
  `t_nota_kredit_id` int(11) DEFAULT NULL,
  `nota_kreditdet_qty` decimal(20,2) DEFAULT '0.00',
  `nota_kreditdet_harga_satuan` decimal(20,2) DEFAULT '0.00',
  `nota_kreditdet_discount` decimal(20,2) DEFAULT '0.00',
  `nota_kreditdet_created_date` datetime DEFAULT NULL,
  `nota_kreditdet_created_by` varchar(255) DEFAULT NULL,
  `nota_kreditdet_updated_date` datetime DEFAULT NULL ON UPDATE CURRENT_TIMESTAMP,
  `nota_kreditdet_updated_by` varchar(255) DEFAULT NULL,
  `nota_kreditdet_revised` int(11) DEFAULT NULL,
  PRIMARY KEY (`nota_kreditdet_id`)
) ENGINE=MyISAM AUTO_INCREMENT=4 DEFAULT CHARSET=latin1;

-- ----------------------------
-- Records of t_nota_kreditdet
-- ----------------------------
INSERT INTO `t_nota_kreditdet` VALUES ('1', '2', '1', '20.00', '150000.00', '0.00', '2017-03-20 04:43:11', 'developer', '2017-03-20 04:43:11', null, '0');
INSERT INTO `t_nota_kreditdet` VALUES ('2', '2', '2', '20.00', '100000.00', '0.00', '2017-03-20 10:33:35', 'developer', '2017-03-20 10:33:35', null, '0');
INSERT INTO `t_nota_kreditdet` VALUES ('3', '2', '3', '10.00', '0.00', '0.00', '2017-03-30 16:46:36', 'developer', '2017-03-30 16:46:36', null, '0');

-- ----------------------------
-- Table structure for t_order
-- ----------------------------
DROP TABLE IF EXISTS `t_order`;
CREATE TABLE `t_order` (
  `order_id` int(11) NOT NULL AUTO_INCREMENT,
  `order_nomor` varchar(255) DEFAULT NULL,
  `order_tanggal` datetime DEFAULT NULL,
  `order_referensi_id` int(11) DEFAULT NULL,
  `m_cabang_id` int(255) DEFAULT NULL,
  `order_type` char(1) DEFAULT NULL COMMENT '0 : purchase order, 1 : work order',
  `m_supplier_id` int(11) DEFAULT NULL,
  `order_nama_dikirim` varchar(255) DEFAULT NULL,
  `order_alamat_dikirim` varchar(255) DEFAULT NULL,
  `order_hp_fax` varchar(255) DEFAULT NULL,
  `order_subtotal` decimal(20,2) DEFAULT '0.00',
  `order_ppn` decimal(20,2) DEFAULT '0.00' COMMENT 'diisi nominal presentase',
  `order_total` decimal(20,2) DEFAULT '0.00',
  `order_tanggal_kirim` datetime DEFAULT NULL,
  `order_pembayaran` int(255) DEFAULT NULL,
  `order_dp` float DEFAULT '0',
  `order_top` int(11) DEFAULT NULL,
  `order_status` int(255) DEFAULT NULL,
  `order_status_date` datetime DEFAULT NULL,
  `order_status_pembayaran` int(1) DEFAULT '1' COMMENT '0 Selesai, 1 Belum',
  `order_nominal_pembayaran` decimal(20,2) DEFAULT '0.00',
  `order_printed` int(255) DEFAULT NULL,
  `order_created_date` datetime NOT NULL,
  `order_created_by` varchar(255) NOT NULL,
  `order_update_date` datetime DEFAULT NULL ON UPDATE CURRENT_TIMESTAMP,
  `order_update_by` varchar(0) DEFAULT NULL,
  `order_revised` int(255) DEFAULT NULL,
  PRIMARY KEY (`order_id`)
) ENGINE=MyISAM AUTO_INCREMENT=18 DEFAULT CHARSET=latin1;

-- ----------------------------
-- Records of t_order
-- ----------------------------
INSERT INTO `t_order` VALUES ('1', 'PO20170200001', '2017-02-27 00:00:00', '1', '1', '0', '2', 'Jasa Web', 'Surabaya', '-', '41250000.00', '0.00', '41250000.00', '2017-02-27 00:00:00', '0', '0', '0', '-2', '2017-04-13 13:44:36', '1', '0.00', null, '2017-02-27 09:29:50', 'developer', '2017-04-13 13:44:36', '', '6');
INSERT INTO `t_order` VALUES ('8', 'WO20170200001', '2017-02-28 00:00:00', '5', '1', '1', '2', 'Michelle', '-', '01131', '11750000.00', '10.00', '12925000.00', '2017-02-28 00:00:00', '0', '0', null, '3', '2017-02-28 10:19:46', '1', '0.00', null, '2017-02-28 10:19:46', 'developer', '2017-04-03 10:00:35', '', '3');
INSERT INTO `t_order` VALUES ('9', 'PO20170300001', '2017-03-04 00:00:00', '6', '1', '0', '2', 'ffd', 'dfdd', '4554545', '1500000.00', '0.00', '1500000.00', '2017-04-20 00:00:00', '0', '0', null, '3', '2017-03-04 10:52:23', '1', '0.00', null, '2017-03-04 10:51:47', 'developer', '2017-04-07 12:37:07', '', '2');
INSERT INTO `t_order` VALUES ('10', 'WO20170300001', '2017-03-04 00:00:00', '8', '1', '1', '1', 'asas', 'dsds', '2323', '500000.00', '0.00', '500000.00', '2017-03-07 00:00:00', '0', '0', null, '1', '2017-03-04 11:24:33', '1', '0.00', null, '2017-03-04 11:24:33', 'developer', '2017-04-03 10:00:36', null, '0');
INSERT INTO `t_order` VALUES ('11', 'PO20170300002', '2017-03-08 00:00:00', '14', '1', '0', '2', 'ddxd', 'xdxd', '4455', '2147483647.00', '0.00', '2147483647.00', '2017-03-11 00:00:00', '1', '100000', null, '3', '2017-03-08 09:02:22', '1', '0.00', null, '2017-03-08 08:59:16', 'developer', '2017-04-07 12:37:06', '', '2');
INSERT INTO `t_order` VALUES ('12', 'PO20170300003', '2017-03-13 00:00:00', '16', '1', '0', '2', 'nama', 'alamar', '2103', '9150000.00', '10.00', '10065000.00', '1970-01-01 00:00:00', '0', '1000', null, '3', '2017-03-30 14:08:05', '1', '0.00', null, '2017-03-13 13:32:57', 'pembelian', '2017-04-06 13:40:23', '', '4');
INSERT INTO `t_order` VALUES ('13', 'PO20170400001', '2017-04-03 00:00:00', '18', '1', '0', '1', 'nama1', 'alamat1', '1203i1023', '1001000.00', '10.00', '1101100.00', '1970-01-01 00:00:00', '1', '500000', '20', '3', '2017-04-03 16:24:23', '1', '0.00', null, '2017-04-03 11:56:32', 'developer', '2017-04-06 13:40:40', '', '8');
INSERT INTO `t_order` VALUES ('14', 'PO20170400002', '2017-04-03 00:00:00', '18', '1', '0', '1', 'nama', 'alamat', 'telp', '10010000.00', '10.00', '11011000.00', '0000-00-00 00:00:00', '1', '11000', '100', '3', '2017-04-03 16:54:44', '1', '0.00', null, '2017-04-03 16:53:23', 'developer', '2017-04-13 14:07:51', '', '4');
INSERT INTO `t_order` VALUES ('15', 'PO20170400003', '2017-04-03 00:00:00', '18', '1', '0', '1', 'sds', 'dsd', 'sdsd', '10010000.00', '10.00', '11011000.00', '2017-04-04 00:00:00', '1', '500000', '10', '-2', '2017-04-13 13:43:29', '1', '0.00', null, '2017-04-03 16:56:57', 'developer', '2017-04-13 13:43:29', '', '2');
INSERT INTO `t_order` VALUES ('16', 'PO20170400004', '2017-04-13 00:00:00', '23', '1', '0', '1', 'Asa', 'Jalan', '03167686867', '1050000.00', '10.00', '1155000.00', '2017-04-15 00:00:00', '0', '1000000', '0', '3', '2017-04-13 10:28:10', '1', '0.00', null, '2017-04-13 10:24:06', 'developer', '2017-04-13 10:28:28', '', '2');
INSERT INTO `t_order` VALUES ('17', 'WO20170400001', '2017-04-13 00:00:00', '5', '1', '1', '1', 'Assds', 'Jalan', '0812334454', '0.00', '10.00', '0.00', '2017-02-28 00:00:00', '0', '0', null, '1', '2017-04-13 14:48:09', '1', '0.00', null, '2017-04-13 14:48:09', 'developer', '2017-04-13 14:48:09', null, '0');

-- ----------------------------
-- Table structure for t_orderdet
-- ----------------------------
DROP TABLE IF EXISTS `t_orderdet`;
CREATE TABLE `t_orderdet` (
  `orderdet_id` int(11) NOT NULL AUTO_INCREMENT,
  `t_order_id` int(11) DEFAULT NULL,
  `m_barang_id` int(11) DEFAULT NULL,
  `orderdet_qty` decimal(20,2) DEFAULT '0.00',
  `orderdet_qty_realisasi` decimal(20,2) DEFAULT '0.00',
  `orderdet_status` int(11) DEFAULT '0' COMMENT '0 Belum Realisasi, 1 Realisasi',
  `orderdet_harga_satuan` int(255) DEFAULT NULL,
  `orderdet_total` int(255) DEFAULT NULL,
  `orderdet_created_date` datetime NOT NULL,
  `orderdet_created_by` varchar(255) NOT NULL,
  `orderdet_update_date` datetime DEFAULT NULL ON UPDATE CURRENT_TIMESTAMP,
  `orderdet_update_by` varchar(0) DEFAULT NULL,
  `orderdet_revised` int(255) DEFAULT NULL,
  PRIMARY KEY (`orderdet_id`)
) ENGINE=MyISAM AUTO_INCREMENT=17 DEFAULT CHARSET=latin1;

-- ----------------------------
-- Records of t_orderdet
-- ----------------------------
INSERT INTO `t_orderdet` VALUES ('1', '1', '2', '150.00', null, '1', '140000', '21000000', '2017-02-27 09:29:50', 'developer', '2017-04-13 13:44:37', '', '2');
INSERT INTO `t_orderdet` VALUES ('2', '1', '1', '150.00', null, '1', '135000', '20250000', '2017-02-27 09:29:50', 'developer', '2017-02-27 10:02:11', '', '1');
INSERT INTO `t_orderdet` VALUES ('3', '8', '1', '100.00', null, '0', '80000', '8000000', '2017-02-28 10:19:46', 'developer', '2017-03-10 13:33:27', '', '3');
INSERT INTO `t_orderdet` VALUES ('4', '8', '2', '50.00', null, '0', '75000', '3750000', '2017-02-28 10:19:46', 'developer', '2017-03-10 13:33:24', '', '3');
INSERT INTO `t_orderdet` VALUES ('5', '9', '1', '150.00', null, null, '10000', '1500000', '2017-03-04 10:51:47', 'developer', '2017-03-10 14:29:19', '', '3');
INSERT INTO `t_orderdet` VALUES ('6', '10', '4', '100.00', '0.00', '0', '5000', '500000', '2017-03-04 11:24:33', 'developer', '2017-03-04 11:24:33', null, '0');
INSERT INTO `t_orderdet` VALUES ('7', '11', '5', '10000.00', null, null, '344409', '2147483647', '2017-03-08 08:59:16', 'developer', '2017-03-08 09:04:02', '', '3');
INSERT INTO `t_orderdet` VALUES ('8', '11', '6', '350.00', null, null, '0', '0', '2017-03-08 08:59:16', 'developer', '2017-03-08 09:04:02', '', '3');
INSERT INTO `t_orderdet` VALUES ('9', '12', '5', '9000.00', '0.00', '0', '1000', '9000000', '2017-03-13 13:32:58', 'pembelian', '2017-03-30 14:08:06', '', '3');
INSERT INTO `t_orderdet` VALUES ('10', '12', '5', '150.00', '0.00', '0', '0', '0', '2017-03-13 13:32:58', 'pembelian', '2017-03-13 13:32:58', null, '0');
INSERT INTO `t_orderdet` VALUES ('11', '13', '32', '1001.00', null, '0', '1000', '1001000', '2017-04-03 11:56:32', 'developer', '2017-04-03 16:24:23', '', '5');
INSERT INTO `t_orderdet` VALUES ('12', '14', '32', '1001.00', null, '0', '10000', '10010000', '2017-04-03 16:53:24', 'developer', '2017-04-13 14:13:19', '', '4');
INSERT INTO `t_orderdet` VALUES ('13', '15', '32', '1001.00', '0.00', '0', '10000', '10010000', '2017-04-03 16:56:58', 'developer', '2017-04-13 13:43:29', '', '2');
INSERT INTO `t_orderdet` VALUES ('14', '16', '656', '700.00', null, '0', '1500', '1050000', '2017-04-13 10:24:06', 'developer', '2017-04-13 10:36:16', '', '1');
INSERT INTO `t_orderdet` VALUES ('15', '17', '1', '0.00', '0.00', '0', '0', '0', '2017-04-13 14:48:09', 'developer', '2017-04-13 14:48:09', null, '0');
INSERT INTO `t_orderdet` VALUES ('16', '17', '2', '0.00', '0.00', '0', '0', '0', '2017-04-13 14:48:09', 'developer', '2017-04-13 14:48:09', null, '0');

-- ----------------------------
-- Table structure for t_orderlog
-- ----------------------------
DROP TABLE IF EXISTS `t_orderlog`;
CREATE TABLE `t_orderlog` (
  `orderlog_id` int(11) NOT NULL AUTO_INCREMENT,
  `referensi_id` int(11) DEFAULT NULL,
  `orderlog_status_dari` int(11) DEFAULT NULL,
  `orderlog_status_ke` int(11) DEFAULT NULL,
  `orderlog_status_update_date` datetime DEFAULT NULL ON UPDATE CURRENT_TIMESTAMP,
  `orderlog_status_update_by` varchar(255) DEFAULT NULL,
  PRIMARY KEY (`orderlog_id`)
) ENGINE=InnoDB AUTO_INCREMENT=12 DEFAULT CHARSET=latin1;

-- ----------------------------
-- Records of t_orderlog
-- ----------------------------
INSERT INTO `t_orderlog` VALUES ('1', '1', '1', '2', '2017-02-27 09:56:04', 'developer');
INSERT INTO `t_orderlog` VALUES ('2', '1', '2', '3', '2017-02-27 09:56:59', 'developer');
INSERT INTO `t_orderlog` VALUES ('3', '8', '3', '3', '2017-03-01 10:17:15', 'developer');
INSERT INTO `t_orderlog` VALUES ('4', '8', '3', '3', '2017-03-01 10:30:59', 'developer');
INSERT INTO `t_orderlog` VALUES ('5', '1', '3', '3', '2017-03-02 16:09:56', 'developer');
INSERT INTO `t_orderlog` VALUES ('6', '9', '1', '2', '2017-03-04 10:52:23', 'developer');
INSERT INTO `t_orderlog` VALUES ('7', '11', '1', '2', '2017-03-08 09:02:22', 'developer');
INSERT INTO `t_orderlog` VALUES ('8', '13', '1', '2', '2017-04-03 11:56:50', 'developer');
INSERT INTO `t_orderlog` VALUES ('9', '13', '3', '3', '2017-04-03 14:42:07', 'developer');
INSERT INTO `t_orderlog` VALUES ('10', '13', '3', '3', '2017-04-03 16:15:21', 'developer');
INSERT INTO `t_orderlog` VALUES ('11', '16', '1', '2', '2017-04-13 10:28:10', 'developer');

-- ----------------------------
-- Table structure for t_payment_request
-- ----------------------------
DROP TABLE IF EXISTS `t_payment_request`;
CREATE TABLE `t_payment_request` (
  `payment_request_id` int(11) NOT NULL AUTO_INCREMENT,
  `m_cabang_id` int(11) DEFAULT NULL,
  `payment_request_nomor` varchar(255) DEFAULT NULL,
  `payment_request_tanggal` datetime DEFAULT NULL ON UPDATE CURRENT_TIMESTAMP,
  `payment_request_lampiran` int(11) DEFAULT NULL,
  `m_partner_id` int(11) DEFAULT NULL,
  `payment_request_keperluan` varchar(255) DEFAULT NULL,
  `payment_request_voucher` decimal(20,2) DEFAULT NULL,
  `payment_request_discount` decimal(20,2) DEFAULT NULL,
  `payment_request_jumlah_bayar` decimal(20,2) DEFAULT NULL,
  `payment_request_tipe_pengeluaran` int(11) DEFAULT '0' COMMENT '0 Tidak ada, 1 Bank, 2 Kas',
  `pengeluaran_id` int(11) DEFAULT NULL,
  `payment_request_status` int(11) DEFAULT NULL,
  `payment_request_status_bukti` int(11) DEFAULT '1' COMMENT '0 Sudah, 1 Belum',
  `payment_request_created_date` datetime DEFAULT NULL,
  `payment_request_created_by` varchar(255) DEFAULT NULL,
  `payment_request_updated_date` datetime DEFAULT NULL ON UPDATE CURRENT_TIMESTAMP,
  `payment_request_updated_by` varchar(255) DEFAULT NULL,
  `payment_request_revised` int(11) DEFAULT NULL,
  PRIMARY KEY (`payment_request_id`)
) ENGINE=MyISAM AUTO_INCREMENT=3 DEFAULT CHARSET=latin1;

-- ----------------------------
-- Records of t_payment_request
-- ----------------------------
INSERT INTO `t_payment_request` VALUES ('1', '1', 'PR20170400001', '2017-04-12 13:12:08', '2', '2', '', '40325000.00', '-51500.00', '40273500.00', '1', '1', '2', '0', '2017-04-12 13:10:38', 'developer', '2017-04-12 13:12:08', 'developer', '1');
INSERT INTO `t_payment_request` VALUES ('2', '1', 'PR20170400002', '2017-04-19 16:45:31', '0', '1', '', '5100000.00', '-100000.00', '5000000.00', '1', '1', '2', '0', '2017-04-19 16:38:04', 'developer', '2017-04-19 16:45:31', 'developer', '1');

-- ----------------------------
-- Table structure for t_payment_requestdet
-- ----------------------------
DROP TABLE IF EXISTS `t_payment_requestdet`;
CREATE TABLE `t_payment_requestdet` (
  `payment_requestdet_id` int(11) NOT NULL AUTO_INCREMENT,
  `t_payment_request_id` int(11) DEFAULT NULL,
  `m_coa_id` int(11) DEFAULT NULL,
  `payment_requestdet_type` int(11) DEFAULT '0' COMMENT '0 BPB, 1 Nota Debet, 2 Manual',
  `payment_requestdet_detail` varchar(255) DEFAULT NULL,
  `payment_requestdet_jumlah` decimal(20,2) DEFAULT NULL,
  `payment_requestdet_created_date` datetime DEFAULT NULL,
  `payment_requestdet_created_by` varchar(255) DEFAULT NULL,
  `payment_requestdet_updated_date` datetime DEFAULT NULL ON UPDATE CURRENT_TIMESTAMP,
  `payment_requestdet_uppdated_by` varchar(255) DEFAULT NULL,
  `payment_requestdet_revised` int(11) DEFAULT NULL,
  PRIMARY KEY (`payment_requestdet_id`)
) ENGINE=MyISAM AUTO_INCREMENT=6 DEFAULT CHARSET=latin1;

-- ----------------------------
-- Records of t_payment_requestdet
-- ----------------------------
INSERT INTO `t_payment_requestdet` VALUES ('1', '1', '147', '1', '3', '-49500.00', '2017-04-12 13:10:38', 'developer', '2017-04-13 15:47:12', null, '0');
INSERT INTO `t_payment_requestdet` VALUES ('2', '1', '104', '0', '1', '40325000.00', '2017-04-12 13:10:38', 'developer', '2017-04-12 13:10:38', null, '0');
INSERT INTO `t_payment_requestdet` VALUES ('3', '2', '120', '2', 'POTONGAN PPH', '-2000.00', '2017-04-12 13:10:38', 'developer', '2017-04-13 15:47:11', null, '0');
INSERT INTO `t_payment_requestdet` VALUES ('4', '2', '42', '0', '25', '5000000.00', '2017-04-19 16:38:06', 'developer', '2017-04-19 16:38:06', null, '0');
INSERT INTO `t_payment_requestdet` VALUES ('5', '2', '179', '2', 'nota no01 bayar ekspedisi', '100000.00', '2017-04-19 16:38:18', 'developer', '2017-04-19 16:38:18', null, '0');

-- ----------------------------
-- Table structure for t_payment_request_piutang
-- ----------------------------
DROP TABLE IF EXISTS `t_payment_request_piutang`;
CREATE TABLE `t_payment_request_piutang` (
  `payment_request_piutang_id` int(11) NOT NULL AUTO_INCREMENT,
  `m_cabang_id` int(11) DEFAULT NULL,
  `payment_request_piutang_nomor` varchar(255) DEFAULT NULL,
  `payment_request_piutang_tanggal` datetime DEFAULT NULL ON UPDATE CURRENT_TIMESTAMP,
  `payment_request_piutang_lampiran` int(11) DEFAULT NULL,
  `m_partner_id` int(11) DEFAULT NULL,
  `payment_request_piutang_keperluan` varchar(255) DEFAULT NULL,
  `payment_request_piutang_voucher` decimal(20,2) DEFAULT NULL,
  `payment_request_piutang_discount` decimal(20,2) DEFAULT NULL,
  `payment_request_piutang_jumlah_bayar` decimal(20,2) DEFAULT NULL,
  `payment_request_piutang_tipe_pemasukkan` int(11) DEFAULT '0' COMMENT '0 Tidak ada, 1 Bank, 2 Kas',
  `pemasukkan_id` int(11) DEFAULT NULL,
  `payment_request_piutang_status` int(11) DEFAULT NULL,
  `payment_request_piutang_status_bukti` int(11) DEFAULT '1' COMMENT '0 Sudah, 1 Belum',
  `payment_request_piutang_created_date` datetime DEFAULT NULL,
  `payment_request_piutang_created_by` varchar(255) DEFAULT NULL,
  `payment_request_piutang_updated_date` datetime DEFAULT NULL ON UPDATE CURRENT_TIMESTAMP,
  `payment_request_piutang_updated_by` varchar(255) DEFAULT NULL,
  `payment_request_piutang_revised` int(11) DEFAULT NULL,
  PRIMARY KEY (`payment_request_piutang_id`)
) ENGINE=MyISAM AUTO_INCREMENT=6 DEFAULT CHARSET=latin1;

-- ----------------------------
-- Records of t_payment_request_piutang
-- ----------------------------
INSERT INTO `t_payment_request_piutang` VALUES ('1', '1', 'PL20170400001', '2017-04-11 11:23:30', '2', '1', 'Pelunasan Piutang', '3500000.00', '-250000.00', '3250000.00', '1', '1', '2', '0', '2017-04-11 11:09:47', 'developer', '2017-04-11 11:23:30', 'developer', '1');
INSERT INTO `t_payment_request_piutang` VALUES ('2', '1', 'PL20170400002', '2017-04-12 12:53:55', '2', '7', 'asdasd', '30000.00', '0.00', '30000.00', '1', '1', '2', '1', '2017-04-12 12:52:46', 'developer', '2017-04-12 12:53:45', 'developer', '1');
INSERT INTO `t_payment_request_piutang` VALUES ('3', '1', 'PL20170400003', '2017-04-12 13:15:47', '2', '10', '', '1000.00', '-200.00', '800.00', '2', '1', '2', '1', '2017-04-12 13:14:29', 'developer', '2017-04-12 13:15:37', 'developer', '1');
INSERT INTO `t_payment_request_piutang` VALUES ('4', '1', 'PL20170400004', '2017-04-12 13:20:53', '3', '10', '', '750000.00', '0.00', '750000.00', '1', '1', '2', '0', '2017-04-12 13:19:18', 'developer', '2017-04-12 13:20:53', 'developer', '1');
INSERT INTO `t_payment_request_piutang` VALUES ('5', '1', 'PL20170400005', '2017-04-19 15:16:20', '0', '1', '', '50000.00', '0.00', '50000.00', '1', '1', '2', '1', '2017-04-19 15:13:59', 'developer', '2017-04-19 15:16:17', 'developer', '1');

-- ----------------------------
-- Table structure for t_payment_request_piutangdet
-- ----------------------------
DROP TABLE IF EXISTS `t_payment_request_piutangdet`;
CREATE TABLE `t_payment_request_piutangdet` (
  `payment_request_piutangdet_id` int(11) NOT NULL AUTO_INCREMENT,
  `t_payment_request_piutang_id` int(11) DEFAULT NULL,
  `m_coa_id` int(11) DEFAULT NULL,
  `payment_request_piutangdet_type` int(11) DEFAULT '0' COMMENT '0 Faktur Penjualan, 1 Nota Kredit, 2 Manual',
  `payment_request_piutangdet_detail` varchar(255) DEFAULT NULL,
  `payment_request_piutangdet_jumlah` decimal(20,2) DEFAULT NULL,
  `payment_request_piutangdet_created_date` datetime DEFAULT NULL,
  `payment_request_piutangdet_created_by` varchar(255) DEFAULT NULL,
  `payment_request_piutangdet_updated_date` datetime DEFAULT NULL ON UPDATE CURRENT_TIMESTAMP,
  `payment_request_piutangdet_uppdated_by` varchar(255) DEFAULT NULL,
  `payment_request_piutangdet_revised` int(11) DEFAULT NULL,
  PRIMARY KEY (`payment_request_piutangdet_id`)
) ENGINE=MyISAM AUTO_INCREMENT=8 DEFAULT CHARSET=latin1;

-- ----------------------------
-- Records of t_payment_request_piutangdet
-- ----------------------------
INSERT INTO `t_payment_request_piutangdet` VALUES ('1', '1', '9', '0', '1', '3500000.00', '2017-04-11 11:09:47', 'developer', '2017-04-11 11:09:47', null, '0');
INSERT INTO `t_payment_request_piutangdet` VALUES ('2', '1', '9', '2', 'Potongan + Diskon', '-250000.00', '2017-04-11 11:09:47', 'developer', '2017-04-11 11:09:47', null, '0');
INSERT INTO `t_payment_request_piutangdet` VALUES ('3', '2', '153', '0', '3', '30000.00', '2017-04-12 12:52:46', 'developer', '2017-04-12 12:52:46', null, '0');
INSERT INTO `t_payment_request_piutangdet` VALUES ('4', '3', '149', '2', 'NOTA NO 91 BELI ABC', '1000.00', '2017-04-12 13:14:29', 'developer', '2017-04-12 13:14:29', null, '0');
INSERT INTO `t_payment_request_piutangdet` VALUES ('5', '3', '104', '2', 'POTONGAN DISKON', '-200.00', '2017-04-12 13:14:29', 'developer', '2017-04-12 13:14:29', null, '0');
INSERT INTO `t_payment_request_piutangdet` VALUES ('6', '4', '153', '0', '7', '750000.00', '2017-04-12 13:19:18', 'developer', '2017-04-12 13:19:18', null, '0');
INSERT INTO `t_payment_request_piutangdet` VALUES ('7', '5', '9', '0', '10', '50000.00', '2017-04-19 15:14:01', 'developer', '2017-04-19 15:14:01', null, '0');

-- ----------------------------
-- Table structure for t_penawaran
-- ----------------------------
DROP TABLE IF EXISTS `t_penawaran`;
CREATE TABLE `t_penawaran` (
  `penawaran_id` int(11) NOT NULL AUTO_INCREMENT,
  `penawaran_nomor` varchar(255) DEFAULT NULL,
  `penawaran_jenis` char(1) DEFAULT '' COMMENT '1 = Pembelian, 2 = Maklon',
  `penawaran_tanggal` datetime DEFAULT NULL ON UPDATE CURRENT_TIMESTAMP,
  `m_cabang_id` int(11) DEFAULT NULL,
  `permintaan_pembelian_id` varchar(255) DEFAULT NULL,
  `penawaran_step` int(11) DEFAULT NULL,
  `penawaran_status` varchar(255) DEFAULT NULL,
  `penawaran_status_date` datetime DEFAULT NULL ON UPDATE CURRENT_TIMESTAMP,
  `penawaran_printed` int(11) DEFAULT NULL,
  `penawaran_create_date` datetime DEFAULT NULL ON UPDATE CURRENT_TIMESTAMP,
  `penawaran_create_by` varchar(255) DEFAULT NULL,
  `penawaran_update_date` datetime DEFAULT NULL ON UPDATE CURRENT_TIMESTAMP,
  `penawaran_update_by` varchar(255) DEFAULT NULL,
  `penawaran_revised` int(255) DEFAULT NULL,
  PRIMARY KEY (`penawaran_id`)
) ENGINE=InnoDB AUTO_INCREMENT=27 DEFAULT CHARSET=latin1;

-- ----------------------------
-- Records of t_penawaran
-- ----------------------------
INSERT INTO `t_penawaran` VALUES ('1', 'SRC20170200001', '1', '2017-03-07 14:50:14', '1', '[\"1\",\"2\"]', '4', '4', '2017-03-07 14:50:14', null, '2017-03-07 14:50:14', 'developer', '2017-03-07 14:49:58', 'developer', '69');
INSERT INTO `t_penawaran` VALUES ('5', 'SRC20170200002', '2', '2017-02-28 11:22:15', '1', '[\"3\"]', '4', '4', '2017-02-28 11:22:15', null, '2017-02-28 11:22:15', 'developer', '2017-02-28 11:22:10', 'developer', '5');
INSERT INTO `t_penawaran` VALUES ('6', 'SRC20170200003', '1', '2017-03-06 12:15:25', '1', '[\"2\"]', '4', '4', '2017-03-06 12:15:25', null, '2017-03-06 12:15:25', 'developer', '2017-03-06 12:15:24', 'developer', '19');
INSERT INTO `t_penawaran` VALUES ('7', 'SRC20170300001', '1', '2017-04-13 09:53:29', '1', '[\"4\"]', '3', '3', '2017-04-13 09:53:29', null, '2017-04-13 09:53:29', 'developer', '2017-04-13 09:53:41', 'developer', '29');
INSERT INTO `t_penawaran` VALUES ('8', 'SRC20170300002', '2', '2017-03-06 12:13:17', '1', '[\"5\"]', '4', '4', '2017-03-06 12:13:17', null, '2017-03-06 12:13:17', 'developer', '2017-03-06 12:13:16', 'developer', '6');
INSERT INTO `t_penawaran` VALUES ('9', 'SRC20170300003', '1', '2017-03-08 06:27:03', '1', '[\"9\"]', '4', '4', '2017-03-08 06:27:03', null, '2017-03-08 06:27:03', 'developer', '2017-03-08 06:26:45', 'developer', '136');
INSERT INTO `t_penawaran` VALUES ('10', 'SRC20170300004', '1', '2017-04-13 13:42:27', '1', '[\"10\"]', '1', '1', '2017-04-13 13:42:27', null, '2017-04-13 13:42:27', 'pembelian', '2017-04-13 13:42:39', 'developer', '3');
INSERT INTO `t_penawaran` VALUES ('11', 'SRC20170300005', '1', '2017-04-12 16:36:50', '1', '[\"10\"]', '4', '4', '2017-04-12 16:36:50', null, '2017-04-12 16:36:50', 'pembelian', '2017-04-12 16:37:02', 'developer', '9');
INSERT INTO `t_penawaran` VALUES ('12', 'SRC20170300006', '1', '2017-03-07 00:00:00', '1', '[\"10\"]', '1', '1', '2017-03-07 14:23:37', null, '2017-03-07 14:23:37', 'pembelian', '2017-03-07 14:23:37', null, '0');
INSERT INTO `t_penawaran` VALUES ('13', 'SRC20170300007', '2', '2017-03-08 09:58:46', '1', '[\"11\"]', '1', '1', '2017-03-08 09:58:46', null, '2017-03-08 09:58:46', 'pembelian', '2017-03-08 09:58:40', 'developer', '2');
INSERT INTO `t_penawaran` VALUES ('14', 'SRC20170300008', '1', '2017-03-08 10:02:45', '1', '[\"12\"]', '4', '4', '2017-03-08 10:02:45', null, '2017-03-08 10:02:45', 'developer', '2017-03-08 10:02:39', 'developer', '6');
INSERT INTO `t_penawaran` VALUES ('15', 'SRC20170300009', '1', '2017-03-13 11:42:06', '1', '[\"13\"]', '4', '4', '2017-03-13 11:42:06', null, '2017-03-13 11:42:06', 'developer', '2017-03-13 11:42:06', 'developer', '3');
INSERT INTO `t_penawaran` VALUES ('16', 'SRC20170300010', '1', '2017-03-15 10:44:22', '1', '[\"14\",\"8\"]', '4', '4', '2017-03-15 10:44:22', null, '2017-03-15 10:44:22', 'pembelian', '2017-03-15 10:44:16', 'developer', '21');
INSERT INTO `t_penawaran` VALUES ('17', 'SRC20170300011', '1', '2017-03-22 15:49:47', '1', '[\"15\"]', '2', '2', '2017-03-22 15:49:47', null, '2017-03-22 15:49:47', 'developer', '2017-03-22 15:49:47', 'developer', '27');
INSERT INTO `t_penawaran` VALUES ('18', 'SRC20170400001', '1', '2017-04-04 09:39:55', '1', '[\"16\"]', '4', '4', '2017-04-04 09:39:55', null, '2017-04-04 09:39:55', 'developer', '2017-04-04 09:39:55', 'developer', '26');
INSERT INTO `t_penawaran` VALUES ('19', 'SRC20170400002', '1', '2017-04-04 10:10:30', '1', '[\"17\"]', '3', '3', '2017-04-04 10:10:30', null, '2017-04-04 10:10:30', 'developer', '2017-04-04 10:10:29', 'developer', '23');
INSERT INTO `t_penawaran` VALUES ('20', 'SRC20170400003', '1', '2017-04-06 11:21:21', '1', '[\"7\"]', '2', '2', '2017-04-06 11:21:21', null, '2017-04-06 11:21:21', 'developer', '2017-04-06 11:21:21', 'developer', '2');
INSERT INTO `t_penawaran` VALUES ('21', 'SRC20170400004', '1', '2017-04-13 09:36:11', '1', '[\"18\"]', '3', '3', '2017-04-13 09:36:11', null, '2017-04-13 09:36:11', 'developer', '2017-04-13 09:36:24', 'developer', '11');
INSERT INTO `t_penawaran` VALUES ('22', 'SRC20170400005', '1', '2017-04-12 17:12:52', '1', '[\"19\"]', '4', '4', '2017-04-12 17:12:52', null, '2017-04-12 17:12:52', 'developer', '2017-04-12 17:13:04', 'developer', '8');
INSERT INTO `t_penawaran` VALUES ('23', 'SRC20170400006', '1', '2017-04-13 10:21:28', '1', '[\"20\"]', '4', '4', '2017-04-13 10:21:28', null, '2017-04-13 10:21:28', 'developer', '2017-04-13 10:21:40', 'developer', '9');
INSERT INTO `t_penawaran` VALUES ('24', 'SRC20170400007', '1', '2017-04-13 13:41:02', '1', '[\"21\"]', '4', '4', '2017-04-13 13:41:02', null, '2017-04-13 13:41:02', 'developer', '2017-04-13 13:41:13', 'developer', '3');
INSERT INTO `t_penawaran` VALUES ('25', 'SRC20170400008', '2', '2017-04-14 00:00:00', '1', '[\"6\"]', '1', '1', '2017-04-14 18:15:36', null, '2017-04-14 18:15:36', 'developer', '2017-04-14 18:15:36', null, '0');
INSERT INTO `t_penawaran` VALUES ('26', 'SRC20170400009', '1', '2017-04-17 11:02:59', '1', '[\"22\"]', '3', '3', '2017-04-17 11:02:59', null, '2017-04-17 11:02:59', 'developer', '2017-04-17 11:02:53', 'developer', '8');

-- ----------------------------
-- Table structure for t_penawaran_barang
-- ----------------------------
DROP TABLE IF EXISTS `t_penawaran_barang`;
CREATE TABLE `t_penawaran_barang` (
  `penawaran_barang_id` int(11) NOT NULL AUTO_INCREMENT,
  `t_penawaran_id` int(11) DEFAULT NULL,
  `t_permintaan_pembelian` int(11) DEFAULT NULL,
  `m_barang_id` int(11) DEFAULT NULL,
  `penawaran_barang_qty` decimal(20,2) DEFAULT '0.00',
  `penawaran_barang_create_date` datetime DEFAULT NULL ON UPDATE CURRENT_TIMESTAMP,
  `penawaran_barang_create_by` varchar(255) DEFAULT NULL,
  `penawaran_barang_update_date` datetime DEFAULT NULL ON UPDATE CURRENT_TIMESTAMP,
  `penawaran_barang_update_by` varchar(255) DEFAULT NULL,
  `penawaran_barang_revised` int(11) DEFAULT NULL,
  PRIMARY KEY (`penawaran_barang_id`)
) ENGINE=InnoDB AUTO_INCREMENT=36 DEFAULT CHARSET=latin1;

-- ----------------------------
-- Records of t_penawaran_barang
-- ----------------------------
INSERT INTO `t_penawaran_barang` VALUES ('1', '1', '1', '2', '120.00', '2017-02-27 07:24:17', 'developer', '2017-02-27 07:24:17', null, '0');
INSERT INTO `t_penawaran_barang` VALUES ('2', '1', '2', '1', '150.00', '2017-02-27 07:30:15', 'developer', '2017-02-27 07:30:15', null, '0');
INSERT INTO `t_penawaran_barang` VALUES ('8', '5', '3', '1', '100.00', '2017-02-28 11:21:23', 'developer', '2017-02-28 11:21:23', null, '0');
INSERT INTO `t_penawaran_barang` VALUES ('9', '5', '3', '2', '50.00', '2017-02-28 11:21:24', 'developer', '2017-02-28 11:21:24', null, '0');
INSERT INTO `t_penawaran_barang` VALUES ('10', '6', '2', '1', '150.00', '2017-02-28 11:29:39', 'developer', '2017-02-28 11:29:39', null, '0');
INSERT INTO `t_penawaran_barang` VALUES ('11', '7', '4', '2', '100.00', '2017-03-04 10:38:59', 'developer', '2017-03-04 10:38:59', null, '0');
INSERT INTO `t_penawaran_barang` VALUES ('12', '8', '5', '4', '100.00', '2017-03-04 11:23:32', 'developer', '2017-03-04 11:23:32', null, '0');
INSERT INTO `t_penawaran_barang` VALUES ('13', '9', '9', '1', '120.00', '2017-03-08 00:04:07', 'developer', '2017-03-08 00:04:07', null, '0');
INSERT INTO `t_penawaran_barang` VALUES ('14', '10', '10', '5', '300000.00', '2017-03-07 14:02:03', 'pembelian', '2017-03-07 14:02:03', null, '0');
INSERT INTO `t_penawaran_barang` VALUES ('15', '13', '11', '5', '4500.00', '2017-03-07 14:55:37', 'pembelian', '2017-03-07 14:55:37', null, '0');
INSERT INTO `t_penawaran_barang` VALUES ('16', '14', '12', '5', '10000.00', '2017-03-08 08:57:47', 'developer', '2017-03-08 08:57:47', null, '0');
INSERT INTO `t_penawaran_barang` VALUES ('17', '14', '12', '6', '350.00', '2017-03-08 08:57:47', 'developer', '2017-03-08 08:57:47', null, '0');
INSERT INTO `t_penawaran_barang` VALUES ('18', '15', '13', '5', '40000.00', '2017-03-13 11:41:38', 'developer', '2017-03-13 11:41:38', null, '0');
INSERT INTO `t_penawaran_barang` VALUES ('19', '15', '13', '6', '20000.00', '2017-03-13 11:41:38', 'developer', '2017-03-13 11:41:38', null, '0');
INSERT INTO `t_penawaran_barang` VALUES ('20', '16', '14', '5', '9000.00', '2017-03-13 11:56:01', 'pembelian', '2017-03-13 11:56:01', null, '0');
INSERT INTO `t_penawaran_barang` VALUES ('21', '16', '8', '5', '100.00', '2017-03-13 11:56:01', 'pembelian', '2017-03-13 11:56:01', null, '0');
INSERT INTO `t_penawaran_barang` VALUES ('22', '17', '15', '1', '20000.00', '2017-03-15 11:00:27', 'developer', '2017-03-15 11:00:27', null, '0');
INSERT INTO `t_penawaran_barang` VALUES ('23', '17', '15', '2', '30000.00', '2017-03-15 11:00:27', 'developer', '2017-03-15 11:00:27', null, '0');
INSERT INTO `t_penawaran_barang` VALUES ('24', '18', '16', '32', '1000.90', '2017-04-03 11:32:38', 'developer', '2017-04-03 11:32:38', null, '0');
INSERT INTO `t_penawaran_barang` VALUES ('25', '19', '17', '2', '0.00', '2017-04-04 09:40:22', 'developer', '2017-04-04 09:40:22', null, '0');
INSERT INTO `t_penawaran_barang` VALUES ('26', '20', '7', '1', '0.00', '2017-04-05 13:54:21', 'developer', '2017-04-05 13:54:21', null, '0');
INSERT INTO `t_penawaran_barang` VALUES ('27', '21', '18', '656', '125.30', '2017-04-12 16:13:25', 'developer', '2017-04-12 16:13:25', null, '0');
INSERT INTO `t_penawaran_barang` VALUES ('28', '21', '18', '2', '5.50', '2017-04-12 16:13:25', 'developer', '2017-04-12 16:13:25', null, '0');
INSERT INTO `t_penawaran_barang` VALUES ('29', '22', '19', '4', '20.00', '2017-04-12 17:04:24', 'developer', '2017-04-12 17:04:24', null, '0');
INSERT INTO `t_penawaran_barang` VALUES ('30', '23', '20', '656', '777.00', '2017-04-13 10:08:21', 'developer', '2017-04-13 10:08:21', null, '0');
INSERT INTO `t_penawaran_barang` VALUES ('31', '24', '21', '656', '555.00', '2017-04-13 13:37:32', 'developer', '2017-04-13 13:37:32', null, '0');
INSERT INTO `t_penawaran_barang` VALUES ('32', '25', '6', '2', '20.00', '2017-04-14 18:15:36', 'developer', '2017-04-14 18:15:36', null, '0');
INSERT INTO `t_penawaran_barang` VALUES ('33', '26', '22', '134', '10.00', '2017-04-17 10:58:58', 'developer', '2017-04-17 10:58:58', null, '0');
INSERT INTO `t_penawaran_barang` VALUES ('34', '26', '22', '607', '20.00', '2017-04-17 10:58:58', 'developer', '2017-04-17 10:58:58', null, '0');
INSERT INTO `t_penawaran_barang` VALUES ('35', '26', '22', '533', '30.00', '2017-04-17 10:58:59', 'developer', '2017-04-17 10:58:59', null, '0');

-- ----------------------------
-- Table structure for t_penawaran_harga
-- ----------------------------
DROP TABLE IF EXISTS `t_penawaran_harga`;
CREATE TABLE `t_penawaran_harga` (
  `t_penawaran_harga_id` int(11) NOT NULL AUTO_INCREMENT,
  `t_penawaran_id` int(11) DEFAULT NULL,
  `t_penawaran_supplier_id` int(11) DEFAULT NULL,
  `t_penawaran_barang_id` int(11) DEFAULT NULL,
  `m_mata_uang_id` int(11) DEFAULT '1',
  `penawaran_harga_qty_ditawarkan` decimal(20,2) DEFAULT '0.00',
  `penawaran_harga_nominal` decimal(20,2) DEFAULT '0.00',
  `penawaran_harga_ppn` tinyint(1) DEFAULT '0' COMMENT '0 Exclude, 1 Include, 2 Tanpa',
  PRIMARY KEY (`t_penawaran_harga_id`)
) ENGINE=InnoDB AUTO_INCREMENT=53 DEFAULT CHARSET=latin1;

-- ----------------------------
-- Records of t_penawaran_harga
-- ----------------------------
INSERT INTO `t_penawaran_harga` VALUES ('1', '1', '3', '1', '1', '0.00', '120000.00', '0');
INSERT INTO `t_penawaran_harga` VALUES ('2', '1', '4', '1', '2', '0.00', '130000.00', '0');
INSERT INTO `t_penawaran_harga` VALUES ('3', '1', '3', '2', '2', '0.00', '140000.00', '0');
INSERT INTO `t_penawaran_harga` VALUES ('4', '1', '4', '2', '1', '0.00', '135000.00', '0');
INSERT INTO `t_penawaran_harga` VALUES ('14', '5', '10', '8', '1', '0.00', '10000.00', '0');
INSERT INTO `t_penawaran_harga` VALUES ('15', '5', '11', '8', '1', '0.00', '10000.00', '0');
INSERT INTO `t_penawaran_harga` VALUES ('16', '5', '10', '9', '1', '0.00', '10000.00', '0');
INSERT INTO `t_penawaran_harga` VALUES ('17', '5', '11', '9', '1', '0.00', '10000.00', '0');
INSERT INTO `t_penawaran_harga` VALUES ('18', '6', '12', '10', '1', '0.00', '10000.00', '0');
INSERT INTO `t_penawaran_harga` VALUES ('19', '6', '13', '10', '1', '0.00', '10000.00', '0');
INSERT INTO `t_penawaran_harga` VALUES ('20', '7', '14', '11', '1', '0.00', '0.00', '0');
INSERT INTO `t_penawaran_harga` VALUES ('21', '7', '15', '11', '1', '0.00', '0.00', '0');
INSERT INTO `t_penawaran_harga` VALUES ('22', '8', '16', '12', '1', '0.00', '5000.00', '0');
INSERT INTO `t_penawaran_harga` VALUES ('27', '9', '17', '13', '1', '0.00', '100000.00', '0');
INSERT INTO `t_penawaran_harga` VALUES ('28', '9', '18', '13', '1', '0.00', '110000.00', '1');
INSERT INTO `t_penawaran_harga` VALUES ('29', '14', '19', '16', '1', '0.00', '12347.00', '1');
INSERT INTO `t_penawaran_harga` VALUES ('30', '14', '19', '17', '1', '0.00', '344409.00', '0');
INSERT INTO `t_penawaran_harga` VALUES ('31', '15', '20', '18', '3', '0.00', '10000.00', '1');
INSERT INTO `t_penawaran_harga` VALUES ('32', '15', '21', '18', '1', '0.00', '8000.00', '1');
INSERT INTO `t_penawaran_harga` VALUES ('33', '15', '20', '19', '1', '0.00', '20000.00', '0');
INSERT INTO `t_penawaran_harga` VALUES ('34', '15', '21', '19', '1', '0.00', '7000.00', '0');
INSERT INTO `t_penawaran_harga` VALUES ('35', '16', '22', '20', '1', '0.00', '1000.00', '0');
INSERT INTO `t_penawaran_harga` VALUES ('36', '16', '22', '21', '1', '0.00', '1000.00', '0');
INSERT INTO `t_penawaran_harga` VALUES ('37', '18', '25', '24', '4', '1001.00', '10000.00', '2');
INSERT INTO `t_penawaran_harga` VALUES ('38', '19', '26', '25', '1', '10000.00', '9000.00', '2');
INSERT INTO `t_penawaran_harga` VALUES ('39', '19', '27', '25', '2', '900.00', '1000.00', '0');
INSERT INTO `t_penawaran_harga` VALUES ('40', '21', '30', '28', '1', '50000.00', '25000.00', '2');
INSERT INTO `t_penawaran_harga` VALUES ('41', '21', '31', '28', '1', '45000.00', '22500.00', '1');
INSERT INTO `t_penawaran_harga` VALUES ('42', '21', '30', '27', '1', '50000.00', '250000.00', null);
INSERT INTO `t_penawaran_harga` VALUES ('43', '21', '31', '27', '1', '45000.00', '22500.00', null);
INSERT INTO `t_penawaran_harga` VALUES ('44', '23', '35', '30', '1', '700.00', '1500.00', '0');
INSERT INTO `t_penawaran_harga` VALUES ('45', '23', '36', '30', '1', '800.00', '1000.00', '2');
INSERT INTO `t_penawaran_harga` VALUES ('46', '24', '37', '31', '1', '88.00', '1000.00', '2');
INSERT INTO `t_penawaran_harga` VALUES ('47', '26', '38', '33', '1', '11.00', '110.00', '0');
INSERT INTO `t_penawaran_harga` VALUES ('48', '26', '39', '33', '1', '12.00', '120.00', '0');
INSERT INTO `t_penawaran_harga` VALUES ('49', '26', '38', '34', '1', '21.00', '210.00', null);
INSERT INTO `t_penawaran_harga` VALUES ('50', '26', '39', '34', '1', '22.00', '220.00', null);
INSERT INTO `t_penawaran_harga` VALUES ('51', '26', '38', '35', '1', '31.00', '310.00', null);
INSERT INTO `t_penawaran_harga` VALUES ('52', '26', '39', '35', '1', '32.00', '320.00', null);

-- ----------------------------
-- Table structure for t_penawaran_supplier
-- ----------------------------
DROP TABLE IF EXISTS `t_penawaran_supplier`;
CREATE TABLE `t_penawaran_supplier` (
  `penawaran_supplier_id` int(11) NOT NULL AUTO_INCREMENT,
  `t_penawaran_id` int(11) DEFAULT NULL,
  `m_partner_id` int(11) DEFAULT NULL,
  `penawaran_supplier_kontak` varchar(255) DEFAULT NULL,
  `penawaran_supplier_tanggal_kirim` datetime DEFAULT NULL,
  `penawaran_supplier_diskon` decimal(20,2) DEFAULT '0.00' COMMENT 'dalam %',
  `penawaran_supplier_ppn` decimal(20,2) DEFAULT '0.00',
  `penawaran_supplier_pemenang` char(1) DEFAULT '0' COMMENT '0 default, 1 pemenang',
  `penawaran_supplier_alasan` varchar(255) DEFAULT NULL,
  `penawaran_supplier_create_date` datetime DEFAULT NULL ON UPDATE CURRENT_TIMESTAMP,
  `penawaran_supplier_create_by` varchar(255) DEFAULT NULL,
  `penawaran_supplier_update_date` datetime DEFAULT NULL ON UPDATE CURRENT_TIMESTAMP,
  `penawaran_supplier_update_by` varchar(255) DEFAULT NULL,
  `penawaran_supplier_revised` int(11) DEFAULT NULL,
  PRIMARY KEY (`penawaran_supplier_id`)
) ENGINE=InnoDB AUTO_INCREMENT=40 DEFAULT CHARSET=latin1;

-- ----------------------------
-- Records of t_penawaran_supplier
-- ----------------------------
INSERT INTO `t_penawaran_supplier` VALUES ('3', '1', '1', 'Partner 1', '2017-02-27 07:36:41', '2.00', '10.00', '0', '-', '2017-02-27 07:36:41', 'developer', '2017-02-27 07:36:41', 'developer', '4');
INSERT INTO `t_penawaran_supplier` VALUES ('10', '5', '1', 'Orang Partner 1', '2017-02-28 11:22:15', '10.00', '5.00', '1', 'lebih cepat dan murah', '2017-02-28 11:22:15', 'developer', '2017-02-28 11:22:10', 'developer', '2');
INSERT INTO `t_penawaran_supplier` VALUES ('11', '5', '2', 'Orang Partner 2', '2017-02-28 11:22:16', '5.00', '10.00', '0', '', '2017-02-28 11:22:16', 'developer', '2017-02-28 11:22:11', 'developer', '2');
INSERT INTO `t_penawaran_supplier` VALUES ('12', '6', '1', 'Partner 1', '2017-03-16 00:00:00', '10.00', '0.00', '0', '', '2017-02-28 11:30:39', 'developer', '2017-02-28 11:30:34', 'developer', '2');
INSERT INTO `t_penawaran_supplier` VALUES ('13', '6', '2', 'Partner 2', '2017-04-20 00:00:00', '10.00', '0.00', '1', '', '2017-02-28 11:30:39', 'developer', '2017-02-28 11:30:34', 'developer', '2');
INSERT INTO `t_penawaran_supplier` VALUES ('14', '7', '2', 'Partner 2', '0000-00-00 00:00:00', '0.00', '0.00', '0', null, '2017-03-04 10:39:00', 'developer', '2017-03-04 10:38:59', 'developer', '1');
INSERT INTO `t_penawaran_supplier` VALUES ('15', '7', '1', 'Partner 1', '0000-00-00 00:00:00', '0.00', '0.00', '0', null, '2017-03-04 10:39:00', 'developer', '2017-03-04 10:38:59', 'developer', '1');
INSERT INTO `t_penawaran_supplier` VALUES ('16', '8', '1', 'Partner 1', '2017-03-07 00:00:00', '0.00', '0.00', '1', 'bgs', '2017-03-04 11:23:43', 'developer', '2017-03-04 11:23:43', 'developer', '2');
INSERT INTO `t_penawaran_supplier` VALUES ('17', '9', '1', 'Partner 1', '2017-03-31 00:00:00', '0.00', '10.00', '1', 'Pemenang', '2017-03-08 06:26:23', 'developer', '2017-03-08 06:26:05', 'developer', '11');
INSERT INTO `t_penawaran_supplier` VALUES ('18', '9', '2', 'Partner 2', '2017-04-01 00:00:00', '5.00', '0.00', '0', '-', '2017-03-08 06:26:24', 'developer', '2017-03-08 06:26:05', 'developer', '11');
INSERT INTO `t_penawaran_supplier` VALUES ('19', '14', '2', 'Partner 2', '2017-03-11 00:00:00', '0.00', '0.00', '1', 'ssss', '2017-03-08 08:57:56', 'developer', '2017-03-08 08:57:56', 'developer', '2');
INSERT INTO `t_penawaran_supplier` VALUES ('20', '15', '2', 'Partner 2', '2017-03-13 00:00:00', '105.00', '10.00', '0', '', '2017-03-13 11:42:07', 'developer', '2017-03-13 11:42:06', 'developer', '2');
INSERT INTO `t_penawaran_supplier` VALUES ('21', '15', '3', 'partner 3', '2017-03-13 00:00:00', '108.00', '10.00', '1', '', '2017-03-13 11:42:07', 'developer', '2017-03-13 11:42:06', 'developer', '2');
INSERT INTO `t_penawaran_supplier` VALUES ('22', '16', '2', 'Partner 2', '2017-03-13 00:00:00', '10.00', '10.00', '1', '', '2017-03-13 13:21:48', 'pembelian', '2017-03-13 13:21:47', 'developer', '2');
INSERT INTO `t_penawaran_supplier` VALUES ('23', '17', '1', 'Partner 1', '2017-03-18 00:00:00', '0.00', '10.00', '0', null, '2017-03-15 13:23:35', 'developer', '2017-03-15 13:23:30', 'developer', '2');
INSERT INTO `t_penawaran_supplier` VALUES ('24', '17', '2', 'Partner 2', '2017-03-19 00:00:00', '0.00', '10.00', '0', null, '2017-03-15 13:24:50', 'developer', '2017-03-15 13:24:45', 'developer', '2');
INSERT INTO `t_penawaran_supplier` VALUES ('25', '18', '1', 'Partner 1', '2017-04-04 00:00:00', '0.00', '10.00', '1', '', '2017-04-03 11:50:01', 'developer', '2017-04-03 11:50:01', 'developer', '2');
INSERT INTO `t_penawaran_supplier` VALUES ('26', '19', '1', 'Partner 1', '0000-00-00 00:00:00', '5.00', '10.00', '0', null, '2017-04-04 10:10:30', 'developer', '2017-04-04 10:10:30', 'developer', '1');
INSERT INTO `t_penawaran_supplier` VALUES ('27', '19', '2', 'Partner 2', '0000-00-00 00:00:00', '20.00', null, '0', null, '2017-04-04 10:10:30', 'developer', '2017-04-04 10:10:30', 'developer', '1');
INSERT INTO `t_penawaran_supplier` VALUES ('28', '20', '1', 'Partner 1', null, '0.00', '0.00', '0', null, '2017-04-05 13:57:09', 'developer', '2017-04-05 13:57:09', null, '0');
INSERT INTO `t_penawaran_supplier` VALUES ('29', '20', '2', 'Partner 2', null, '0.00', '0.00', '0', null, '2017-04-05 13:57:09', 'developer', '2017-04-05 13:57:09', null, '0');
INSERT INTO `t_penawaran_supplier` VALUES ('30', '21', '13', 'Sup3', '0000-00-00 00:00:00', '0.00', '10.00', '0', null, '2017-04-12 16:31:25', 'developer', '2017-04-12 16:31:37', 'developer', '1');
INSERT INTO `t_penawaran_supplier` VALUES ('31', '21', '11', 'agung', '0000-00-00 00:00:00', '0.00', null, '0', null, '2017-04-12 16:31:26', 'developer', '2017-04-12 16:31:38', 'developer', '1');
INSERT INTO `t_penawaran_supplier` VALUES ('32', '11', '13', 'Sup3', '2017-04-13 00:00:00', '0.00', '10.00', '1', '', '2017-04-12 16:36:49', 'developer', '2017-04-12 16:37:01', 'developer', '2');
INSERT INTO `t_penawaran_supplier` VALUES ('33', '11', '11', 'agung', '2017-04-14 00:00:00', '0.00', '10.00', '1', '', '2017-04-12 16:36:49', 'developer', '2017-04-12 16:37:01', 'developer', '2');
INSERT INTO `t_penawaran_supplier` VALUES ('34', '22', '11', 'agung', null, '0.00', '0.00', '0', null, '2017-04-12 17:05:17', 'developer', '2017-04-12 17:05:17', null, '0');
INSERT INTO `t_penawaran_supplier` VALUES ('35', '23', '1', 'Partner 1', '2017-04-15 00:00:00', '2.50', '10.00', '1', '', '2017-04-13 10:16:42', 'developer', '2017-04-13 10:16:54', 'developer', '2');
INSERT INTO `t_penawaran_supplier` VALUES ('36', '23', '2', 'Partner 2', '0000-00-00 00:00:00', '0.00', null, '1', '', '2017-04-13 10:16:42', 'developer', '2017-04-13 10:16:54', 'developer', '2');
INSERT INTO `t_penawaran_supplier` VALUES ('37', '24', '13', 'Sup3', '2017-04-15 00:00:00', '2.50', null, '0', null, '2017-04-13 13:41:01', 'developer', '2017-04-13 13:41:13', 'developer', '1');
INSERT INTO `t_penawaran_supplier` VALUES ('38', '26', '1', 'Partner 1', '2017-04-20 00:00:00', '0.00', '10.00', '0', null, '2017-04-17 11:01:32', 'developer', '2017-04-17 11:01:26', 'developer', '1');
INSERT INTO `t_penawaran_supplier` VALUES ('39', '26', '2', 'Partner 2', '2017-04-21 00:00:00', '0.00', '10.00', '0', null, '2017-04-17 11:01:32', 'developer', '2017-04-17 11:01:26', 'developer', '1');

-- ----------------------------
-- Table structure for t_penerimaan_barang
-- ----------------------------
DROP TABLE IF EXISTS `t_penerimaan_barang`;
CREATE TABLE `t_penerimaan_barang` (
  `penerimaan_barang_id` int(11) NOT NULL AUTO_INCREMENT,
  `m_cabang_id` int(11) DEFAULT NULL,
  `penerimaan_barang_nomor` varchar(255) DEFAULT NULL,
  `penerimaan_barang_tanggal` datetime DEFAULT NULL ON UPDATE CURRENT_TIMESTAMP,
  `penerimaan_barang_jenis` int(1) DEFAULT '0' COMMENT '0 BPB, 1 BPBJ',
  `penerimaan_barang_sj` varchar(255) DEFAULT NULL,
  `t_order_id` int(11) DEFAULT NULL,
  `penerimaan_barang_tanggal_terima` varchar(255) DEFAULT NULL,
  `penerimaan_barang_subtotal` decimal(20,2) DEFAULT '0.00',
  `penerimaan_barang_ppn` decimal(20,2) DEFAULT '0.00',
  `penerimaan_barang_total` decimal(20,2) DEFAULT '0.00',
  `penerimaan_barang_status` varchar(255) DEFAULT NULL,
  `penerimaan_barang_status_date` datetime DEFAULT NULL ON UPDATE CURRENT_TIMESTAMP,
  `penerimaan_barang_pemeriksa` varchar(255) DEFAULT NULL,
  `penerimaan_barang_penyetuju` varchar(255) DEFAULT NULL,
  `m_gudang_id` int(11) DEFAULT NULL,
  `penerimaan_barang_catatan` varchar(255) DEFAULT NULL,
  `penerimaan_barang_status_pembayaran` int(11) DEFAULT '1' COMMENT '0 Lunas, 1 Belum Lunas',
  `penerimaan_barang_nominal_pembayaran` decimal(20,2) DEFAULT '0.00',
  `penerimaan_barang_printed` varchar(255) DEFAULT NULL,
  `penerimaan_barang_created_date` datetime NOT NULL,
  `penerimaan_barang_created_by` varchar(255) NOT NULL,
  `penerimaan_barang_update_date` datetime DEFAULT NULL ON UPDATE CURRENT_TIMESTAMP,
  `penerimaan_barang_update_by` varchar(0) DEFAULT NULL,
  `penerimaan_barang_revised` int(255) DEFAULT NULL,
  PRIMARY KEY (`penerimaan_barang_id`)
) ENGINE=MyISAM AUTO_INCREMENT=27 DEFAULT CHARSET=latin1;

-- ----------------------------
-- Records of t_penerimaan_barang
-- ----------------------------
INSERT INTO `t_penerimaan_barang` VALUES ('1', '1', 'BPB20170200001', '2017-04-12 13:12:09', '0', null, '1', '2017-02-27', '40325000.00', '0.00', '40325000.00', '3', '2017-04-12 13:12:09', '7', '9', '2', '-', '0', '40325000.00', null, '2017-02-27 10:02:11', 'developer', '2017-04-12 13:12:09', '', '7');
INSERT INTO `t_penerimaan_barang` VALUES ('4', '1', 'BPBJ20170300001', '2017-03-01 16:40:13', '1', 'SJ0312124', '8', '2017-03-04', '1398500.00', '10.00', '1538350.00', '3', '2017-03-01 16:40:13', '7', '9', '1', '-', '1', '0.00', null, '2017-03-01 16:34:00', 'developer', '2017-03-01 16:40:14', '', '2');
INSERT INTO `t_penerimaan_barang` VALUES ('5', '1', 'BPB20170300001', '2017-03-07 15:50:37', '0', 'sj0012', '9', '2017-03-04', '1760880.00', '0.00', '1760880.00', '2', '2017-03-07 15:50:37', '7', '8', '1', 'catatan', '1', '0.00', null, '2017-03-04 10:54:32', 'developer', '2017-03-07 15:50:37', '', '2');
INSERT INTO `t_penerimaan_barang` VALUES ('7', '1', 'BPB20170300003', '2017-04-03 16:10:46', '0', 'a234', '11', '2017-03-08', '0.00', '0.00', '0.00', '2', '2017-04-03 16:10:37', '10', '8', '1', 'atatan', '1', '0.00', null, '2017-03-08 09:03:56', 'developer', '2017-04-03 16:10:37', '', '1');
INSERT INTO `t_penerimaan_barang` VALUES ('8', '1', 'BPB20170300004', '2017-04-03 16:10:37', '0', 'a234', '11', '2017-03-08', '0.00', '0.00', '0.00', '2', '2017-04-03 16:10:29', '10', '8', '1', 'atatan', '1', '0.00', null, '2017-03-08 09:04:00', 'developer', '2017-04-03 16:10:29', '', '1');
INSERT INTO `t_penerimaan_barang` VALUES ('9', '1', 'BPB20170300005', '2017-03-08 09:06:04', '0', 'a234', '11', '2017-03-08', '0.00', '0.00', '0.00', '3', '2017-03-08 09:06:04', '10', '8', '1', 'atatan', '1', '0.00', null, '2017-03-08 09:04:01', 'developer', '2017-03-08 09:06:03', '', '2');
INSERT INTO `t_penerimaan_barang` VALUES ('10', '1', 'BPB20170300006', '2017-04-03 16:10:20', '0', 'SJ12345', '9', '2017-03-10', '0.00', '0.00', '0.00', '2', '2017-04-03 16:10:11', '7', '9', '1', '-', '1', '0.00', null, '2017-03-10 14:28:37', 'developer', '2017-04-03 16:10:11', '', '1');
INSERT INTO `t_penerimaan_barang` VALUES ('24', '1', 'BPB20170400008', '2017-04-03 16:07:44', '0', 'sdgdfgdfg', '13', '2017-04-21', '0.00', '0.00', '0.00', '2', '2017-04-03 16:07:35', '7', '8', '5', '', '1', '0.00', null, '2017-04-03 14:33:27', 'developer', '2017-04-03 16:07:35', '', '1');
INSERT INTO `t_penerimaan_barang` VALUES ('25', '1', 'BPB20170400009', '2017-04-19 16:45:34', '0', '011-000-000', '16', '2017-04-14', '35000000.00', '0.00', '35000000.00', '3', '2017-04-19 16:45:34', '19', '7', '2', '-', '1', '5000000.00', null, '2017-04-13 10:36:13', 'developer', '2017-04-19 16:45:34', '', '2');
INSERT INTO `t_penerimaan_barang` VALUES ('26', '1', 'BPB20170400010', '2017-04-13 14:20:56', '0', '145-1444', '14', '2017-04-15', '0.00', '0.00', '0.00', '3', '2017-04-13 14:20:56', '7', '10', '1', '', '1', '0.00', null, '2017-04-13 14:13:18', 'developer', '2017-04-13 14:21:08', '', '2');

-- ----------------------------
-- Table structure for t_penerimaan_barangdet
-- ----------------------------
DROP TABLE IF EXISTS `t_penerimaan_barangdet`;
CREATE TABLE `t_penerimaan_barangdet` (
  `penerimaan_barangdet_id` int(11) NOT NULL AUTO_INCREMENT,
  `t_penerimaan_barang_id` int(11) DEFAULT NULL,
  `m_barang_id` int(11) DEFAULT NULL,
  `penerimaan_barang_no_seri` text,
  `penerimaan_barangdet_qty` decimal(20,2) DEFAULT '0.00',
  `penerimaan_barangdet_qty_retur` decimal(20,2) DEFAULT '0.00',
  `penerimaan_barangdet_verifikasi` int(11) DEFAULT '0' COMMENT '0 Tidak, 1 Verifikasi',
  `penerimaan_barangdet_harga_satuan` decimal(20,2) DEFAULT '0.00',
  `penerimaan_barangdet_potongan` decimal(20,2) DEFAULT '0.00',
  `penerimaan_barangdet_total` decimal(20,2) DEFAULT '0.00',
  `penerimaan_barangdet_keterangan` varchar(255) DEFAULT NULL,
  `penerimaan_barangdet_status` int(255) DEFAULT NULL,
  `penerimaan_barangdet_status_date` datetime DEFAULT NULL,
  `penerimaan_barangdet_created_date` datetime NOT NULL,
  `penerimaan_barangdet_created_by` varchar(255) NOT NULL,
  `penerimaan_barangdet_update_date` datetime DEFAULT NULL ON UPDATE CURRENT_TIMESTAMP,
  `penerimaan_barangdet_update_by` varchar(0) DEFAULT NULL,
  `penerimaan_barangdet_revised` int(255) DEFAULT NULL,
  `penerimaan_barangdet_qty_no_seri` text,
  PRIMARY KEY (`penerimaan_barangdet_id`)
) ENGINE=MyISAM AUTO_INCREMENT=23 DEFAULT CHARSET=latin1;

-- ----------------------------
-- Records of t_penerimaan_barangdet
-- ----------------------------
INSERT INTO `t_penerimaan_barangdet` VALUES ('1', '1', '1', '', '150.00', '20.00', '1', '130000.00', '0.00', '19500000.00', '-', '1', '2017-02-27 10:02:11', '2017-02-27 10:02:11', 'developer', '2017-03-10 14:23:50', '', '5', null);
INSERT INTO `t_penerimaan_barangdet` VALUES ('2', '1', '2', '', '155.00', '0.00', '1', '135000.00', '100000.00', '20825000.00', '-', '1', '2017-02-27 10:02:11', '2017-02-27 10:02:11', 'developer', '2017-03-10 14:23:50', '', '5', null);
INSERT INTO `t_penerimaan_barangdet` VALUES ('8', '4', '2', '', '50.00', '0.00', '1', '10000.00', '1000.00', '499000.00', '-', '1', '2017-03-01 16:34:01', '2017-03-01 16:34:01', 'developer', '2017-03-10 14:23:50', '', '1', null);
INSERT INTO `t_penerimaan_barangdet` VALUES ('9', '5', '1', '', '149.00', '10.00', '0', '11818.00', '0.00', '1760882.00', 'null', '1', '2017-03-04 10:54:32', '2017-03-04 10:54:32', 'developer', '2017-03-10 14:23:50', '', '1', null);
INSERT INTO `t_penerimaan_barangdet` VALUES ('7', '4', '1', '', '100.00', '0.00', '1', '9000.00', '500.00', '899500.00', '-', '1', '2017-03-01 16:34:00', '2017-03-01 16:34:00', 'developer', '2017-03-10 14:23:50', '', '1', null);
INSERT INTO `t_penerimaan_barangdet` VALUES ('10', '7', '5', '', '7500.00', '0.00', '0', null, null, null, null, '1', '2017-03-08 09:03:56', '2017-03-08 09:03:56', 'developer', '2017-03-10 14:23:50', null, '0', null);
INSERT INTO `t_penerimaan_barangdet` VALUES ('11', '7', '6', '', '50.00', '0.00', '0', null, null, null, null, '1', '2017-03-08 09:03:56', '2017-03-08 09:03:56', 'developer', '2017-03-10 14:23:50', null, '0', null);
INSERT INTO `t_penerimaan_barangdet` VALUES ('12', '8', '5', '', '7500.00', '0.00', '0', null, null, null, null, '1', '2017-03-08 09:04:00', '2017-03-08 09:04:00', 'developer', '2017-03-10 14:23:50', null, '0', null);
INSERT INTO `t_penerimaan_barangdet` VALUES ('13', '8', '6', '', '50.00', '0.00', '0', null, null, null, null, '1', '2017-03-08 09:04:00', '2017-03-08 09:04:00', 'developer', '2017-03-10 14:23:50', null, '0', null);
INSERT INTO `t_penerimaan_barangdet` VALUES ('14', '9', '5', '', '7500.00', '7500.00', '1', '0.00', '0.00', '0.00', 'null', '1', '2017-03-08 09:04:02', '2017-03-08 09:04:02', 'developer', '2017-03-10 14:23:50', '', '1', null);
INSERT INTO `t_penerimaan_barangdet` VALUES ('15', '9', '6', '', '50.00', '25.00', '1', '0.00', '0.00', '0.00', 'null', '1', '2017-03-08 09:04:02', '2017-03-08 09:04:02', 'developer', '2017-04-03 14:45:31', '', '1', null);
INSERT INTO `t_penerimaan_barangdet` VALUES ('16', '10', '1', 'NO20170200215G,NO20170267821I,NO20170399212P,NO20170211234H,NO20170320045F,NO20170399032K', '150.00', '0.00', '0', null, null, null, null, '1', '2017-03-10 14:28:38', '2017-03-10 14:28:38', 'developer', '2017-03-10 14:28:38', null, '0', null);
INSERT INTO `t_penerimaan_barangdet` VALUES ('20', '24', '32', 'dfskdsdasd sjdksdskd,sdsds,dsdsd', '0.00', '0.00', '0', '0.00', '0.00', '0.00', null, '1', '2017-04-03 14:33:27', '2017-04-03 14:33:27', 'developer', '2017-04-03 14:33:27', null, '0', '100,230,300');
INSERT INTO `t_penerimaan_barangdet` VALUES ('21', '25', '656', '14564,14545', '700.00', '0.00', '1', '50000.00', '0.00', '35000000.00', '-', '1', '2017-04-13 10:36:13', '2017-04-13 10:36:13', 'developer', '2017-04-13 10:44:53', '', '1', '200,500');
INSERT INTO `t_penerimaan_barangdet` VALUES ('22', '26', '32', '1424,17867', '722.00', '2.50', '1', '0.00', '0.00', '0.00', 'null', '1', '2017-04-13 14:13:18', '2017-04-13 14:13:18', 'developer', '2017-04-13 14:22:40', '', '1', '500,222');

-- ----------------------------
-- Table structure for t_penerimaan_baranglog
-- ----------------------------
DROP TABLE IF EXISTS `t_penerimaan_baranglog`;
CREATE TABLE `t_penerimaan_baranglog` (
  `penerimaan_baranglog_id` int(11) NOT NULL AUTO_INCREMENT,
  `referensi_id` int(11) DEFAULT NULL,
  `penerimaan_baranglog_status_dari` int(11) DEFAULT NULL,
  `penerimaan_baranglog_status_ke` int(11) DEFAULT NULL,
  `penerimaan_baranglog_status_update_date` datetime DEFAULT NULL ON UPDATE CURRENT_TIMESTAMP,
  `penerimaan_baranglog_status_update_by` varchar(255) DEFAULT NULL,
  PRIMARY KEY (`penerimaan_baranglog_id`)
) ENGINE=InnoDB AUTO_INCREMENT=15 DEFAULT CHARSET=latin1;

-- ----------------------------
-- Records of t_penerimaan_baranglog
-- ----------------------------
INSERT INTO `t_penerimaan_baranglog` VALUES ('1', '1', '1', '2', '2017-02-27 10:05:20', 'developer');
INSERT INTO `t_penerimaan_baranglog` VALUES ('2', '3', '1', '2', '2017-03-01 15:52:42', 'developer');
INSERT INTO `t_penerimaan_baranglog` VALUES ('3', '4', '1', '2', '2017-03-01 16:39:44', 'developer');
INSERT INTO `t_penerimaan_baranglog` VALUES ('4', '5', '1', '2', '2017-03-04 10:54:48', 'developer');
INSERT INTO `t_penerimaan_baranglog` VALUES ('5', '6', '1', '2', '2017-03-07 15:47:55', 'developer');
INSERT INTO `t_penerimaan_baranglog` VALUES ('6', '9', '1', '2', '2017-03-08 09:05:12', 'developer');
INSERT INTO `t_penerimaan_baranglog` VALUES ('7', '21', '1', '2', '2017-04-03 14:24:49', 'developer');
INSERT INTO `t_penerimaan_baranglog` VALUES ('8', '23', '1', '2', '2017-04-03 14:30:12', 'developer');
INSERT INTO `t_penerimaan_baranglog` VALUES ('9', '24', '1', '2', '2017-04-03 16:07:35', 'developer');
INSERT INTO `t_penerimaan_baranglog` VALUES ('10', '10', '1', '2', '2017-04-03 16:10:11', 'developer');
INSERT INTO `t_penerimaan_baranglog` VALUES ('11', '8', '1', '2', '2017-04-03 16:10:29', 'developer');
INSERT INTO `t_penerimaan_baranglog` VALUES ('12', '7', '1', '2', '2017-04-03 16:10:37', 'developer');
INSERT INTO `t_penerimaan_baranglog` VALUES ('13', '25', '1', '2', '2017-04-13 10:42:03', 'developer');
INSERT INTO `t_penerimaan_baranglog` VALUES ('14', '26', '1', '2', '2017-04-13 14:20:44', 'developer');

-- ----------------------------
-- Table structure for t_pengeluaran_kaskecil
-- ----------------------------
DROP TABLE IF EXISTS `t_pengeluaran_kaskecil`;
CREATE TABLE `t_pengeluaran_kaskecil` (
  `pengeluaran_kaskecil_id` int(11) NOT NULL AUTO_INCREMENT,
  `pengeluaran_kaskecil_nomor` varchar(50) DEFAULT NULL,
  `pengeluaran_kaskecil_tanggal` datetime DEFAULT NULL,
  `m_kas_id` int(11) DEFAULT NULL,
  `pengeluaran_kaskecil_total` decimal(20,2) DEFAULT '0.00',
  `pengeluaran_kaskecil_created_date` datetime DEFAULT NULL,
  `pengeluaran_kaskecil_created_by` varchar(255) DEFAULT NULL,
  `pengeluaran_kaskecil_updated_date` datetime DEFAULT NULL,
  `pengeluaran_kaskecil_updated_by` varchar(255) DEFAULT NULL,
  `pengeluaran_kaskecil_revised` int(11) DEFAULT '0',
  PRIMARY KEY (`pengeluaran_kaskecil_id`)
) ENGINE=InnoDB AUTO_INCREMENT=4 DEFAULT CHARSET=utf8;

-- ----------------------------
-- Records of t_pengeluaran_kaskecil
-- ----------------------------
INSERT INTO `t_pengeluaran_kaskecil` VALUES ('1', 'KAS20170400001', '2017-04-18 00:00:00', '2', '250000.00', '2017-04-18 13:47:49', 'developer', '2017-04-18 13:47:49', null, '0');
INSERT INTO `t_pengeluaran_kaskecil` VALUES ('2', 'KAS20170400002', '2017-04-18 00:00:00', '2', '150000.00', '2017-04-18 16:03:31', 'developer', '2017-04-18 16:03:31', null, '0');
INSERT INTO `t_pengeluaran_kaskecil` VALUES ('3', 'KAS20170400003', '2017-04-19 00:00:00', '2', '110000.00', '2017-04-19 15:58:12', 'developer', '2017-04-19 15:58:12', null, '0');

-- ----------------------------
-- Table structure for t_pengeluaran_kaskecildet
-- ----------------------------
DROP TABLE IF EXISTS `t_pengeluaran_kaskecildet`;
CREATE TABLE `t_pengeluaran_kaskecildet` (
  `pengeluaran_kaskecildet_id` int(11) NOT NULL AUTO_INCREMENT,
  `t_pengeluaran_kaskecil_id` int(11) DEFAULT NULL,
  `m_coa_id` int(11) DEFAULT NULL,
  `pengeluaran_kaskecildet_keterangan` text,
  `pengeluaran_kaskecildet_nominal` decimal(20,2) DEFAULT '0.00',
  `pengeluaran_kaskecildet_created_date` datetime DEFAULT NULL,
  `pengeluaran_kaskecildet_created_by` varchar(255) DEFAULT NULL,
  `pengeluaran_kaskecildet_updated_date` datetime DEFAULT NULL,
  `pengeluaran_kaskecildet_updated_by` varchar(255) DEFAULT NULL,
  `pengeluaran_kaskecildet_revised` int(11) DEFAULT '0',
  PRIMARY KEY (`pengeluaran_kaskecildet_id`)
) ENGINE=InnoDB AUTO_INCREMENT=7 DEFAULT CHARSET=utf8;

-- ----------------------------
-- Records of t_pengeluaran_kaskecildet
-- ----------------------------
INSERT INTO `t_pengeluaran_kaskecildet` VALUES ('1', '1', '3', 'Pembelian ATK', '200000.00', '2017-04-18 13:47:50', 'developer', '2017-04-18 13:47:50', null, '0');
INSERT INTO `t_pengeluaran_kaskecildet` VALUES ('2', '1', '3', 'Bensin + Parkir', '50000.00', '2017-04-18 13:47:50', 'developer', '2017-04-18 13:47:50', null, '0');
INSERT INTO `t_pengeluaran_kaskecildet` VALUES ('3', '2', '3', 'Pembelian ATK', '100000.00', '2017-04-18 16:03:31', 'developer', '2017-04-18 16:03:31', null, '0');
INSERT INTO `t_pengeluaran_kaskecildet` VALUES ('4', '2', '3', 'Akomodasi', '50000.00', '2017-04-18 16:03:31', 'developer', '2017-04-18 16:03:31', null, '0');
INSERT INTO `t_pengeluaran_kaskecildet` VALUES ('5', '3', '42', 'beli atk ', '100000.00', '2017-04-19 15:58:13', 'developer', '2017-04-19 15:58:13', null, '0');
INSERT INTO `t_pengeluaran_kaskecildet` VALUES ('6', '3', '42', 'beli air mineral', '10000.00', '2017-04-19 15:58:16', 'developer', '2017-04-19 15:58:16', null, '0');

-- ----------------------------
-- Table structure for t_pengembalian_barang
-- ----------------------------
DROP TABLE IF EXISTS `t_pengembalian_barang`;
CREATE TABLE `t_pengembalian_barang` (
  `pengembalian_barang_id` int(11) NOT NULL AUTO_INCREMENT,
  `pengembalian_barang_nomor` varchar(255) DEFAULT NULL,
  `pengembalian_barang_awal` varchar(255) DEFAULT NULL,
  `pengembalian_barang_tujuan` varchar(255) DEFAULT NULL,
  `pengembalian_barang_created_date` datetime DEFAULT NULL,
  `pengembalian_barang_created_by` varchar(255) DEFAULT NULL,
  `pengembalian_barang_update_date` datetime DEFAULT NULL ON UPDATE CURRENT_TIMESTAMP,
  `pengembalian_barang_update_by` varchar(255) DEFAULT NULL,
  `pengembalian_barang_revised` int(255) DEFAULT NULL,
  `m_cabang_id` int(11) DEFAULT NULL,
  `pengembalian_barang_status` int(11) DEFAULT NULL,
  PRIMARY KEY (`pengembalian_barang_id`)
) ENGINE=MyISAM AUTO_INCREMENT=5 DEFAULT CHARSET=latin1;

-- ----------------------------
-- Records of t_pengembalian_barang
-- ----------------------------
INSERT INTO `t_pengembalian_barang` VALUES ('1', 'PBRG20170300001', '1', '4', '2017-03-07 21:33:52', 'developer', '2017-03-07 22:42:40', 'developer', '4', '1', '2');
INSERT INTO `t_pengembalian_barang` VALUES ('2', 'PBRG20170300001', '1', '4', '2017-03-08 14:18:24', 'developer', '2017-03-08 14:19:11', 'developer', '1', '1', '2');
INSERT INTO `t_pengembalian_barang` VALUES ('3', 'PBRG20170300001', '4', '5', '2017-03-21 16:26:31', 'developer', '2017-03-21 16:26:55', 'developer', '1', '1', '2');
INSERT INTO `t_pengembalian_barang` VALUES ('4', 'PBRG20170400001', '1', '5', '2017-04-03 14:46:35', 'developer', '2017-04-04 10:22:02', 'developer', '1', '1', '2');

-- ----------------------------
-- Table structure for t_pengembalian_barangdet
-- ----------------------------
DROP TABLE IF EXISTS `t_pengembalian_barangdet`;
CREATE TABLE `t_pengembalian_barangdet` (
  `pengembalian_barangdet_id` int(11) NOT NULL AUTO_INCREMENT,
  `m_barang_id` int(11) DEFAULT NULL,
  `t_pengembalian_barang_id` int(11) DEFAULT NULL,
  `pengembalian_barangdet_qty` decimal(20,2) DEFAULT '0.00',
  `pengembalian_barangdet_keterangan` varchar(255) DEFAULT NULL,
  PRIMARY KEY (`pengembalian_barangdet_id`)
) ENGINE=MyISAM AUTO_INCREMENT=4 DEFAULT CHARSET=latin1;

-- ----------------------------
-- Records of t_pengembalian_barangdet
-- ----------------------------
INSERT INTO `t_pengembalian_barangdet` VALUES ('1', '6', '1', '12.00', 'Barang tidak terpakai');
INSERT INTO `t_pengembalian_barangdet` VALUES ('2', '5', '2', '10.00', 'oooo');
INSERT INTO `t_pengembalian_barangdet` VALUES ('3', '8', '3', '100.00', 'alasan');

-- ----------------------------
-- Table structure for t_pengembalian_baranglog
-- ----------------------------
DROP TABLE IF EXISTS `t_pengembalian_baranglog`;
CREATE TABLE `t_pengembalian_baranglog` (
  `pengembalian_baranglog_id` int(11) NOT NULL AUTO_INCREMENT,
  `referensi_id` int(11) DEFAULT NULL,
  `pengembalian_baranglog_status_dari` int(11) DEFAULT NULL,
  `pengembalian_baranglog_status_ke` int(11) DEFAULT NULL,
  `pengembalian_baranglog_status_update_date` datetime DEFAULT NULL,
  `pengembalian_baranglog_status_update_by` varchar(255) DEFAULT NULL,
  PRIMARY KEY (`pengembalian_baranglog_id`)
) ENGINE=MyISAM AUTO_INCREMENT=5 DEFAULT CHARSET=latin1;

-- ----------------------------
-- Records of t_pengembalian_baranglog
-- ----------------------------
INSERT INTO `t_pengembalian_baranglog` VALUES ('1', '1', '1', '2', '2017-03-07 22:42:40', 'developer');
INSERT INTO `t_pengembalian_baranglog` VALUES ('2', '2', '1', '2', '2017-03-08 14:19:11', 'developer');
INSERT INTO `t_pengembalian_baranglog` VALUES ('3', '3', '1', '2', '2017-03-21 16:26:55', 'developer');
INSERT INTO `t_pengembalian_baranglog` VALUES ('4', '4', '1', '2', '2017-04-04 10:22:02', 'developer');

-- ----------------------------
-- Table structure for t_pengubahan_bahan
-- ----------------------------
DROP TABLE IF EXISTS `t_pengubahan_bahan`;
CREATE TABLE `t_pengubahan_bahan` (
  `pengubahan_bahan_id` int(11) NOT NULL AUTO_INCREMENT,
  `t_perolehan_produksi_id` int(11) DEFAULT NULL,
  `pengubahan_bahan_tanggal` datetime DEFAULT NULL,
  `pengubahan_bahan_nomor` varchar(255) DEFAULT NULL,
  `pengubahan_bahan_jenis` int(1) DEFAULT NULL,
  `pengubahan_bahan_status` varchar(255) DEFAULT NULL,
  `pengubahan_bahan_created_date` datetime DEFAULT NULL ON UPDATE CURRENT_TIMESTAMP,
  `pengubahan_bahan_created_by` varchar(255) DEFAULT NULL,
  `pengubahan_bahan_update_date` datetime DEFAULT NULL ON UPDATE CURRENT_TIMESTAMP,
  `pengubahan_bahan_update_by` varchar(255) DEFAULT NULL,
  `pengubahan_bahan_revised` int(255) DEFAULT NULL,
  `m_cabang_id` int(11) DEFAULT NULL,
  `pengubahan_bahan_keterangan` text,
  `pengubahan_bahan_konversi` float DEFAULT NULL,
  PRIMARY KEY (`pengubahan_bahan_id`)
) ENGINE=MyISAM AUTO_INCREMENT=12 DEFAULT CHARSET=latin1;

-- ----------------------------
-- Records of t_pengubahan_bahan
-- ----------------------------
INSERT INTO `t_pengubahan_bahan` VALUES ('4', '4', '2017-07-03 00:00:00', 'PP20170300001', null, '4', '2017-03-21 16:11:27', 'developer', '2017-03-21 16:11:13', 'developer', '4', '1', null, null);
INSERT INTO `t_pengubahan_bahan` VALUES ('5', '7', '2017-08-03 00:00:00', 'PB20170300001', null, '2', '2017-03-11 10:55:58', 'developer', '2017-03-11 10:55:58', 'developer', '1', '1', null, null);
INSERT INTO `t_pengubahan_bahan` VALUES ('6', null, '1970-01-01 00:00:00', 'PB20170300001', null, '1', '2017-03-16 09:28:46', 'developer', '2017-03-16 09:28:46', null, '0', '1', null, null);
INSERT INTO `t_pengubahan_bahan` VALUES ('7', '8', '2017-03-20 00:00:00', 'PB20170300002', '1', '2', '2017-03-20 14:16:52', 'developer', '2017-03-20 14:16:52', null, '0', '1', '', '262.318');
INSERT INTO `t_pengubahan_bahan` VALUES ('8', '9', '2017-03-21 00:00:00', 'PB20170300003', '1', '2', '2017-03-21 13:38:21', 'developer', '2017-03-21 13:38:21', null, '0', '1', '', '2570');
INSERT INTO `t_pengubahan_bahan` VALUES ('9', '11', '2017-03-21 00:00:00', 'PB20170300004', '1', '4', '2017-03-21 16:13:23', 'developer', '2017-03-21 16:13:10', 'developer', '2', '1', '', '600');
INSERT INTO `t_pengubahan_bahan` VALUES ('10', '8', '2017-03-22 00:00:00', 'PB20170300005', '1', '1', '2017-03-22 11:29:06', 'developer', '2017-03-22 11:29:06', null, '0', '1', 'abc', '262.318');
INSERT INTO `t_pengubahan_bahan` VALUES ('11', '8', '2017-03-22 00:00:00', 'PB20170300006', '1', '1', '2017-03-22 11:31:56', 'developer', '2017-03-22 11:31:56', null, '0', '1', 'abc', '262.318');

-- ----------------------------
-- Table structure for t_pengubahan_bahanakhir
-- ----------------------------
DROP TABLE IF EXISTS `t_pengubahan_bahanakhir`;
CREATE TABLE `t_pengubahan_bahanakhir` (
  `pengubahan_bahanakhir_id` int(11) NOT NULL AUTO_INCREMENT,
  `t_pengubahan_bahan_id` int(11) DEFAULT NULL,
  `m_barang_id` int(11) DEFAULT NULL,
  `pengubahan_bahanakhir_qty` decimal(20,0) DEFAULT '0',
  `pengubahan_bahanakhir_gudang` varchar(255) DEFAULT NULL,
  `pengubahan_bahanakhir_status` int(255) DEFAULT NULL,
  `pengubahan_bahanakhir_deskripsi` text,
  PRIMARY KEY (`pengubahan_bahanakhir_id`)
) ENGINE=MyISAM AUTO_INCREMENT=28 DEFAULT CHARSET=latin1;

-- ----------------------------
-- Records of t_pengubahan_bahanakhir
-- ----------------------------
INSERT INTO `t_pengubahan_bahanakhir` VALUES ('1', '4', '5', '10', '4', '0', null);
INSERT INTO `t_pengubahan_bahanakhir` VALUES ('2', '5', '6', '11', '4', '0', null);
INSERT INTO `t_pengubahan_bahanakhir` VALUES ('3', '6', '0', '80', '1', '0', null);
INSERT INTO `t_pengubahan_bahanakhir` VALUES ('4', '7', '1', '10', '6', '0', 'Barang 00001 (00001, Bahan Baku)');
INSERT INTO `t_pengubahan_bahanakhir` VALUES ('5', '7', '1', '5', '6', '0', '(NS) Barang 00001 (00001, Bahan Baku)');
INSERT INTO `t_pengubahan_bahanakhir` VALUES ('6', '7', '6', '10', '6', '0', 'Coil Galvalum 0.20 bmt x 1219  (BHN00002, Bahan Baku)');
INSERT INTO `t_pengubahan_bahanakhir` VALUES ('7', '7', '6', '4', '6', '0', '(NS) Coil Galvalum 0.20 bmt x 1219  (BHN00002, Bahan Baku)');
INSERT INTO `t_pengubahan_bahanakhir` VALUES ('8', '8', '13', '127', '6', '0', 'Kanal SOTHO C 75 - 0,75 (, Barang Jadi)');
INSERT INTO `t_pengubahan_bahanakhir` VALUES ('9', '8', '13', '1', '6', '0', '(NS) Kanal SOTHO C 75 - 0,75 (, Barang Jadi)');
INSERT INTO `t_pengubahan_bahanakhir` VALUES ('10', '8', '13', '128', '6', '0', 'Kanal SOTHO C 75 - 0,75 (, Barang Jadi)');
INSERT INTO `t_pengubahan_bahanakhir` VALUES ('11', '8', '13', '128', '6', '0', 'Kanal SOTHO C 75 - 0,75 (, Barang Jadi)');
INSERT INTO `t_pengubahan_bahanakhir` VALUES ('12', '9', '12', '0', '6', '0', 'Galvalum 0.20 x 90 x 50 mtr (, Barang Jadi)');
INSERT INTO `t_pengubahan_bahanakhir` VALUES ('13', '9', '12', '0', '6', '0', '(NS) Galvalum 0.20 x 90 x 50 mtr (, Barang Jadi)');
INSERT INTO `t_pengubahan_bahanakhir` VALUES ('14', '9', '13', '10', '6', '0', 'Kanal SOTHO C 75 - 0,75 (, Barang Jadi)');
INSERT INTO `t_pengubahan_bahanakhir` VALUES ('15', '9', '13', '0', '6', '0', '(NS) Kanal SOTHO C 75 - 0,75 (, Barang Jadi)');
INSERT INTO `t_pengubahan_bahanakhir` VALUES ('16', '9', '1', '0', '6', '0', 'Galvalum 0.20 x 90 (NS) (, Barang Jadi)');
INSERT INTO `t_pengubahan_bahanakhir` VALUES ('17', '9', '1', '1', '6', '0', '(NS) Galvalum 0.20 x 90 (NS) (, Barang Jadi)');
INSERT INTO `t_pengubahan_bahanakhir` VALUES ('18', '9', '1', '0', '6', '0', 'Galvalum 0.20 x 90 (NS) (, Barang Jadi)');
INSERT INTO `t_pengubahan_bahanakhir` VALUES ('19', '9', '1', '1', '6', '0', '(NS) Galvalum 0.20 x 90 (NS) (, Barang Jadi)');
INSERT INTO `t_pengubahan_bahanakhir` VALUES ('20', '10', '1', '10', '6', '0', 'Galvalum 0.20 x 90 (NS) (, Barang Jadi)');
INSERT INTO `t_pengubahan_bahanakhir` VALUES ('21', '10', '1', '5', '6', '0', '(NS) Galvalum 0.20 x 90 (NS) (, Barang Jadi)');
INSERT INTO `t_pengubahan_bahanakhir` VALUES ('22', '10', '6', '10', '6', '0', 'Coil Galvalum 0.20 bmt x 1219  (BHN00002, Bahan Baku)');
INSERT INTO `t_pengubahan_bahanakhir` VALUES ('23', '10', '6', '4', '6', '0', '(NS) Coil Galvalum 0.20 bmt x 1219  (BHN00002, Bahan Baku)');
INSERT INTO `t_pengubahan_bahanakhir` VALUES ('24', '11', '1', '10', '6', '0', 'Galvalum 0.20 x 90 (NS) (, Barang Jadi)');
INSERT INTO `t_pengubahan_bahanakhir` VALUES ('25', '11', '1', '5', '6', '0', '(NS) Galvalum 0.20 x 90 (NS) (, Barang Jadi)');
INSERT INTO `t_pengubahan_bahanakhir` VALUES ('26', '11', '6', '10', '6', '0', 'Coil Galvalum 0.20 bmt x 1219  (BHN00002, Bahan Baku)');
INSERT INTO `t_pengubahan_bahanakhir` VALUES ('27', '11', '6', '4', '6', '0', '(NS) Coil Galvalum 0.20 bmt x 1219  (BHN00002, Bahan Baku)');

-- ----------------------------
-- Table structure for t_pengubahan_bahanawal
-- ----------------------------
DROP TABLE IF EXISTS `t_pengubahan_bahanawal`;
CREATE TABLE `t_pengubahan_bahanawal` (
  `pengubahan_bahanawal_id` int(11) NOT NULL AUTO_INCREMENT,
  `t_pengubahan_bahan_id` int(11) DEFAULT NULL,
  `m_barang_id` int(11) DEFAULT NULL,
  `pengubahan_bahanawal_qty` decimal(20,2) DEFAULT '0.00',
  `pengubahan_bahanawal_gudang` varchar(255) DEFAULT NULL,
  `pengubahan_bahanawal_status` int(255) DEFAULT NULL,
  `t_perolehan_produksi_awaldet_id` int(11) DEFAULT NULL,
  PRIMARY KEY (`pengubahan_bahanawal_id`)
) ENGINE=MyISAM AUTO_INCREMENT=11 DEFAULT CHARSET=latin1;

-- ----------------------------
-- Records of t_pengubahan_bahanawal
-- ----------------------------
INSERT INTO `t_pengubahan_bahanawal` VALUES ('3', '4', '5', '10.00', '1', '0', null);
INSERT INTO `t_pengubahan_bahanawal` VALUES ('4', '5', '5', '10.00', '1', '0', null);
INSERT INTO `t_pengubahan_bahanawal` VALUES ('5', '6', '0', '60.00', '1', '0', null);
INSERT INTO `t_pengubahan_bahanawal` VALUES ('6', '7', '5', '100.00', 'null', '0', '2');
INSERT INTO `t_pengubahan_bahanawal` VALUES ('7', '8', '8', '5175.00', 'null', '0', '3');
INSERT INTO `t_pengubahan_bahanawal` VALUES ('8', '9', '8', '22.00', 'null', '0', '5');
INSERT INTO `t_pengubahan_bahanawal` VALUES ('9', '10', '5', '100.00', '1', '0', '2');
INSERT INTO `t_pengubahan_bahanawal` VALUES ('10', '11', '5', '100.00', '1', '0', '2');

-- ----------------------------
-- Table structure for t_pengubahan_bahanlog
-- ----------------------------
DROP TABLE IF EXISTS `t_pengubahan_bahanlog`;
CREATE TABLE `t_pengubahan_bahanlog` (
  `pengubahan_bahanlog_id` int(11) NOT NULL AUTO_INCREMENT,
  `referensi_id` int(11) DEFAULT NULL,
  `pengubahan_bahanlog_status_dari` int(11) DEFAULT NULL,
  `pengubahan_bahanlog_status_ke` int(11) DEFAULT NULL,
  `pengubahan_bahanlog_status_update_date` datetime DEFAULT NULL,
  `pengubahan_bahanlog_status_update_by` varchar(255) DEFAULT NULL,
  PRIMARY KEY (`pengubahan_bahanlog_id`)
) ENGINE=InnoDB AUTO_INCREMENT=11 DEFAULT CHARSET=latin1;

-- ----------------------------
-- Records of t_pengubahan_bahanlog
-- ----------------------------
INSERT INTO `t_pengubahan_bahanlog` VALUES ('2', '4', '1', '2', '2017-03-07 11:13:57', 'developer');
INSERT INTO `t_pengubahan_bahanlog` VALUES ('3', '5', '1', '2', '2017-03-08 13:45:04', 'developer');
INSERT INTO `t_pengubahan_bahanlog` VALUES ('4', '0', '1', '2', '2017-03-20 14:16:52', 'developer');
INSERT INTO `t_pengubahan_bahanlog` VALUES ('5', '4', '2', '3', '2017-03-21 10:43:20', 'developer');
INSERT INTO `t_pengubahan_bahanlog` VALUES ('6', '0', '1', '2', '2017-03-21 13:38:21', 'developer');
INSERT INTO `t_pengubahan_bahanlog` VALUES ('7', '0', '1', '2', '2017-03-21 15:49:13', 'developer');
INSERT INTO `t_pengubahan_bahanlog` VALUES ('8', '9', '2', '3', '2017-03-21 16:13:03', 'developer');
INSERT INTO `t_pengubahan_bahanlog` VALUES ('9', '0', '1', '2', '2017-03-22 11:29:06', 'developer');
INSERT INTO `t_pengubahan_bahanlog` VALUES ('10', '0', '1', '2', '2017-03-22 11:31:56', 'developer');

-- ----------------------------
-- Table structure for t_perhitungan_kebutuhan
-- ----------------------------
DROP TABLE IF EXISTS `t_perhitungan_kebutuhan`;
CREATE TABLE `t_perhitungan_kebutuhan` (
  `perhitungan_kebutuhan_id` int(11) NOT NULL AUTO_INCREMENT,
  `perhitungan_kebutuhan_nomor` varchar(255) DEFAULT NULL,
  `perhitungan_kebutuhan_jenis` int(1) DEFAULT NULL,
  `m_cabang_id` int(11) DEFAULT NULL,
  `m_gudang_id` int(11) DEFAULT NULL,
  `t_jadwal_produksi_id` varchar(255) DEFAULT NULL,
  `perhitungan_kebutuhan_tanggal` datetime DEFAULT NULL,
  `perhitungan_kebutuhan_verifikasi_jumlah` int(1) DEFAULT '0',
  `perhitungan_kebutuhan_status` varchar(255) DEFAULT NULL,
  `perhitungan_kebutuhan_status_date` datetime DEFAULT NULL,
  `perhitungan_kebutuhan_created_date` datetime DEFAULT NULL,
  `perhitungan_kebutuhan_created_by` varchar(255) DEFAULT NULL,
  `perhitungan_kebutuhan_update_date` datetime DEFAULT NULL ON UPDATE CURRENT_TIMESTAMP,
  `perhitungan_kebutuhan_update_by` varchar(255) DEFAULT NULL,
  `perhitungan_kebutuhan_revised` int(11) DEFAULT NULL,
  PRIMARY KEY (`perhitungan_kebutuhan_id`)
) ENGINE=MyISAM AUTO_INCREMENT=21 DEFAULT CHARSET=latin1;

-- ----------------------------
-- Records of t_perhitungan_kebutuhan
-- ----------------------------
INSERT INTO `t_perhitungan_kebutuhan` VALUES ('1', 'PKB20170300001', null, '1', '1', '[\"1\"]', '2017-03-04 00:00:00', '0', '3', '2017-03-04 03:49:01', '2017-03-04 02:57:30', 'developer', '2017-03-14 10:54:19', 'developer', '8');
INSERT INTO `t_perhitungan_kebutuhan` VALUES ('2', 'PKB20170300002', null, '1', null, '[\"3\"]', '2017-03-08 00:00:00', '0', '2', '2017-03-15 14:09:43', '2017-03-08 10:54:32', 'developer', '2017-03-15 14:09:43', 'developer', '1');
INSERT INTO `t_perhitungan_kebutuhan` VALUES ('9', 'PKB20170300003', null, '1', null, '[\"9\",\"10\"]', '2017-03-14 00:00:00', '0', '1', '2017-03-14 13:28:58', '2017-03-14 13:28:58', 'developer', '2017-03-14 13:28:58', null, '0');
INSERT INTO `t_perhitungan_kebutuhan` VALUES ('10', 'PKB20170300004', '1', '1', '1', '[\"13\"]', '2017-03-20 00:00:00', '1', '4', '2017-03-20 13:52:34', '2017-03-20 13:52:34', 'developer', '2017-03-21 11:41:30', 'developer', '5');
INSERT INTO `t_perhitungan_kebutuhan` VALUES ('11', 'PKB20170300005', '1', '1', null, '[\"16\"]', '2017-03-21 00:00:00', '0', '3', '2017-03-21 13:32:10', '2017-03-21 13:28:58', 'developer', '2017-03-21 13:32:10', 'developer', '1');
INSERT INTO `t_perhitungan_kebutuhan` VALUES ('12', 'PKB20170300006', '1', '1', null, '[\"17\"]', '2017-03-21 00:00:00', '0', '2', '2017-04-13 15:11:42', '2017-03-21 15:11:57', 'developer', '2017-04-13 15:11:42', 'developer', '1');
INSERT INTO `t_perhitungan_kebutuhan` VALUES ('13', 'PKB20170300007', '1', '1', null, '[\"15\"]', '2017-03-21 00:00:00', '0', '2', '2017-04-03 14:04:44', '2017-03-21 15:21:22', 'developer', '2017-04-03 14:04:44', 'developer', '1');
INSERT INTO `t_perhitungan_kebutuhan` VALUES ('14', 'PKB20170300008', '2', '1', null, null, '2017-03-21 00:00:00', '0', '3', '2017-03-21 15:31:47', '2017-03-21 15:30:18', 'developer', '2017-03-21 15:31:47', 'developer', '1');
INSERT INTO `t_perhitungan_kebutuhan` VALUES ('15', 'PKB20170300009', '2', '1', null, null, '2017-03-21 00:00:00', '0', '2', '2017-04-13 15:23:27', '2017-03-21 15:30:22', 'developer', '2017-04-13 15:23:27', 'developer', '1');
INSERT INTO `t_perhitungan_kebutuhan` VALUES ('16', 'PKB20170300010', '2', '1', '2', null, '2017-03-21 00:00:00', '0', '1', '2017-03-21 15:30:25', '2017-03-21 15:30:25', 'developer', '2017-04-13 15:15:56', 'developer', '1');
INSERT INTO `t_perhitungan_kebutuhan` VALUES ('17', 'PKB20170300011', '2', '1', null, null, '2017-03-21 00:00:00', '0', '2', '2017-04-03 12:18:39', '2017-03-21 15:30:26', 'developer', '2017-04-03 12:18:39', 'developer', '1');
INSERT INTO `t_perhitungan_kebutuhan` VALUES ('18', 'PKB20170400001', '2', '1', null, null, '2017-04-03 00:00:00', '0', '2', '2017-04-03 14:05:23', '2017-04-03 10:50:10', 'developer', '2017-04-03 14:05:23', 'developer', '1');
INSERT INTO `t_perhitungan_kebutuhan` VALUES ('20', 'PKB20170400002', '1', '1', null, '[\"19\"]', '2017-04-13 00:00:00', '0', '1', '2017-04-13 11:47:53', '2017-04-13 11:47:53', 'developer', '2017-04-13 11:47:53', null, '0');

-- ----------------------------
-- Table structure for t_perhitungan_kebutuhandet
-- ----------------------------
DROP TABLE IF EXISTS `t_perhitungan_kebutuhandet`;
CREATE TABLE `t_perhitungan_kebutuhandet` (
  `perhitungan_kebutuhandet_id` int(11) NOT NULL AUTO_INCREMENT,
  `t_perhitungan_kebutuhan_id` int(11) DEFAULT NULL,
  `t_jadwal_produksidet_id` int(11) DEFAULT NULL,
  `m_barang_id` int(11) DEFAULT NULL,
  `barang_jadi_id` int(11) DEFAULT NULL,
  `perhitungan_kebutuhandet_qty` decimal(20,2) DEFAULT '0.00',
  `perhitungan_kebutuhandet_berat` varchar(255) DEFAULT NULL,
  `perhitungan_kebutuhandet_total` varchar(255) DEFAULT NULL,
  `perhitungan_kebutuhandet_ukuran` varchar(255) DEFAULT NULL,
  `perhitungan_kebutuhandet_lebar` varchar(255) DEFAULT NULL,
  `perhitungan_kebutuhandet_slitingan` varchar(255) DEFAULT NULL,
  `perhitungan_kebutuhandet_keterangan` varchar(255) DEFAULT NULL,
  `perhitungan_kebutuhandet_status` int(11) DEFAULT NULL,
  `perhitungan_kebutuhandet_created_date` datetime DEFAULT NULL,
  `perhitungan_kebutuhandet_created_by` varchar(255) DEFAULT NULL,
  `perhitungan_kebutuhandet_update_date` datetime DEFAULT NULL,
  `perhitungan_kebutuhandet_update_by` varchar(255) DEFAULT NULL,
  `perhitungan_kebutuhandet_revised` int(11) DEFAULT NULL,
  PRIMARY KEY (`perhitungan_kebutuhandet_id`)
) ENGINE=MyISAM AUTO_INCREMENT=44 DEFAULT CHARSET=latin1;

-- ----------------------------
-- Records of t_perhitungan_kebutuhandet
-- ----------------------------
INSERT INTO `t_perhitungan_kebutuhandet` VALUES ('1', '1', '1', '5', null, '80.00', '100', '800', '100', '50', '10', '-', '1', '2017-03-04 02:57:30', 'developer', '2017-03-04 02:57:30', null, '0');
INSERT INTO `t_perhitungan_kebutuhandet` VALUES ('2', '1', '1', '6', null, '100.00', '50', '500', '400', '60', '20', '-', '1', '2017-03-04 02:57:30', 'developer', '2017-03-04 02:57:30', null, '0');
INSERT INTO `t_perhitungan_kebutuhandet` VALUES ('3', '2', '3', '2', null, '34.00', '500', '500', '0,2', '192', '0', '', '1', '2017-03-08 10:54:32', 'developer', '2017-03-08 10:54:32', null, '0');
INSERT INTO `t_perhitungan_kebutuhandet` VALUES ('4', '2', '3', '7', null, '48.00', '40', '600', '3', '333', '0', '', '1', '2017-03-08 10:54:32', 'developer', '2017-03-08 10:54:32', null, '0');
INSERT INTO `t_perhitungan_kebutuhandet` VALUES ('5', '2', '4', '2', null, '34.00', '500', '500', '0,2', '192', '0', '', '1', '2017-03-08 10:54:32', 'developer', '2017-03-08 10:54:32', null, '0');
INSERT INTO `t_perhitungan_kebutuhandet` VALUES ('6', '2', '4', '7', null, '48.00', '40', '600', '3', '333', '0', '', '1', '2017-03-08 10:54:32', 'developer', '2017-03-08 10:54:32', null, '0');
INSERT INTO `t_perhitungan_kebutuhandet` VALUES ('41', '13', '14', '5', null, '500.00', '0', '0', '4', '5', '6', '', '1', '2017-03-21 15:21:23', 'developer', '2017-03-21 15:21:23', null, '0');
INSERT INTO `t_perhitungan_kebutuhandet` VALUES ('40', '13', '13', '5', null, '1000.00', '0', '0', '3', '4', '5', '', '1', '2017-03-21 15:21:22', 'developer', '2017-03-21 15:21:22', null, '0');
INSERT INTO `t_perhitungan_kebutuhandet` VALUES ('39', '10', '12', '5', null, '1000.00', '0', '0', '10', '12', '21', '', '1', '2017-03-20 13:52:34', 'developer', '2017-03-20 13:52:34', null, '0');
INSERT INTO `t_perhitungan_kebutuhandet` VALUES ('37', '9', '5', '6', null, '150.00', '50', '7500', '40', '30', '50', null, '1', '2017-03-14 13:28:58', 'developer', '2017-03-14 13:28:58', null, '0');
INSERT INTO `t_perhitungan_kebutuhandet` VALUES ('38', '10', '11', '5', null, '500.00', '0', '0', '10', '21', '90', 'ket', '1', '2017-03-20 13:52:34', 'developer', '2017-03-20 13:52:34', null, '0');
INSERT INTO `t_perhitungan_kebutuhandet` VALUES ('34', '9', '3', '1', null, '50.00', '10', '500', '10', '20', '30', '-', '1', '2017-03-14 13:28:58', 'developer', '2017-03-14 13:28:58', null, '0');
INSERT INTO `t_perhitungan_kebutuhandet` VALUES ('35', '9', '4', '1', null, '40.00', '20', '800', '10', '20', '50', null, '1', '2017-03-14 13:28:58', 'developer', '2017-03-14 13:28:58', null, '0');
INSERT INTO `t_perhitungan_kebutuhandet` VALUES ('36', '9', '5', '5', null, '150.00', '50', '7500', '80', '90', '50', null, '1', '2017-03-14 13:28:58', 'developer', '2017-03-14 13:28:58', null, '0');
INSERT INTO `t_perhitungan_kebutuhandet` VALUES ('42', '18', null, '7', '2', '100.00', '10', '1000', '10', '20', '30', '-', '1', '2017-04-03 10:50:10', 'developer', '2017-04-03 10:50:10', null, '0');
INSERT INTO `t_perhitungan_kebutuhandet` VALUES ('43', '18', null, '2', '4', '20.00', '5', '100', '50', '40', '30', '-', '1', '2017-04-03 10:50:10', 'developer', '2017-04-03 10:50:10', null, '0');

-- ----------------------------
-- Table structure for t_perhitungan_kebutuhanlog
-- ----------------------------
DROP TABLE IF EXISTS `t_perhitungan_kebutuhanlog`;
CREATE TABLE `t_perhitungan_kebutuhanlog` (
  `perhitungan_kebutuhanlog_id` int(11) NOT NULL AUTO_INCREMENT,
  `referensi_id` int(11) DEFAULT NULL,
  `perhitungan_kebutuhanlog_status_dari` int(11) DEFAULT NULL,
  `perhitungan_kebutuhanlog_status_ke` int(11) DEFAULT NULL,
  `perhitungan_kebutuhanlog_status_update_date` datetime DEFAULT NULL ON UPDATE CURRENT_TIMESTAMP,
  `perhitungan_kebutuhanlog_status_update_by` varchar(255) DEFAULT NULL,
  PRIMARY KEY (`perhitungan_kebutuhanlog_id`)
) ENGINE=InnoDB AUTO_INCREMENT=13 DEFAULT CHARSET=latin1;

-- ----------------------------
-- Records of t_perhitungan_kebutuhanlog
-- ----------------------------
INSERT INTO `t_perhitungan_kebutuhanlog` VALUES ('1', '1', '1', '2', '2017-03-04 03:49:01', 'developer');
INSERT INTO `t_perhitungan_kebutuhanlog` VALUES ('3', '1', '2', '3', '2017-03-04 04:26:50', 'developer');
INSERT INTO `t_perhitungan_kebutuhanlog` VALUES ('4', '2', '1', '2', '2017-03-15 14:09:43', 'developer');
INSERT INTO `t_perhitungan_kebutuhanlog` VALUES ('5', '11', '1', '3', '2017-03-21 13:32:10', 'developer');
INSERT INTO `t_perhitungan_kebutuhanlog` VALUES ('6', '14', '1', '3', '2017-03-21 15:31:47', 'developer');
INSERT INTO `t_perhitungan_kebutuhanlog` VALUES ('7', '17', '1', '2', '2017-04-03 12:18:39', 'developer');
INSERT INTO `t_perhitungan_kebutuhanlog` VALUES ('8', '19', '1', '2', '2017-04-03 12:18:53', 'developer');
INSERT INTO `t_perhitungan_kebutuhanlog` VALUES ('9', '13', '1', '2', '2017-04-03 14:04:45', 'developer');
INSERT INTO `t_perhitungan_kebutuhanlog` VALUES ('10', '18', '1', '2', '2017-04-03 14:05:23', 'developer');
INSERT INTO `t_perhitungan_kebutuhanlog` VALUES ('11', '12', '1', '2', '2017-04-13 15:11:42', 'developer');
INSERT INTO `t_perhitungan_kebutuhanlog` VALUES ('12', '15', '1', '2', '2017-04-13 15:23:27', 'developer');

-- ----------------------------
-- Table structure for t_permintaan_jasa
-- ----------------------------
DROP TABLE IF EXISTS `t_permintaan_jasa`;
CREATE TABLE `t_permintaan_jasa` (
  `permintaan_jasa_id` int(11) NOT NULL AUTO_INCREMENT,
  `m_cabang_id` int(11) DEFAULT NULL,
  `permintaan_jasa_nomor` varchar(255) NOT NULL,
  `permintaan_jasa_tanggal` datetime NOT NULL,
  `m_departemen_id` int(255) NOT NULL,
  `permintaan_jasa_tanggal_dibutuhkan` datetime DEFAULT NULL,
  `permintaan_jasa_status` int(255) NOT NULL,
  `permintaan_jasa_status_date` datetime DEFAULT NULL ON UPDATE CURRENT_TIMESTAMP,
  `permintaan_jasa_printed` int(255) DEFAULT NULL,
  `permintaan_jasa_created_date` datetime NOT NULL,
  `permintaan_jasa_created_by` varchar(255) NOT NULL,
  `permintaan_jasa_update_date` datetime DEFAULT NULL ON UPDATE CURRENT_TIMESTAMP,
  `permintaan_jasa_update_by` varchar(0) DEFAULT NULL,
  `permintaan_jasa_revised` int(255) DEFAULT NULL,
  `permintaan_jasa_alasan_pembatalan` text,
  PRIMARY KEY (`permintaan_jasa_id`)
) ENGINE=InnoDB AUTO_INCREMENT=8 DEFAULT CHARSET=latin1;

-- ----------------------------
-- Records of t_permintaan_jasa
-- ----------------------------
INSERT INTO `t_permintaan_jasa` VALUES ('1', '1', 'PJ20170200001', '2017-02-27 00:00:00', '1', '2017-02-28 00:00:00', '2', '2017-02-27 15:27:51', '0', '2017-02-27 13:50:36', 'developer', '2017-02-27 15:27:51', '', '5', null);
INSERT INTO `t_permintaan_jasa` VALUES ('2', '1', 'PJ20170300001', '2017-03-04 00:00:00', '2', '2017-03-07 00:00:00', '2', '2017-03-04 11:13:58', '0', '2017-03-04 11:13:37', 'developer', '2017-03-04 11:13:58', '', '2', null);
INSERT INTO `t_permintaan_jasa` VALUES ('3', '1', 'PJ20170300001', '2017-03-07 00:00:00', '1', '2017-03-14 00:00:00', '1', '2017-03-07 14:21:36', '0', '2017-03-07 14:21:36', 'gudangbahan', '2017-03-07 14:21:36', null, '0', null);
INSERT INTO `t_permintaan_jasa` VALUES ('4', '1', 'PJ20170400001', '2017-04-03 00:00:00', '1', '2017-04-11 00:00:00', '2', '2017-04-03 13:47:35', '0', '2017-04-03 10:55:13', 'developer', '2017-04-03 13:47:35', '', '1', null);
INSERT INTO `t_permintaan_jasa` VALUES ('5', '1', 'PJ20170400001', '2017-04-03 00:00:00', '2', '2017-04-05 00:00:00', '2', '2017-04-13 11:18:12', '0', '2017-04-03 13:49:18', 'developer', '2017-04-13 11:18:12', '', '1', null);
INSERT INTO `t_permintaan_jasa` VALUES ('6', '1', 'PJ20170400001', '2017-04-03 00:00:00', '2', '2017-04-11 00:00:00', '1', '2017-04-03 13:52:16', '0', '2017-04-03 13:52:16', 'developer', '2017-04-03 13:52:16', null, '0', null);
INSERT INTO `t_permintaan_jasa` VALUES ('7', '1', 'PJ20170400001', '2017-04-13 00:00:00', '2', '2017-04-15 00:00:00', '2', '2017-04-13 11:17:24', '0', '2017-04-13 11:13:59', 'developer', '2017-04-13 11:17:37', '', '2', null);

-- ----------------------------
-- Table structure for t_permintaan_jasadet
-- ----------------------------
DROP TABLE IF EXISTS `t_permintaan_jasadet`;
CREATE TABLE `t_permintaan_jasadet` (
  `permintaan_jasadet_id` int(11) NOT NULL AUTO_INCREMENT,
  `t_permintaan_jasa_id` int(11) DEFAULT NULL,
  `m_barang_id` int(11) DEFAULT NULL,
  `permintaan_jasadet_qty` decimal(20,2) DEFAULT '0.00',
  `permintaan_jasadet_qty_realisasi` decimal(20,2) DEFAULT '0.00',
  `permintaan_jasadet_keterangan` varchar(255) DEFAULT NULL,
  `permintaan_jasadet_status` int(11) DEFAULT NULL,
  `permintaan_jasadet_status_date` datetime DEFAULT NULL,
  `permintaan_jasadet_create_date` datetime DEFAULT NULL,
  `permintaan_jasadet_create_by` varchar(255) DEFAULT NULL,
  `permintaan_jasadet_update_date` datetime DEFAULT NULL ON UPDATE CURRENT_TIMESTAMP,
  `permintaan_jasadet_update_by` varchar(255) DEFAULT NULL,
  `permintaan_jasadet_revised` int(11) DEFAULT NULL,
  PRIMARY KEY (`permintaan_jasadet_id`)
) ENGINE=InnoDB AUTO_INCREMENT=9 DEFAULT CHARSET=latin1;

-- ----------------------------
-- Records of t_permintaan_jasadet
-- ----------------------------
INSERT INTO `t_permintaan_jasadet` VALUES ('1', '1', '1', '100.00', '0.00', '-', null, null, '2017-02-27 13:50:36', 'developer', '2017-02-27 15:05:38', 'developer', '3');
INSERT INTO `t_permintaan_jasadet` VALUES ('2', '1', '2', '50.00', '0.00', '-', null, null, '2017-02-27 13:50:36', 'developer', '2017-02-27 15:05:38', 'developer', '3');
INSERT INTO `t_permintaan_jasadet` VALUES ('3', '2', '2', '20.00', '0.00', 'ket', null, null, '2017-03-04 11:13:37', 'developer', '2017-03-04 11:13:58', 'developer', '1');
INSERT INTO `t_permintaan_jasadet` VALUES ('4', '3', '5', '4500.00', '0.00', 'Di Slitting menjadi 708 mm x 1 coil dan 101 mm x 2 pita', null, null, '2017-03-07 14:21:36', 'gudangbahan', '2017-03-07 14:21:36', null, '0');
INSERT INTO `t_permintaan_jasadet` VALUES ('5', '4', '1', null, '0.00', null, null, null, '2017-04-03 10:55:13', 'developer', '2017-04-03 10:55:13', null, '0');
INSERT INTO `t_permintaan_jasadet` VALUES ('6', '5', '4', null, '0.00', null, null, null, '2017-04-03 13:49:19', 'developer', '2017-04-03 13:49:19', null, '0');
INSERT INTO `t_permintaan_jasadet` VALUES ('7', '6', '2', null, '0.00', null, null, null, '2017-04-03 13:52:16', 'developer', '2017-04-03 13:52:16', null, '0');
INSERT INTO `t_permintaan_jasadet` VALUES ('8', '7', '656', '22.00', '0.00', '-', null, null, '2017-04-13 11:13:59', 'developer', '2017-04-13 11:17:37', 'developer', '1');

-- ----------------------------
-- Table structure for t_permintaan_jasalog
-- ----------------------------
DROP TABLE IF EXISTS `t_permintaan_jasalog`;
CREATE TABLE `t_permintaan_jasalog` (
  `permintaan_jasalog_id` int(11) NOT NULL AUTO_INCREMENT,
  `referensi_id` int(11) DEFAULT NULL,
  `permintaan_jasalog_status_dari` int(11) DEFAULT NULL,
  `permintaan_jasalog_status_ke` int(11) DEFAULT NULL,
  `permintaan_jasalog_status_update_date` datetime DEFAULT NULL ON UPDATE CURRENT_TIMESTAMP,
  `permintaan_jasalog_status_update_by` varchar(255) DEFAULT NULL,
  PRIMARY KEY (`permintaan_jasalog_id`)
) ENGINE=InnoDB AUTO_INCREMENT=6 DEFAULT CHARSET=latin1;

-- ----------------------------
-- Records of t_permintaan_jasalog
-- ----------------------------
INSERT INTO `t_permintaan_jasalog` VALUES ('1', '1', '1', '2', '2017-02-27 15:27:51', 'developer');
INSERT INTO `t_permintaan_jasalog` VALUES ('2', '2', '1', '2', '2017-03-04 11:13:52', 'developer');
INSERT INTO `t_permintaan_jasalog` VALUES ('3', '4', '1', '2', '2017-04-03 13:47:35', 'developer');
INSERT INTO `t_permintaan_jasalog` VALUES ('4', '7', '1', '2', '2017-04-13 11:17:20', 'developer');
INSERT INTO `t_permintaan_jasalog` VALUES ('5', '5', '1', '2', '2017-04-13 11:18:12', 'developer');

-- ----------------------------
-- Table structure for t_permintaan_pembelian
-- ----------------------------
DROP TABLE IF EXISTS `t_permintaan_pembelian`;
CREATE TABLE `t_permintaan_pembelian` (
  `permintaan_pembelian_id` int(11) NOT NULL AUTO_INCREMENT,
  `m_cabang_id` int(11) DEFAULT NULL,
  `permintaan_pembelian_nomor` varchar(255) NOT NULL,
  `t_permintaan_jasa` int(11) DEFAULT NULL,
  `permintaan_pembelian_tanggal` datetime NOT NULL,
  `permintaan_pembelian_tanggal_dibutuhkan` datetime NOT NULL,
  `permintaan_pembelian_type` int(11) DEFAULT NULL COMMENT '0 SPP Barang, 1 SPP Jasa',
  `permintaan_pembelian_jenis` int(255) NOT NULL,
  `m_gudang_id_permintaan` int(11) DEFAULT NULL,
  `permintaan_pembelian_status` int(255) NOT NULL,
  `permintaan_pembelian_status_date` datetime DEFAULT NULL ON UPDATE CURRENT_TIMESTAMP,
  `permintaan_pembelian_penerima` varchar(255) DEFAULT NULL,
  `permintaan_pembelian_penyetuju` varchar(255) DEFAULT NULL,
  `permintaan_pembelian_pembuat` varchar(255) DEFAULT NULL,
  `permintaan_pembelian_printed` int(255) DEFAULT NULL,
  `permintaan_pembelian_alasan` text,
  `permintaan_pembelian_catatan` text,
  `permintaan_pembelian_created_date` datetime NOT NULL,
  `permintaan_pembelian_created_by` varchar(255) NOT NULL,
  `permintaan_pembelian_update_date` datetime DEFAULT NULL ON UPDATE CURRENT_TIMESTAMP,
  `permintaan_pembelian_update_by` varchar(0) DEFAULT NULL,
  `permintaan_pembelian_revised` int(255) DEFAULT NULL,
  `permintaan_pembelian_alasan_pembatalan` text,
  PRIMARY KEY (`permintaan_pembelian_id`)
) ENGINE=InnoDB AUTO_INCREMENT=23 DEFAULT CHARSET=latin1;

-- ----------------------------
-- Records of t_permintaan_pembelian
-- ----------------------------
INSERT INTO `t_permintaan_pembelian` VALUES ('1', '1', 'SPP20170200001', null, '2017-02-26 00:00:00', '2017-03-01 00:00:00', '1', '2', '2', '3', '2017-02-28 10:16:41', null, null, '1', null, 'Restok', '-', '2017-02-26 21:36:43', 'developer', '2017-02-28 10:16:46', '', '2', null);
INSERT INTO `t_permintaan_pembelian` VALUES ('2', '1', 'SPP20170200002', null, '2017-02-26 00:00:00', '2017-03-01 00:00:00', '1', '1', '2', '3', '2017-02-28 11:25:27', null, null, '1', null, 'Restok barang', '-', '2017-02-26 21:41:02', 'developer', '2017-02-28 11:25:32', null, '0', null);
INSERT INTO `t_permintaan_pembelian` VALUES ('3', '1', 'SPP20170200003', '1', '2017-02-27 00:00:00', '2017-02-28 00:00:00', '2', '2', '2', '3', '2017-02-28 11:19:33', null, null, '1', null, '---', '---', '2017-02-27 16:13:20', 'developer', '2017-02-28 11:19:38', '', '1', null);
INSERT INTO `t_permintaan_pembelian` VALUES ('4', '1', 'SPP20170300001', null, '2017-03-04 00:00:00', '2017-03-06 00:00:00', '1', '1', '1', '3', '2017-03-04 09:39:15', null, null, '1', null, 'penting', 'catatan', '2017-03-04 08:51:35', 'developer', '2017-03-04 09:39:16', '', '1', null);
INSERT INTO `t_permintaan_pembelian` VALUES ('5', '1', 'SPP20170300002', null, '2017-03-04 00:00:00', '2017-03-08 00:00:00', '1', '1', '1', '3', '2017-03-04 11:22:51', null, null, '7', null, 'alasan', 'catatan', '2017-03-04 09:34:13', 'gudangbahan', '2017-03-04 11:22:52', '', '2', null);
INSERT INTO `t_permintaan_pembelian` VALUES ('6', '1', 'SPP20170300003', '2', '2017-03-04 00:00:00', '2017-03-07 00:00:00', '2', '2', '2', '3', '2017-04-14 18:15:36', null, null, '1', null, 'alasan', 'caatatan', '2017-03-04 11:19:49', 'developer', '2017-04-14 18:15:36', '', '2', null);
INSERT INTO `t_permintaan_pembelian` VALUES ('7', '1', 'SPP20170300004', null, '2017-03-06 00:00:00', '2017-03-11 00:00:00', '1', '2', '4', '3', '2017-04-05 13:54:20', null, null, '1', null, 'yujyjkuj', 'llefgthh', '2017-03-06 14:26:37', 'developer', '2017-04-05 13:54:22', '', '1', null);
INSERT INTO `t_permintaan_pembelian` VALUES ('8', '1', 'SPP20170300005', null, '2017-03-06 00:00:00', '2017-03-13 00:00:00', '1', '1', '4', '3', '2017-03-13 11:55:08', null, null, '7', null, 'Memenuhi Kebutuhan Stock minimum', 'URGENT', '2017-03-06 15:49:29', 'gudangbahan', '2017-03-13 11:55:09', '', '12', null);
INSERT INTO `t_permintaan_pembelian` VALUES ('9', '1', 'SPP20170300006', null, '2017-03-06 00:00:00', '2017-03-13 00:00:00', '1', '2', '4', '3', '2017-03-07 13:16:41', null, null, '7', null, 'memenuhi kebutuhan stock', 'Biasa', '2017-03-06 16:12:11', 'gudangbahan', '2017-03-07 13:16:58', '', '5', null);
INSERT INTO `t_permintaan_pembelian` VALUES ('10', '1', 'SPP20170300007', null, '2017-03-07 00:00:00', '2017-03-13 00:00:00', '1', '1', '4', '3', '2017-03-07 14:23:37', null, null, '7', null, 'Memenuhi kebutuhan stock', 'URGENT', '2017-03-07 13:52:17', 'gudangbahan', '2017-03-07 14:23:37', '', '2', null);
INSERT INTO `t_permintaan_pembelian` VALUES ('11', '1', 'SPP20170300008', '3', '2017-03-07 00:00:00', '2017-03-23 00:00:00', '2', '1', '4', '3', '2017-03-07 14:55:37', null, null, '7', null, 'Memnuhi kebutuhan coil', 'URGENT', '2017-03-07 14:27:32', 'gudangbahan', '2017-03-07 14:55:37', '', '2', null);
INSERT INTO `t_permintaan_pembelian` VALUES ('12', '1', 'SPP20170300009', null, '2017-03-08 00:00:00', '2017-03-09 00:00:00', '1', '1', '4', '3', '2017-03-08 08:55:50', null, null, '1', null, 'sssa', 'asas', '2017-03-08 08:43:07', 'developer', '2017-03-08 08:55:51', '', '1', null);
INSERT INTO `t_permintaan_pembelian` VALUES ('13', '1', 'SPP20170300010', null, '2017-03-13 00:00:00', '2017-03-14 00:00:00', '1', '2', '5', '3', '2017-04-19 12:46:12', null, null, '1', null, 'alasan', 'catatan', '2017-03-13 11:20:48', 'developer', '2017-04-19 12:46:12', '', '3', 'salah input');
INSERT INTO `t_permintaan_pembelian` VALUES ('14', '1', 'SPP20170300011', null, '2017-03-13 00:00:00', '2017-03-13 00:00:00', '1', '2', '6', '3', '2017-03-13 11:55:08', null, null, '7', null, 'alasan', 'catatan', '2017-03-13 11:46:50', 'gudangbahan', '2017-03-13 11:55:09', '', '1', null);
INSERT INTO `t_permintaan_pembelian` VALUES ('15', '1', 'SPP20170300012', null, '2017-03-15 00:00:00', '2017-03-31 00:00:00', '1', '2', '6', '3', '2017-03-15 11:00:26', null, null, '1', null, '-', '', '2017-03-15 10:49:34', 'developer', '2017-03-15 11:00:31', '', '1', null);
INSERT INTO `t_permintaan_pembelian` VALUES ('16', '1', 'SPP20170400001', null, '2017-04-03 00:00:00', '2017-04-05 00:00:00', '1', '2', '4', '100', '2017-04-19 12:48:36', null, null, '1', null, 'untuk produksi', '', '2017-04-03 10:48:59', 'developer', '2017-04-19 12:48:36', '', '3', 'salah');
INSERT INTO `t_permintaan_pembelian` VALUES ('17', '1', 'SPP20170400002', null, '2017-04-03 00:00:00', '2017-04-08 00:00:00', '1', '1', '1', '3', '2017-04-04 09:40:22', null, null, '1', null, 'Kurang Stok', '', '2017-04-03 13:30:48', 'developer', '2017-04-04 09:40:22', '', '1', null);
INSERT INTO `t_permintaan_pembelian` VALUES ('18', '1', 'SPP20170400003', null, '2017-04-12 00:00:00', '2017-04-15 00:00:00', '1', '1', '2', '3', '2017-04-12 16:13:25', null, null, '1', null, 'HABIS', 'ASS', '2017-04-12 15:31:51', 'developer', '2017-04-12 16:13:13', '', '2', null);
INSERT INTO `t_permintaan_pembelian` VALUES ('19', '1', 'SPP20170400004', null, '2017-04-12 00:00:00', '2017-04-15 00:00:00', '1', '2', '2', '3', '2017-04-12 17:04:22', null, null, '1', null, 'habis', '-', '2017-04-12 16:59:02', 'developer', '2017-04-12 17:04:11', '', '1', null);
INSERT INTO `t_permintaan_pembelian` VALUES ('20', '1', 'SPP20170400005', null, '2017-04-13 00:00:00', '2017-04-14 00:00:00', '1', '1', '1', '3', '2017-04-13 10:08:20', null, null, '1', null, '-', '-', '2017-04-13 09:57:20', 'developer', '2017-04-13 10:08:08', '', '1', null);
INSERT INTO `t_permintaan_pembelian` VALUES ('21', '1', 'SPP20170400006', null, '2017-04-13 00:00:00', '2017-04-14 00:00:00', '1', '1', '1', '3', '2017-04-13 13:37:31', null, null, '1', null, '-', '-', '2017-04-13 09:57:23', 'developer', '2017-04-13 13:37:20', '', '1', null);
INSERT INTO `t_permintaan_pembelian` VALUES ('22', '1', 'SPP20170400007', null, '2017-04-17 00:00:00', '2017-04-20 00:00:00', '1', '2', '6', '100', '2017-04-19 16:55:01', null, null, '1', null, '-', '-', '2017-04-17 10:58:03', 'developer', '2017-04-19 16:55:01', '', '2', 'salah input');

-- ----------------------------
-- Table structure for t_permintaan_pembeliandet
-- ----------------------------
DROP TABLE IF EXISTS `t_permintaan_pembeliandet`;
CREATE TABLE `t_permintaan_pembeliandet` (
  `permintaan_pembeliandet_id` int(11) NOT NULL AUTO_INCREMENT,
  `t_permintaan_pembelian_id` int(11) DEFAULT NULL,
  `m_barang_id` int(11) DEFAULT NULL,
  `permintaan_pembeliandet_qty` decimal(20,2) DEFAULT '0.00',
  `permintaan_pembeliandet_qty_realisasi` decimal(20,2) DEFAULT '0.00',
  `permintaan_pembeliandet_status` int(1) DEFAULT '0' COMMENT '0 Belum Ditawarkan, 1 Ditawarkan, 2 Selesai',
  `permintaan_pembeliandet_create_date` datetime DEFAULT NULL,
  `permintaan_pembeliandet_create_by` varchar(255) DEFAULT NULL,
  `permintaan_pembeliandet_update_date` datetime DEFAULT NULL ON UPDATE CURRENT_TIMESTAMP,
  `permintaan_pembeliandet_update_by` varchar(255) DEFAULT NULL,
  `permintaan_pembeliandet_revised` int(11) DEFAULT NULL,
  PRIMARY KEY (`permintaan_pembeliandet_id`)
) ENGINE=InnoDB AUTO_INCREMENT=32 DEFAULT CHARSET=latin1;

-- ----------------------------
-- Records of t_permintaan_pembeliandet
-- ----------------------------
INSERT INTO `t_permintaan_pembeliandet` VALUES ('1', '1', '1', '100.00', null, '1', '2017-02-26 21:36:43', 'developer', '2017-02-28 10:16:46', 'developer', '1');
INSERT INTO `t_permintaan_pembeliandet` VALUES ('2', '1', '2', '120.00', null, '1', '2017-02-26 21:36:44', 'developer', '2017-02-27 07:10:57', 'developer', '1');
INSERT INTO `t_permintaan_pembeliandet` VALUES ('3', '2', '1', '150.00', null, '1', '2017-02-26 21:41:02', 'developer', '2017-02-28 11:25:33', null, '0');
INSERT INTO `t_permintaan_pembeliandet` VALUES ('4', '3', '1', '100.00', null, '1', '2017-02-27 16:13:20', 'developer', '2017-02-28 11:19:39', null, '0');
INSERT INTO `t_permintaan_pembeliandet` VALUES ('5', '3', '2', '50.00', null, '1', '2017-02-27 16:13:20', 'developer', '2017-02-28 11:19:39', null, '0');
INSERT INTO `t_permintaan_pembeliandet` VALUES ('6', '4', '2', '100.00', null, '1', '2017-03-04 08:51:36', 'developer', '2017-03-04 09:39:16', null, '0');
INSERT INTO `t_permintaan_pembeliandet` VALUES ('7', '5', '4', '100.00', null, '1', '2017-03-04 09:34:13', 'gudangbahan', '2017-03-04 11:22:52', 'developer', '1');
INSERT INTO `t_permintaan_pembeliandet` VALUES ('8', '6', '2', '20.00', null, '1', '2017-03-04 11:19:49', 'developer', '2017-04-14 18:15:37', 'developer', '1');
INSERT INTO `t_permintaan_pembeliandet` VALUES ('9', '7', '1', null, null, '1', '2017-03-06 14:26:37', 'developer', '2017-04-05 13:54:23', null, '0');
INSERT INTO `t_permintaan_pembeliandet` VALUES ('10', '8', '5', '100.00', null, '1', '2017-03-06 15:49:29', 'gudangbahan', '2017-03-13 11:55:10', 'developer', '0');
INSERT INTO `t_permintaan_pembeliandet` VALUES ('11', '9', '1', '120.00', '0.00', '1', '2017-03-06 16:12:11', 'gudangbahan', '2017-03-07 13:16:58', 'developer', '0');
INSERT INTO `t_permintaan_pembeliandet` VALUES ('12', '10', '5', '300000.00', null, '1', '2017-03-07 13:52:17', 'gudangbahan', '2017-03-07 14:02:03', 'pembelian', '1');
INSERT INTO `t_permintaan_pembeliandet` VALUES ('13', '11', '5', '4500.00', null, '1', '2017-03-07 14:27:32', 'gudangbahan', '2017-03-07 14:55:37', 'pembelian', '1');
INSERT INTO `t_permintaan_pembeliandet` VALUES ('14', '12', '5', '10000.00', null, '1', '2017-03-08 08:43:07', 'developer', '2017-03-08 08:55:51', 'developer', '0');
INSERT INTO `t_permintaan_pembeliandet` VALUES ('15', '12', '6', '350.00', null, '1', '2017-03-08 08:43:07', 'developer', '2017-03-08 08:55:52', 'developer', '0');
INSERT INTO `t_permintaan_pembeliandet` VALUES ('16', '13', '5', '40000.00', null, '1', '2017-03-13 11:20:51', 'developer', '2017-03-13 11:28:20', 'developer', '0');
INSERT INTO `t_permintaan_pembeliandet` VALUES ('17', '13', '6', '20000.00', null, '1', '2017-03-13 11:20:51', 'developer', '2017-03-13 11:28:22', 'developer', '0');
INSERT INTO `t_permintaan_pembeliandet` VALUES ('18', '14', '5', '9000.00', null, '1', '2017-03-13 11:46:50', 'gudangbahan', '2017-03-13 11:55:09', null, '0');
INSERT INTO `t_permintaan_pembeliandet` VALUES ('19', '15', '1', '20000.00', null, '1', '2017-03-15 10:49:35', 'developer', '2017-03-15 11:00:32', null, '0');
INSERT INTO `t_permintaan_pembeliandet` VALUES ('20', '15', '2', '30000.00', null, '1', '2017-03-15 10:49:35', 'developer', '2017-03-15 11:00:32', null, '0');
INSERT INTO `t_permintaan_pembeliandet` VALUES ('21', '16', '32', '1000.90', '0.00', '1', '2017-04-03 10:48:59', 'developer', '2017-04-03 11:32:41', null, '0');
INSERT INTO `t_permintaan_pembeliandet` VALUES ('22', '17', '2', null, '0.00', '1', '2017-04-03 13:30:48', 'developer', '2017-04-04 09:40:23', null, '0');
INSERT INTO `t_permintaan_pembeliandet` VALUES ('23', '18', '656', '125.30', '0.00', '1', '2017-04-12 15:31:52', 'developer', '2017-04-12 16:13:13', 'developer', '0');
INSERT INTO `t_permintaan_pembeliandet` VALUES ('24', '18', '2', '5.50', '0.00', '1', '2017-04-12 15:31:52', 'developer', '2017-04-12 16:13:13', 'developer', '0');
INSERT INTO `t_permintaan_pembeliandet` VALUES ('25', '19', '656', '1000.00', '0.00', '0', '2017-04-12 16:59:02', 'developer', '2017-04-12 16:59:02', null, '0');
INSERT INTO `t_permintaan_pembeliandet` VALUES ('26', '19', '4', '20.00', '0.00', '1', '2017-04-12 16:59:02', 'developer', '2017-04-12 17:04:12', null, '0');
INSERT INTO `t_permintaan_pembeliandet` VALUES ('27', '20', '656', '777.00', '0.00', '1', '2017-04-13 09:57:20', 'developer', '2017-04-13 10:08:09', 'developer', '0');
INSERT INTO `t_permintaan_pembeliandet` VALUES ('28', '21', '656', '555.00', '0.00', '1', '2017-04-13 09:57:24', 'developer', '2017-04-13 13:37:20', 'developer', '0');
INSERT INTO `t_permintaan_pembeliandet` VALUES ('29', '22', '134', '10.00', '0.00', '1', '2017-04-17 10:58:03', 'developer', '2017-04-17 10:59:04', null, '0');
INSERT INTO `t_permintaan_pembeliandet` VALUES ('30', '22', '607', '20.00', '0.00', '1', '2017-04-17 10:58:03', 'developer', '2017-04-17 10:59:04', null, '0');
INSERT INTO `t_permintaan_pembeliandet` VALUES ('31', '22', '533', '30.00', '0.00', '1', '2017-04-17 10:58:03', 'developer', '2017-04-17 10:59:05', null, '0');

-- ----------------------------
-- Table structure for t_permintaan_pembelianlog
-- ----------------------------
DROP TABLE IF EXISTS `t_permintaan_pembelianlog`;
CREATE TABLE `t_permintaan_pembelianlog` (
  `permintaan_pembelianlog_id` int(11) NOT NULL AUTO_INCREMENT,
  `referensi_id` int(11) DEFAULT NULL,
  `permintaan_pembelianlog_status_dari` int(11) DEFAULT NULL,
  `permintaan_pembelianlog_status_ke` int(11) DEFAULT NULL,
  `permintaan_pembelianlog_status_update_date` datetime DEFAULT NULL ON UPDATE CURRENT_TIMESTAMP,
  `permintaan_pembelianlog_status_update_by` varchar(255) DEFAULT NULL,
  PRIMARY KEY (`permintaan_pembelianlog_id`)
) ENGINE=InnoDB AUTO_INCREMENT=49 DEFAULT CHARSET=latin1;

-- ----------------------------
-- Records of t_permintaan_pembelianlog
-- ----------------------------
INSERT INTO `t_permintaan_pembelianlog` VALUES ('1', '1', '1', '2', '2017-02-26 21:37:34', 'developer');
INSERT INTO `t_permintaan_pembelianlog` VALUES ('4', '1', '2', '3', '2017-02-27 07:10:57', 'developer');
INSERT INTO `t_permintaan_pembelianlog` VALUES ('5', '2', '1', '3', '2017-02-27 07:10:57', 'developer');
INSERT INTO `t_permintaan_pembelianlog` VALUES ('6', '3', '1', '2', '2017-02-27 16:24:26', 'developer');
INSERT INTO `t_permintaan_pembelianlog` VALUES ('7', '3', '2', '3', '2017-02-28 10:05:13', 'developer');
INSERT INTO `t_permintaan_pembelianlog` VALUES ('8', '1', '3', '3', '2017-02-28 10:16:41', 'developer');
INSERT INTO `t_permintaan_pembelianlog` VALUES ('9', '3', '2', '3', '2017-02-28 10:50:25', 'developer');
INSERT INTO `t_permintaan_pembelianlog` VALUES ('10', '3', '3', '3', '2017-02-28 11:19:33', 'developer');
INSERT INTO `t_permintaan_pembelianlog` VALUES ('11', '2', '2', '3', '2017-02-28 11:25:27', 'developer');
INSERT INTO `t_permintaan_pembelianlog` VALUES ('12', '4', '1', '2', '2017-03-04 08:51:49', 'developer');
INSERT INTO `t_permintaan_pembelianlog` VALUES ('13', '5', '1', '2', '2017-03-04 09:37:02', 'developer');
INSERT INTO `t_permintaan_pembelianlog` VALUES ('14', '4', '2', '3', '2017-03-04 09:39:15', 'developer');
INSERT INTO `t_permintaan_pembelianlog` VALUES ('15', '6', '1', '2', '2017-03-04 11:20:05', 'developer');
INSERT INTO `t_permintaan_pembelianlog` VALUES ('16', '5', '2', '3', '2017-03-04 11:22:51', 'developer');
INSERT INTO `t_permintaan_pembelianlog` VALUES ('17', '8', '1', '2', '2017-03-06 15:51:06', 'pembelian');
INSERT INTO `t_permintaan_pembelianlog` VALUES ('18', '7', '1', '2', '2017-03-06 16:03:44', 'pembelian');
INSERT INTO `t_permintaan_pembelianlog` VALUES ('19', '9', '1', '2', '2017-03-07 10:32:30', 'developer');
INSERT INTO `t_permintaan_pembelianlog` VALUES ('20', '9', '2', '3', '2017-03-07 13:16:42', 'developer');
INSERT INTO `t_permintaan_pembelianlog` VALUES ('21', '10', '1', '2', '2017-03-07 13:59:52', 'pembelian');
INSERT INTO `t_permintaan_pembelianlog` VALUES ('22', '10', '2', '3', '2017-03-07 14:02:03', 'pembelian');
INSERT INTO `t_permintaan_pembelianlog` VALUES ('23', '10', '3', '3', '2017-03-07 14:03:09', 'pembelian');
INSERT INTO `t_permintaan_pembelianlog` VALUES ('24', '10', '3', '3', '2017-03-07 14:23:37', 'pembelian');
INSERT INTO `t_permintaan_pembelianlog` VALUES ('25', '11', '1', '2', '2017-03-07 14:54:11', 'pembelian');
INSERT INTO `t_permintaan_pembelianlog` VALUES ('26', '11', '2', '3', '2017-03-07 14:55:37', 'pembelian');
INSERT INTO `t_permintaan_pembelianlog` VALUES ('27', '12', '1', '3', '2017-03-08 08:55:50', 'developer');
INSERT INTO `t_permintaan_pembelianlog` VALUES ('28', '13', '1', '2', '2017-03-13 11:21:21', 'developer');
INSERT INTO `t_permintaan_pembelianlog` VALUES ('29', '13', '2', '3', '2017-03-13 11:28:19', 'developer');
INSERT INTO `t_permintaan_pembelianlog` VALUES ('30', '14', '1', '2', '2017-03-13 11:49:18', 'pembelian');
INSERT INTO `t_permintaan_pembelianlog` VALUES ('31', '14', '2', '3', '2017-03-13 11:55:08', 'pembelian');
INSERT INTO `t_permintaan_pembelianlog` VALUES ('32', '8', '2', '3', '2017-03-13 11:55:08', 'pembelian');
INSERT INTO `t_permintaan_pembelianlog` VALUES ('33', '15', '1', '2', '2017-03-15 10:50:10', 'developer');
INSERT INTO `t_permintaan_pembelianlog` VALUES ('34', '15', '2', '3', '2017-03-15 11:00:26', 'developer');
INSERT INTO `t_permintaan_pembelianlog` VALUES ('35', '16', '1', '2', '2017-04-03 10:50:48', 'developer');
INSERT INTO `t_permintaan_pembelianlog` VALUES ('36', '16', '2', '3', '2017-04-03 11:32:38', 'developer');
INSERT INTO `t_permintaan_pembelianlog` VALUES ('37', '17', '1', '2', '2017-04-03 14:45:43', 'developer');
INSERT INTO `t_permintaan_pembelianlog` VALUES ('38', '17', '2', '3', '2017-04-04 09:40:22', 'developer');
INSERT INTO `t_permintaan_pembelianlog` VALUES ('39', '7', '2', '3', '2017-04-05 13:54:20', 'developer');
INSERT INTO `t_permintaan_pembelianlog` VALUES ('40', '18', '1', '2', '2017-04-12 16:07:51', 'developer');
INSERT INTO `t_permintaan_pembelianlog` VALUES ('41', '18', '2', '3', '2017-04-12 16:13:25', 'developer');
INSERT INTO `t_permintaan_pembelianlog` VALUES ('42', '19', '1', '2', '2017-04-12 17:00:26', 'developer');
INSERT INTO `t_permintaan_pembelianlog` VALUES ('43', '19', '2', '3', '2017-04-12 17:04:23', 'developer');
INSERT INTO `t_permintaan_pembelianlog` VALUES ('44', '20', '1', '3', '2017-04-13 10:08:20', 'developer');
INSERT INTO `t_permintaan_pembelianlog` VALUES ('45', '21', '1', '3', '2017-04-13 13:37:31', 'developer');
INSERT INTO `t_permintaan_pembelianlog` VALUES ('46', '6', '2', '3', '2017-04-14 18:15:36', 'developer');
INSERT INTO `t_permintaan_pembelianlog` VALUES ('47', '22', '1', '2', '2017-04-17 10:58:18', 'developer');
INSERT INTO `t_permintaan_pembelianlog` VALUES ('48', '22', '2', '3', '2017-04-17 10:58:58', 'developer');

-- ----------------------------
-- Table structure for t_perolehan_produksi
-- ----------------------------
DROP TABLE IF EXISTS `t_perolehan_produksi`;
CREATE TABLE `t_perolehan_produksi` (
  `perolehan_produksi_id` int(11) NOT NULL AUTO_INCREMENT,
  `perolehan_produksi_nomor` varchar(255) DEFAULT NULL,
  `perolehan_produksi_total` decimal(20,2) DEFAULT NULL,
  `perolehan_produksi_afalan` decimal(20,2) DEFAULT NULL,
  `perolehan_produksi_created_date` datetime DEFAULT NULL,
  `perolehan_produksi_created_by` varchar(255) DEFAULT NULL,
  `perolehan_produksi_update_date` datetime DEFAULT NULL ON UPDATE CURRENT_TIMESTAMP,
  `perolehan_produksi_update_by` varchar(255) DEFAULT NULL,
  `perolehan_produksi_revised` int(255) DEFAULT NULL,
  `m_cabang_id` int(11) DEFAULT NULL,
  `m_gudang_id` int(11) DEFAULT NULL,
  `perolehan_produksi_status` int(1) DEFAULT NULL,
  `t_jadwal_produksi_id` int(11) DEFAULT NULL,
  `perolehan_produksi_rusak` int(11) DEFAULT '0',
  PRIMARY KEY (`perolehan_produksi_id`)
) ENGINE=InnoDB AUTO_INCREMENT=13 DEFAULT CHARSET=latin1;

-- ----------------------------
-- Records of t_perolehan_produksi
-- ----------------------------
INSERT INTO `t_perolehan_produksi` VALUES ('4', 'PP20170300001', '5.00', '6.00', '2017-03-07 03:04:04', 'developer', '2017-03-07 03:04:04', null, '0', '1', '4', null, null, null);
INSERT INTO `t_perolehan_produksi` VALUES ('7', 'PP20170300001', '29.00', '31.00', '2017-03-11 03:21:36', 'developer', '2017-03-11 05:02:26', 'developer', '2', '1', '1', '2', '9', null);
INSERT INTO `t_perolehan_produksi` VALUES ('8', 'PP20170300002', '20.00', '9.00', '2017-03-20 14:13:38', 'developer', '2017-03-21 16:09:22', 'developer', '2', '1', '6', '2', '13', '9');
INSERT INTO `t_perolehan_produksi` VALUES ('9', 'PP20170300003', '127.00', '1.00', '2017-03-21 13:34:40', 'developer', '2017-03-21 13:34:40', null, '0', '1', '6', '1', '16', '0');
INSERT INTO `t_perolehan_produksi` VALUES ('10', 'PP20170300004', '10.00', '0.00', '2017-03-21 15:47:59', 'developer', '2017-03-21 15:47:59', null, '0', '1', '6', '1', '17', '0');
INSERT INTO `t_perolehan_produksi` VALUES ('11', 'PP20170300005', '520.00', '38.00', '2017-03-21 15:47:59', 'developer', '2017-04-03 11:37:31', 'developer', '5', '1', '6', '1', '17', '23');
INSERT INTO `t_perolehan_produksi` VALUES ('12', 'PP20170400001', '222.00', '2.00', '2017-04-13 11:59:57', 'developer', '2017-04-13 11:59:57', null, '0', '1', '2', '1', '19', '0');

-- ----------------------------
-- Table structure for t_perolehan_produksidet
-- ----------------------------
DROP TABLE IF EXISTS `t_perolehan_produksidet`;
CREATE TABLE `t_perolehan_produksidet` (
  `perolehan_produksidet_id` int(11) NOT NULL AUTO_INCREMENT,
  `t_perolehan_produksi_id` int(11) NOT NULL,
  `m_barang_id` int(11) NOT NULL,
  `perolehan_produksidet_bahangross` decimal(20,2) DEFAULT '0.00',
  `perolehan_produksidet_bahannet` decimal(20,2) DEFAULT '0.00',
  `perolehan_produksidet_bahantimbang` decimal(20,2) DEFAULT '0.00',
  `perolehan_produksidet_bahankulit` decimal(20,2) DEFAULT '0.00',
  `perolehan_produksidet_bahantong` decimal(20,2) DEFAULT '0.00',
  `t_jadwal_produksidet_id` decimal(20,2) NOT NULL DEFAULT '0.00',
  `perolehan_produksidet_berat` decimal(20,2) DEFAULT '0.00',
  `perolehan_produksidet_panjang` decimal(20,2) DEFAULT '0.00',
  `perolehan_produksidet_tebal` decimal(20,2) DEFAULT '0.00',
  `perolehan_produksidet_micro` decimal(20,2) DEFAULT '0.00',
  `perolehan_produksidet_qty` decimal(20,2) DEFAULT '0.00',
  `perolehan_produksidet_qty_rusak` decimal(20,2) DEFAULT '0.00',
  `perolehan_produksidet_konversi` decimal(20,2) DEFAULT '0.00',
  `perolehan_produksidet_ns` decimal(20,2) DEFAULT '0.00',
  `perolehan_produksidet_ket` varchar(255) DEFAULT NULL,
  `perolehan_produksidet_status` varchar(1) DEFAULT NULL,
  `perolehan_produksidet_created_date` datetime DEFAULT NULL,
  `perolehan_produksidet_created_by` varchar(255) DEFAULT NULL,
  `perolehan_produksidet_update_date` datetime DEFAULT NULL,
  `perolehan_produksidet_update_by` varchar(255) DEFAULT NULL,
  `perolehan_produksidet_revised` int(11) DEFAULT NULL,
  PRIMARY KEY (`perolehan_produksidet_id`)
) ENGINE=InnoDB AUTO_INCREMENT=4 DEFAULT CHARSET=latin1;

-- ----------------------------
-- Records of t_perolehan_produksidet
-- ----------------------------
INSERT INTO `t_perolehan_produksidet` VALUES ('3', '4', '1', '1.00', '2.00', '3.00', '4.00', '5.00', '1.00', '1.00', '2.00', '3.00', '4.00', '5.00', '0.00', null, '6.00', '-', '0', '2017-03-07 03:04:04', 'developer', '2017-03-07 14:33:19', 'developer', '0');

-- ----------------------------
-- Table structure for t_perolehan_produksilog
-- ----------------------------
DROP TABLE IF EXISTS `t_perolehan_produksilog`;
CREATE TABLE `t_perolehan_produksilog` (
  `perolehan_produksilog_id` int(11) NOT NULL AUTO_INCREMENT,
  `referensi_id` int(11) DEFAULT NULL,
  `perolehan_produksilog_status_dari` int(11) DEFAULT NULL,
  `perolehan_produksilog_status_ke` int(11) DEFAULT NULL,
  `perolehan_produksilog_status_update_date` datetime DEFAULT NULL ON UPDATE CURRENT_TIMESTAMP,
  `perolehan_produksilog_status_update_by` varchar(255) DEFAULT NULL,
  PRIMARY KEY (`perolehan_produksilog_id`)
) ENGINE=InnoDB AUTO_INCREMENT=3 DEFAULT CHARSET=latin1;

-- ----------------------------
-- Records of t_perolehan_produksilog
-- ----------------------------
INSERT INTO `t_perolehan_produksilog` VALUES ('1', '8', '1', '2', '2017-03-21 16:09:22', 'developer');
INSERT INTO `t_perolehan_produksilog` VALUES ('2', '8', '1', '2', '2017-03-21 16:09:22', 'developer');

-- ----------------------------
-- Table structure for t_perolehan_produksi_akhirdet
-- ----------------------------
DROP TABLE IF EXISTS `t_perolehan_produksi_akhirdet`;
CREATE TABLE `t_perolehan_produksi_akhirdet` (
  `perolehan_produksi_akhirdet_id` int(11) NOT NULL AUTO_INCREMENT,
  `t_perolehan_produksi_id` int(11) DEFAULT NULL,
  `t_jadwal_produksi_akhirdet_id` int(11) DEFAULT NULL,
  `m_barang_id` int(11) DEFAULT NULL,
  `perolehan_produksi_akhirdet_berat` decimal(20,2) DEFAULT '0.00',
  `perolehan_produksi_akhirdet_panjang` decimal(20,2) DEFAULT '0.00',
  `perolehan_produksi_akhirdet_tebal` decimal(20,2) DEFAULT '0.00',
  `perolehan_produksi_akhirdet_micro` decimal(20,2) DEFAULT '0.00',
  `perolehan_produksi_akhirdet_qty` decimal(20,2) DEFAULT '0.00',
  `perolehan_produksi_akhirdet_ns` decimal(20,2) DEFAULT '0.00',
  `perolehan_produksi_akhirdet_qty_rusak` decimal(20,2) DEFAULT '0.00',
  `perolehan_produksi_akhirdet_konversi` decimal(20,2) DEFAULT '0.00',
  `perolehan_produksi_akhirdet_keterangan` text,
  `perolehan_produksi_akhirdet_status` varchar(1) DEFAULT NULL,
  `perolehan_produksi_akhirdet_created_date` datetime DEFAULT NULL,
  `perolehan_produksi_akhirdet_created_by` varchar(255) DEFAULT NULL,
  `perolehan_produksi_akhirdet_update_date` datetime DEFAULT NULL,
  `perolehan_produksi_akhirdet_update_by` varchar(255) DEFAULT NULL,
  `perolehan_produksi_akhirdet_revised` int(11) DEFAULT NULL,
  PRIMARY KEY (`perolehan_produksi_akhirdet_id`)
) ENGINE=MyISAM AUTO_INCREMENT=18 DEFAULT CHARSET=latin1;

-- ----------------------------
-- Records of t_perolehan_produksi_akhirdet
-- ----------------------------
INSERT INTO `t_perolehan_produksi_akhirdet` VALUES ('1', '7', '3', '5', '6.00', '7.00', '8.00', '9.00', '10.00', '11.00', '12.00', '13.00', '14', '0', '2017-03-11 03:21:36', 'developer', null, null, '0');
INSERT INTO `t_perolehan_produksi_akhirdet` VALUES ('2', '7', '4', '6', '15.00', '16.00', '17.00', '18.00', '19.00', '20.00', '21.00', '22.00', '23', '0', '2017-03-11 03:21:36', 'developer', null, null, '0');
INSERT INTO `t_perolehan_produksi_akhirdet` VALUES ('3', '8', '11', '1', '10.00', '8.00', '5.00', '5.00', '10.00', '5.00', '6.00', '1.00', 'ket', '1', '2017-03-20 14:13:38', 'developer', '2017-03-22 11:31:56', 'developer', '2');
INSERT INTO `t_perolehan_produksi_akhirdet` VALUES ('4', '8', '12', '6', '10.00', '7.00', '8.00', '5.00', '10.00', '4.00', '3.00', '1.00', '', '1', '2017-03-20 14:13:38', 'developer', '2017-03-22 11:31:57', 'developer', '2');
INSERT INTO `t_perolehan_produksi_akhirdet` VALUES ('5', '9', '15', '13', '5.00', '1.00', '1.00', '1.00', '127.00', '1.00', '0.00', '0.00', 'ket', '0', '2017-03-21 13:34:40', 'developer', null, null, '0');
INSERT INTO `t_perolehan_produksi_akhirdet` VALUES ('6', '9', '0', '13', '5.00', '1.00', '1.00', '1.00', '128.00', '1.00', '0.00', '0.00', 'ket', '0', '2017-03-21 13:34:40', 'developer', null, null, '0');
INSERT INTO `t_perolehan_produksi_akhirdet` VALUES ('7', '10', '16', '13', '60.00', '7.00', '4.00', '67.00', '10.00', '0.00', '0.00', '0.00', 'ket', '0', '2017-03-21 15:47:59', 'developer', null, null, '0');
INSERT INTO `t_perolehan_produksi_akhirdet` VALUES ('8', '10', '0', '1', '55.00', '9.00', '2.00', '46.00', '0.00', '1.00', '0.00', '0.00', 'ket', '0', '2017-03-21 15:47:59', 'developer', null, null, '0');
INSERT INTO `t_perolehan_produksi_akhirdet` VALUES ('9', '10', '0', '12', '44.00', '6.00', '4.00', '22.00', '0.00', '0.00', '11.00', '0.00', 'ket', '0', '2017-03-21 15:47:59', 'developer', null, null, '0');
INSERT INTO `t_perolehan_produksi_akhirdet` VALUES ('10', '10', '0', '1', '54.00', '10.00', '3.00', '12.00', '0.00', '1.00', '0.00', '0.00', 'ket', '0', '2017-03-21 15:47:59', 'developer', null, null, '0');
INSERT INTO `t_perolehan_produksi_akhirdet` VALUES ('11', '11', '16', '13', '60.00', '7.00', '4.00', '67.00', '10.00', '0.00', '0.00', '50.00', 'ket', '0', '2017-03-21 15:48:00', 'developer', '2017-04-03 11:37:32', 'developer', '2');
INSERT INTO `t_perolehan_produksi_akhirdet` VALUES ('12', '11', '0', '1', '55.00', '9.00', '2.00', '46.00', '400.00', '10.00', '0.00', '40.00', 'ket', '0', '2017-03-21 15:48:00', 'developer', '2017-04-03 11:37:32', 'developer', '2');
INSERT INTO `t_perolehan_produksi_akhirdet` VALUES ('13', '11', '0', '12', '44.00', '6.00', '4.00', '22.00', '100.00', '20.00', '11.00', '30.00', 'ket', '0', '2017-03-21 15:48:00', 'developer', '2017-04-03 11:37:32', 'developer', '2');
INSERT INTO `t_perolehan_produksi_akhirdet` VALUES ('14', '11', '0', '1', '54.00', '10.00', '3.00', '12.00', '10.00', '8.00', '12.00', '10.00', 'ket', '0', '2017-03-21 15:48:00', 'developer', '2017-04-03 11:37:32', 'developer', '2');
INSERT INTO `t_perolehan_produksi_akhirdet` VALUES ('15', '12', '20', '7', '11.00', '11.00', '11.00', '11.00', '111.00', '1.00', '0.00', '1.00', '-', '0', '2017-04-13 11:59:57', 'developer', null, null, '0');
INSERT INTO `t_perolehan_produksi_akhirdet` VALUES ('16', '12', '21', '4', '1.00', '1.00', '1.00', '1.00', '111.00', '1.00', '0.00', '1.00', '-', '0', '2017-04-13 11:59:59', 'developer', null, null, '0');
INSERT INTO `t_perolehan_produksi_akhirdet` VALUES ('17', '12', '0', '2', '1.00', '1.00', '1.00', '1.00', '111.00', '1.00', '1.00', '1.00', '-', '0', '2017-04-13 11:59:59', 'developer', null, null, '0');

-- ----------------------------
-- Table structure for t_perolehan_produksi_awaldet
-- ----------------------------
DROP TABLE IF EXISTS `t_perolehan_produksi_awaldet`;
CREATE TABLE `t_perolehan_produksi_awaldet` (
  `perolehan_produksi_awaldet_id` int(11) NOT NULL AUTO_INCREMENT,
  `t_perolehan_produksi_id` int(11) DEFAULT NULL,
  `t_jadwal_produksi_awaldet_id` int(11) DEFAULT NULL,
  `m_barang_id` int(11) DEFAULT NULL,
  `perolehan_produksi_awaldet_bahangross` decimal(20,2) DEFAULT '0.00',
  `perolehan_produksi_awaldet_bahannet` decimal(20,2) DEFAULT '0.00',
  `perolehan_produksi_awaldet_bahantimbang` decimal(20,2) DEFAULT '0.00',
  `perolehan_produksi_awaldet_bahankulit` decimal(20,2) DEFAULT '0.00',
  `perolehan_produksi_awaldet_bahantong` decimal(20,2) DEFAULT '0.00',
  `perolehan_produksi_awaldet_status` varchar(1) DEFAULT NULL,
  `perolehan_produksi_awaldet_created_date` datetime DEFAULT NULL,
  `perolehan_produksi_awaldet_created_by` varchar(255) DEFAULT NULL,
  `perolehan_produksi_awaldet_update_date` datetime DEFAULT NULL,
  `perolehan_produksi_awaldet_update_by` varchar(255) DEFAULT NULL,
  `perolehan_produksi_awaldet_revised` int(11) DEFAULT NULL,
  PRIMARY KEY (`perolehan_produksi_awaldet_id`)
) ENGINE=MyISAM AUTO_INCREMENT=7 DEFAULT CHARSET=latin1;

-- ----------------------------
-- Records of t_perolehan_produksi_awaldet
-- ----------------------------
INSERT INTO `t_perolehan_produksi_awaldet` VALUES ('1', '7', '6', '1', '1.00', '2.00', '3.00', '4.00', '5.00', '0', '2017-03-11 03:21:36', 'developer', null, null, '0');
INSERT INTO `t_perolehan_produksi_awaldet` VALUES ('2', '8', '12', '5', '100.00', '100.00', '80.00', '75.00', '80.00', '0', '2017-03-20 14:13:38', 'developer', null, null, '0');
INSERT INTO `t_perolehan_produksi_awaldet` VALUES ('3', '9', '15', '8', '0.00', '5175.00', '5172.00', '10.00', '0.00', '0', '2017-03-21 13:34:40', 'developer', null, null, '0');
INSERT INTO `t_perolehan_produksi_awaldet` VALUES ('4', '10', '16', '8', '67.00', '22.00', '45.00', '23.00', '43.00', '0', '2017-03-21 15:47:59', 'developer', null, null, '0');
INSERT INTO `t_perolehan_produksi_awaldet` VALUES ('5', '11', '16', '8', '67.00', '22.00', '45.00', '23.00', '43.00', '0', '2017-03-21 15:47:59', 'developer', '2017-04-03 11:37:32', 'developer', '2');
INSERT INTO `t_perolehan_produksi_awaldet` VALUES ('6', '12', '18', '656', '22.00', '11.00', '11.00', '11.00', '1.00', '0', '2017-04-13 11:59:57', 'developer', null, null, '0');

-- ----------------------------
-- Table structure for t_po_customer
-- ----------------------------
DROP TABLE IF EXISTS `t_po_customer`;
CREATE TABLE `t_po_customer` (
  `po_customer_id` int(11) NOT NULL AUTO_INCREMENT,
  `m_cabang_id` int(255) DEFAULT NULL,
  `po_customer_nomor` varchar(255) DEFAULT NULL,
  `po_customer_tanggal` datetime DEFAULT NULL,
  `m_partner_id` int(255) DEFAULT NULL,
  `po_customer_kontak_person` varchar(255) DEFAULT NULL,
  `po_customer_nama_pelanggan` varchar(255) DEFAULT NULL,
  `po_customer_alamat_kirim` varchar(255) DEFAULT NULL,
  `po_customer_sejarah` int(1) DEFAULT '1' COMMENT '{"1": "Lama", "2": "Baru"}',
  `m_karyawan_id` int(11) DEFAULT NULL,
  `po_customer_perjanjian_bayar` int(255) DEFAULT NULL,
  `po_customer_jasaangkut_jenis` int(255) DEFAULT NULL COMMENT '{"1": "Ekspedisi", "2": "Kirim Sendiri"}',
  `po_customer_ekspedisi` varchar(255) DEFAULT NULL,
  `po_customer_jasaangkut_bayar` int(255) DEFAULT NULL COMMENT '{"1": "Bayar Kantor", "2": "Bayar Toko"}',
  `po_customer_ppn` int(1) DEFAULT '1' COMMENT '{"1": "PPN", "2": "Tanpa PPN"}',
  `po_customer_catatan` text,
  `po_customer_step` int(11) DEFAULT NULL,
  `po_customer_status` int(255) DEFAULT NULL COMMENT '{"1": "Draft PO", "2": "Cek Stok Barang", "3": "Cek Kredit Limit", "4": "Menunggu Otorisasi", "5": "PO Diterima", "6": "Terbit SO", "7":  "PO Tidak Diterima"}',
  `po_customer_printed` int(11) DEFAULT NULL,
  `po_customer_created_date` datetime DEFAULT NULL,
  `po_customer_created_by` varchar(255) DEFAULT NULL,
  `po_customer_updated_date` datetime DEFAULT NULL ON UPDATE CURRENT_TIMESTAMP,
  `po_customer_updated_by` varchar(0) DEFAULT NULL,
  `po_customer_revised` int(255) DEFAULT NULL,
  `po_customer_nama_kontak` varchar(255) DEFAULT NULL,
  `po_customer_tanggal_persetujuan` datetime DEFAULT NULL,
  `po_customer_file` text,
  `po_customer_jenis` int(2) DEFAULT NULL,
  PRIMARY KEY (`po_customer_id`)
) ENGINE=MyISAM AUTO_INCREMENT=27 DEFAULT CHARSET=latin1;

-- ----------------------------
-- Records of t_po_customer
-- ----------------------------
INSERT INTO `t_po_customer` VALUES ('1', '1', 'POC20170300001', '2017-03-18 00:00:00', '1', 'Bambang', 'Partner 1', '-', '1', '1', '30', '1', 'Truk', '1', '1', '-', '4', '5', null, '2017-03-18 10:59:50', 'developer', '2017-04-12 00:32:11', '', '3', null, null, null, null);
INSERT INTO `t_po_customer` VALUES ('2', '1', 'POC20170300002', '2017-03-20 00:00:00', '1', '2333e3', 'Partner 1', '-', '1', '1', '30', '1', 'eks1', '1', '1', 'kirim senin', '4', '4', null, '2017-03-20 09:33:13', 'developer', '2017-04-12 00:45:49', '', '4', null, null, '', null);
INSERT INTO `t_po_customer` VALUES ('3', '1', 'POC20170300003', '2017-03-20 00:00:00', '1', '88854', 'Partner 1', '-', '1', '1', '30', '2', '', '1', '1', 'catatan', '3', '6', null, '2017-03-20 09:58:12', 'developer', '2017-04-06 16:50:01', '', '2', null, null, null, null);
INSERT INTO `t_po_customer` VALUES ('4', '1', 'POC20170300004', '2017-03-23 00:00:00', '1', 'aaa', 'Partner 1', '-', '1', '1', '50', '1', '', '1', '1', '-', '3', '6', null, '2017-03-23 13:24:26', 'developer', '2017-04-06 16:50:02', '', '2', null, null, null, null);
INSERT INTO `t_po_customer` VALUES ('5', '1', 'POC20170300005', '2017-03-23 00:00:00', '1', '124', 'Partner 1', '-', '1', '1', '80', '2', '', '1', '1', '-', '3', '6', null, '2017-03-23 13:51:15', 'developer', '2017-04-06 16:50:03', '', '2', null, null, null, null);
INSERT INTO `t_po_customer` VALUES ('6', '1', 'POC20170300006', '2017-03-29 00:00:00', '1', '0987787', 'Partner 1', 'margomulyo', '1', '11', '25', '1', 'ekspedisi express', '1', '1', '', '3', '4', null, '2017-03-29 09:44:56', 'developer', '2017-04-06 16:50:03', '', '7', null, null, null, null);
INSERT INTO `t_po_customer` VALUES ('7', '1', 'POC20170300007', '2017-03-29 00:00:00', '7', '3131231', 'alfamart', 'margomulyo', '1', '12', '25', '2', '', '1', '1', '', '3', '6', null, '2017-03-29 09:54:36', 'developer', '2017-04-06 16:50:04', '', '4', null, null, null, null);
INSERT INTO `t_po_customer` VALUES ('8', '1', 'POC20170300008', '2017-03-29 00:00:00', '7', '', 'alfamart', 'margomulyo', '1', '7', '25', '2', '', '1', '2', '', '3', '6', null, '2017-03-29 10:06:01', 'developer', '2017-04-07 14:16:05', '', '3', null, null, null, null);
INSERT INTO `t_po_customer` VALUES ('9', '1', 'POC20170300009', '2017-03-29 00:00:00', '7', 'Budi', 'alfamart', 'adad', '1', '7', '20', '2', '', '1', '1', '', '3', '4', null, '2017-03-29 16:12:43', 'developer', '2017-04-11 21:55:08', '', '4', null, null, 'Formulir_dan_Laporan_CUT.pdf', null);
INSERT INTO `t_po_customer` VALUES ('10', '1', 'POC20170300010', '2017-03-31 00:00:00', '7', 'alfa', 'alfamart', 'adad', '1', '7', '120', '2', '', '1', '1', '-', '3', '4', null, '2017-03-31 10:34:15', 'developer', '2017-04-06 16:50:06', '', '3', null, null, null, null);
INSERT INTO `t_po_customer` VALUES ('11', '1', 'POC20170400001', '2017-04-03 00:00:00', '7', 'aassa', 'alfamart', 'adad', '1', '7', '1', '2', '', '1', '1', 'tidak ada', '3', '4', null, '2017-04-03 15:24:47', 'developer', '2017-04-07 10:17:15', '', '2', null, null, null, null);
INSERT INTO `t_po_customer` VALUES ('12', '1', 'POC20170400002', '2017-04-05 00:00:00', '1', '2352', 'Partner 1', 'margomulyo', '1', '7', '20', '1', 'expedisi', '1', '2', 'urgent', '4', '6', null, '2017-04-05 10:08:50', 'developer', '2017-04-07 11:13:54', '', '7', null, null, null, null);
INSERT INTO `t_po_customer` VALUES ('13', '1', 'POC20170400003', '2017-04-11 00:00:00', '7', '123', 'alfamart', 'adad', '1', '7', '0', '1', 'acv', '1', '1', 'catatan', '1', '4', null, '2017-04-11 11:33:55', 'developer', '2017-04-11 21:55:30', '', '3', null, null, '', null);
INSERT INTO `t_po_customer` VALUES ('14', '1', 'POC20170400004', '2017-04-11 00:00:00', '7', '12345', 'alfamart', 'adad', '1', '10', '0', '1', '123', '1', '1', 'tidak ada', '4', '6', null, '2017-04-11 11:58:44', 'developer', '2017-04-12 10:55:26', '', '5', ' alief', '2017-12-04 10:49:00', '', null);
INSERT INTO `t_po_customer` VALUES ('15', '1', 'POC20170400005', '2017-04-11 00:00:00', '10', 'kadad', 'pt jasaweb', 'lontar no 226', '1', '7', '90', '2', '', '1', '1', '', '1', '2', null, '2017-04-11 23:32:36', 'developer', '2017-04-11 23:32:36', null, '0', null, null, '', null);
INSERT INTO `t_po_customer` VALUES ('16', '1', 'POC20170400006', '2017-04-12 00:00:00', '1', '10390193', 'Partner 1', 'jalan surabaya', '1', '7', '20', '2', '', '1', '1', '', '4', '10', null, '2017-04-12 10:02:07', 'developer', '2017-04-12 11:03:38', '', '14', ' jqwnejq', '2017-12-04 10:45:00', 'Chrysanthemum.jpg', null);
INSERT INTO `t_po_customer` VALUES ('17', '1', 'POC20170400007', '2017-04-12 00:00:00', '10', '13123', 'pt jasaweb', 'lontar no 226', '2', '7', '10', '2', '', '1', '2', '', '4', '11', null, '2017-04-12 11:48:19', 'developer', '2017-04-19 16:53:51', '', '4', 'alief', '2017-12-04 11:48:00', '', null);
INSERT INTO `t_po_customer` VALUES ('18', '1', 'POC20170400008', '2017-04-13 00:00:00', '14', '03123456789', 'cus6', 'Alamat', '2', '19', '30', '2', '', '1', '1', '-', '4', '4', null, '2017-04-13 16:50:24', 'developer', '2017-04-13 17:05:55', '', '4', null, null, 'UU1108edit.pdf', null);
INSERT INTO `t_po_customer` VALUES ('19', '1', 'POC20170400009', '2017-04-18 00:00:00', '1', '-', 'Partner 1', 'jalan surabaya', '1', '7', '30', '1', 'Truk', '1', '1', '-', '4', '11', null, '2017-04-18 15:24:24', 'developer', '2017-04-18 15:31:29', '', '4', ' ', '2017-04-18 15:25:00', '', null);
INSERT INTO `t_po_customer` VALUES ('20', '1', 'POC20170400010', '2017-04-18 00:00:00', '7', '123', 'alfamart', 'adad', '1', '7', '10', '2', '', '1', '1', '', '1', '2', null, '2017-04-18 21:08:01', 'developer', '2017-04-18 21:08:01', null, '0', null, null, 'Chrysanthemum1.jpg', null);
INSERT INTO `t_po_customer` VALUES ('21', '1', 'POC20170400011', '2017-04-19 00:00:00', '1', 'aas', 'Partner 1', 'jalan surabaya', '1', '7', '10', '2', '', '1', '1', '', '1', '2', null, '2017-04-19 09:28:08', 'developer', '2017-04-19 09:28:08', null, '0', null, null, '', null);
INSERT INTO `t_po_customer` VALUES ('22', '1', 'POC20170400012', '2017-04-19 00:00:00', '1', 'alief', 'Partner 1', 'margomulyo', '1', '7', '10', '2', '', '1', '1', '', '4', '10', null, '2017-04-19 09:34:28', 'developer', '2017-04-19 09:59:50', '', '4', ' ', '2017-04-19 09:56:00', 'Chrysanthemum3.jpg', null);
INSERT INTO `t_po_customer` VALUES ('23', '1', 'POC20170400013', '2017-04-19 00:00:00', '1', 'alief', 'Partner 1', 'jalan surabaya', '1', '7', '10', '2', '', '1', '1', '', '4', '11', null, '2017-04-19 09:36:08', 'developer', '2017-04-19 10:05:57', '', '4', ' ', '2017-04-19 09:44:00', 'Chrysanthemum.jpg', null);
INSERT INTO `t_po_customer` VALUES ('24', '1', 'POC20170400014', '2017-04-19 00:00:00', '1', 'alief', 'Partner 1', 'jalan surabaya', '1', null, '10', '2', '', '1', '1', '', '1', '1', null, '2017-04-19 09:40:34', 'developer', '2017-04-19 09:40:34', null, '0', null, null, '', null);
INSERT INTO `t_po_customer` VALUES ('25', '1', 'POC20170400015', '2017-04-19 00:00:00', '14', '121345', 'cus6', 'Alamat', '2', '19', '30', '2', '', '1', '1', '', '4', '9', null, '2017-04-19 14:55:31', 'developer', '2017-04-19 15:14:49', '', '11', ' ', '2017-04-19 15:09:00', '', null);
INSERT INTO `t_po_customer` VALUES ('26', '1', 'POC20170400016', '2017-04-20 00:00:00', '1', '123', 'Partner 1', 'jalan surabaya', '1', '7', '10', '2', '', '1', '2', '', '1', '4', null, '2017-04-20 10:43:39', 'developer', '2017-04-20 10:44:46', '', '3', null, null, '', null);

-- ----------------------------
-- Table structure for t_po_customerdet
-- ----------------------------
DROP TABLE IF EXISTS `t_po_customerdet`;
CREATE TABLE `t_po_customerdet` (
  `po_customerdet_id` int(11) NOT NULL AUTO_INCREMENT,
  `t_po_customer_id` int(11) DEFAULT NULL,
  `po_customerdet_barang_uraian` text,
  `m_barang_id` int(11) DEFAULT NULL,
  `po_customerdet_qty` decimal(20,2) DEFAULT '0.00',
  `po_customerdet_harga_satuan` decimal(20,2) DEFAULT '0.00',
  `po_customerdet_keterangan` text,
  `po_customerdet_created_date` datetime DEFAULT NULL ON UPDATE CURRENT_TIMESTAMP,
  `po_customerdet_created_by` varchar(255) DEFAULT NULL,
  `po_customerdet_updated_date` datetime DEFAULT NULL ON UPDATE CURRENT_TIMESTAMP,
  `po_customerdet_updated_by` varchar(255) DEFAULT NULL,
  `po_customerdet_revised` int(11) DEFAULT NULL,
  `po_customerdet_status` int(1) DEFAULT '1',
  PRIMARY KEY (`po_customerdet_id`)
) ENGINE=MyISAM AUTO_INCREMENT=38 DEFAULT CHARSET=latin1;

-- ----------------------------
-- Records of t_po_customerdet
-- ----------------------------
INSERT INTO `t_po_customerdet` VALUES ('1', '1', null, '1', '10.00', '100000.00', '-', '2017-03-18 10:59:50', 'developer', '2017-03-18 10:59:50', null, '0', '1');
INSERT INTO `t_po_customerdet` VALUES ('2', '1', null, '2', '20.00', '150000.00', '-', '2017-03-18 10:59:50', 'developer', '2017-03-18 10:59:50', null, '0', '1');
INSERT INTO `t_po_customerdet` VALUES ('3', '2', null, '2', '20.00', '6000.00', 'ket', '2017-04-12 00:45:50', 'developer', '2017-04-12 00:45:50', 'developer', '1', '1');
INSERT INTO `t_po_customerdet` VALUES ('4', '2', null, '2', '10.00', '10000.00', 'ket', '2017-04-12 00:45:51', 'developer', '2017-04-12 00:45:50', 'developer', '1', '1');
INSERT INTO `t_po_customerdet` VALUES ('5', '3', null, '1', '1000.00', '1000.00', 'ket', '2017-03-20 09:58:12', 'developer', '2017-03-20 09:58:12', null, '0', '1');
INSERT INTO `t_po_customerdet` VALUES ('6', '3', null, '7', '500.00', '2000.00', 'ket', '2017-03-20 09:58:12', 'developer', '2017-03-20 09:58:12', null, '0', '1');
INSERT INTO `t_po_customerdet` VALUES ('7', '4', null, '30', '120.00', '100000.00', '-', '2017-03-23 13:24:26', 'developer', '2017-03-23 13:24:26', null, '0', '1');
INSERT INTO `t_po_customerdet` VALUES ('8', '4', null, '134', '100.00', '50000.00', '-', '2017-03-23 13:24:26', 'developer', '2017-03-23 13:24:26', null, '0', '1');
INSERT INTO `t_po_customerdet` VALUES ('9', '5', null, '2', '60.00', '20000.00', '-', '2017-03-23 13:51:15', 'developer', '2017-03-23 13:51:15', null, '0', '1');
INSERT INTO `t_po_customerdet` VALUES ('10', '5', null, '7', '70.00', '10000.00', '-', '2017-03-23 13:51:15', 'developer', '2017-03-23 13:51:15', null, '0', '1');
INSERT INTO `t_po_customerdet` VALUES ('11', '6', null, '314', '10.90', '10000.00', 'ket', '2017-03-29 09:44:57', 'developer', '2017-03-29 09:44:57', null, '0', '1');
INSERT INTO `t_po_customerdet` VALUES ('12', '7', null, '263', '0.00', '0.00', '', '2017-03-29 09:54:37', 'developer', '2017-03-29 09:54:37', null, '0', '1');
INSERT INTO `t_po_customerdet` VALUES ('13', '8', null, '5', '20.00', '1000.00', 'ket', '2017-04-05 11:03:18', 'developer', '2017-04-05 11:03:17', 'developer', '2', '2');
INSERT INTO `t_po_customerdet` VALUES ('14', '9', null, '411', '70.00', '1000.00', '', '2017-04-11 21:55:09', 'developer', '2017-04-11 21:55:08', 'developer', '2', '1');
INSERT INTO `t_po_customerdet` VALUES ('15', '10', null, '4', '50.00', '90000.00', '', '2017-03-31 10:34:16', 'developer', '2017-03-31 10:34:16', null, '0', '1');
INSERT INTO `t_po_customerdet` VALUES ('16', '10', null, '7', '30.00', '100000.00', '', '2017-03-31 10:34:16', 'developer', '2017-03-31 10:34:16', null, '0', '1');
INSERT INTO `t_po_customerdet` VALUES ('17', '11', null, '4', '1.00', '12.00', 'ket', '2017-04-03 15:24:48', 'developer', '2017-04-03 15:24:48', null, '0', '1');
INSERT INTO `t_po_customerdet` VALUES ('18', '12', null, '134', '10000.00', '2000.00', 'pakai faktur pajak', '2017-04-05 10:08:50', 'developer', '2017-04-05 10:08:50', null, '0', '1');
INSERT INTO `t_po_customerdet` VALUES ('19', '13', null, '4', '10.00', '9927.00', '', '2017-04-11 21:55:31', 'developer', '2017-04-11 21:55:30', 'developer', '3', '1');
INSERT INTO `t_po_customerdet` VALUES ('20', '13', null, '2', '9.00', '1201.00', '', '2017-04-11 21:55:31', 'developer', '2017-04-11 21:55:31', 'developer', '3', '1');
INSERT INTO `t_po_customerdet` VALUES ('21', '13', null, '32', '8.00', '2102.00', '', '2017-04-11 21:55:31', 'developer', '2017-04-11 21:55:31', 'developer', '3', '1');
INSERT INTO `t_po_customerdet` VALUES ('22', '14', null, '4', '120.00', '10.00', 'Kilogram', '2017-04-12 10:55:35', 'developer', '2017-04-12 10:55:26', 'developer', '3', '4');
INSERT INTO `t_po_customerdet` VALUES ('23', '15', null, '2', '10000.00', '1233.30', '', '2017-04-11 23:32:36', 'developer', '2017-04-11 23:32:36', null, '0', '1');
INSERT INTO `t_po_customerdet` VALUES ('24', '16', null, '2', '100.00', '1000.00', 'Meter', '2017-04-12 11:09:16', 'developer', '2017-04-12 11:09:06', 'developer', '9', '5');
INSERT INTO `t_po_customerdet` VALUES ('25', '17', null, '656', '100.00', '10000.00', 'Meter', '2017-04-19 16:53:51', 'developer', '2017-04-19 16:54:07', 'developer', '2', '4');
INSERT INTO `t_po_customerdet` VALUES ('26', '18', null, '2', '11.00', '1111.00', 'Meter', '2017-04-13 17:05:44', 'developer', '2017-04-13 17:05:56', 'developer', '2', '4');
INSERT INTO `t_po_customerdet` VALUES ('27', '18', null, '656', '10.00', '1250.00', 'Lembar', '2017-04-13 17:05:44', 'developer', '2017-04-13 17:05:56', 'developer', '2', '4');
INSERT INTO `t_po_customerdet` VALUES ('28', '19', 'Barang ABC', '134', '100.00', '1000.00', '-', '2017-04-18 15:31:29', 'developer', '2017-04-18 15:31:28', 'developer', '3', '4');
INSERT INTO `t_po_customerdet` VALUES ('29', '19', 'Barang BCA', '32', '200.00', '2000.00', '-', '2017-04-18 15:31:29', 'developer', '2017-04-18 15:31:28', 'developer', '3', '4');
INSERT INTO `t_po_customerdet` VALUES ('30', '20', 'coil a b x c x d', null, '20.00', '2000.00', '', '2017-04-18 21:08:01', 'developer', '2017-04-18 21:08:01', null, '0', '1');
INSERT INTO `t_po_customerdet` VALUES ('31', '21', 'asad', null, '1231.00', '2200.00', '', '2017-04-19 09:28:08', 'developer', '2017-04-19 09:28:08', null, '0', '1');
INSERT INTO `t_po_customerdet` VALUES ('32', '22', 'coil abcd ', null, '10.00', '2000.00', '', '2017-04-19 09:59:54', 'developer', '2017-04-19 09:59:52', 'developer', '2', '4');
INSERT INTO `t_po_customerdet` VALUES ('33', '23', 'trimdex 123', '411', '12.00', '2000.00', '', '2017-04-19 10:05:58', 'developer', '2017-04-19 10:05:56', 'developer', '3', '4');
INSERT INTO `t_po_customerdet` VALUES ('34', '24', 'coil 123', null, '120.00', '20000.00', '', '2017-04-19 09:40:35', 'developer', '2017-04-19 09:40:35', null, '0', '1');
INSERT INTO `t_po_customerdet` VALUES ('35', '25', 'barang cus', null, '100.00', '1500.00', '-', '2017-04-19 15:09:22', 'developer', '2017-04-19 15:09:38', 'developer', '6', '4');
INSERT INTO `t_po_customerdet` VALUES ('36', '25', 'barang cus 1', null, '15.00', '5000.00', '-', '2017-04-19 15:09:22', 'developer', '2017-04-19 15:09:39', 'developer', '6', '4');
INSERT INTO `t_po_customerdet` VALUES ('37', '26', 'coil 123', null, '12.00', '2090.00', '', '2017-04-20 10:44:46', 'developer', '2017-04-20 10:44:46', 'developer', '2', '1');

-- ----------------------------
-- Table structure for t_retur_pembelian
-- ----------------------------
DROP TABLE IF EXISTS `t_retur_pembelian`;
CREATE TABLE `t_retur_pembelian` (
  `retur_pembelian_id` int(11) NOT NULL AUTO_INCREMENT,
  `retur_pembelian_nomor` varchar(255) DEFAULT NULL,
  `retur_pembelian_tanggal` varchar(255) DEFAULT NULL,
  `m_cabang_id` varchar(255) DEFAULT NULL,
  `t_penerimaan_barang_id` int(11) DEFAULT NULL,
  `retur_pembelian_status` int(255) NOT NULL,
  `retur_pembelian_status_date` datetime DEFAULT NULL ON UPDATE CURRENT_TIMESTAMP,
  `retur_pembelian_printed` int(255) DEFAULT NULL,
  `retur_pembelian_created_date` datetime NOT NULL,
  `retur_pembelian_created_by` varchar(255) NOT NULL,
  `retur_pembelian_update_date` datetime DEFAULT NULL ON UPDATE CURRENT_TIMESTAMP,
  `retur_pembelian_update_by` varchar(0) DEFAULT NULL,
  `retur_pembelian_revised` int(255) DEFAULT NULL,
  PRIMARY KEY (`retur_pembelian_id`)
) ENGINE=MyISAM AUTO_INCREMENT=7 DEFAULT CHARSET=latin1;

-- ----------------------------
-- Records of t_retur_pembelian
-- ----------------------------
INSERT INTO `t_retur_pembelian` VALUES ('1', 'REPO20170200001', '2017-02-27', '1', '1', '4', '2017-02-28 07:00:24', null, '2017-02-27 14:47:39', 'developer', '2017-02-28 07:00:24', '', '2');
INSERT INTO `t_retur_pembelian` VALUES ('2', 'REPO20170300001', '2017-03-04', '1', '5', '4', '2017-03-04 11:06:15', null, '2017-03-04 11:03:31', 'developer', '2017-03-04 11:06:15', '', '2');
INSERT INTO `t_retur_pembelian` VALUES ('3', 'REPO20170300002', '2017-03-06', '1', '1', '1', '2017-03-06 14:38:04', null, '2017-03-06 14:38:04', 'developer', '2017-03-06 14:38:04', null, '0');
INSERT INTO `t_retur_pembelian` VALUES ('4', 'REPO20170300003', '2017-03-08', '1', '9', '4', '2017-04-13 14:36:26', null, '2017-03-08 09:07:44', 'developer', '2017-04-13 14:36:26', '', '2');
INSERT INTO `t_retur_pembelian` VALUES ('5', 'REPO20170400001', '2017-04-03', '1', '9', '4', '2017-04-03 14:53:17', null, '2017-04-03 14:45:30', 'developer', '2017-04-03 14:53:17', '', '2');
INSERT INTO `t_retur_pembelian` VALUES ('6', 'REPO20170400002', '2017-04-13', '1', '26', '1', '2017-04-13 14:22:51', null, '2017-04-13 14:22:51', 'developer', '2017-04-13 14:22:51', null, '0');

-- ----------------------------
-- Table structure for t_retur_pembeliandet
-- ----------------------------
DROP TABLE IF EXISTS `t_retur_pembeliandet`;
CREATE TABLE `t_retur_pembeliandet` (
  `retur_pembeliandet_id` int(11) NOT NULL AUTO_INCREMENT,
  `t_retur_pembelian_id` int(11) DEFAULT NULL,
  `m_barang_id` int(11) DEFAULT NULL,
  `retur_pembeliandet_qty_terima` decimal(20,2) DEFAULT '0.00',
  `retur_pembeliandet_qty` decimal(20,2) DEFAULT '0.00',
  `retur_pembeliandet_keterangan` varchar(255) DEFAULT NULL,
  `retur_pembeliandet_status` int(255) DEFAULT NULL,
  `retur_pembeliandet_status_date` datetime DEFAULT NULL,
  `retur_pembeliandet_created_date` datetime NOT NULL,
  `retur_pembeliandet_created_by` varchar(255) NOT NULL,
  `retur_pembeliandet_update_date` datetime DEFAULT NULL ON UPDATE CURRENT_TIMESTAMP,
  `retur_pembeliandet_update_by` varchar(0) DEFAULT NULL,
  `retur_pembeliandet_revised` int(255) DEFAULT NULL,
  PRIMARY KEY (`retur_pembeliandet_id`)
) ENGINE=MyISAM AUTO_INCREMENT=6 DEFAULT CHARSET=latin1;

-- ----------------------------
-- Records of t_retur_pembeliandet
-- ----------------------------
INSERT INTO `t_retur_pembeliandet` VALUES ('1', '1', '1', '150.00', '20.00', 'Barang rusak', '1', '2017-02-27 14:47:39', '2017-02-27 14:47:39', 'developer', '2017-02-27 14:47:39', null, '0');
INSERT INTO `t_retur_pembeliandet` VALUES ('2', '2', '1', '149.00', '10.00', 'rusak', '1', '2017-03-04 11:03:31', '2017-03-04 11:03:31', 'developer', '2017-03-04 11:03:31', null, '0');
INSERT INTO `t_retur_pembeliandet` VALUES ('3', '4', '5', '7500.00', '7500.00', 'ket', '1', '2017-03-08 09:07:44', '2017-03-08 09:07:44', 'developer', '2017-03-08 09:07:44', null, '0');
INSERT INTO `t_retur_pembeliandet` VALUES ('4', '5', '6', '50.00', '25.00', '', '1', '2017-04-03 14:45:30', '2017-04-03 14:45:30', 'developer', '2017-04-03 14:45:30', null, '0');
INSERT INTO `t_retur_pembeliandet` VALUES ('5', '6', '32', '722.00', '2.50', '', '1', '2017-04-13 14:22:51', '2017-04-13 14:22:51', 'developer', '2017-04-13 14:22:51', null, '0');

-- ----------------------------
-- Table structure for t_retur_pembelianlog
-- ----------------------------
DROP TABLE IF EXISTS `t_retur_pembelianlog`;
CREATE TABLE `t_retur_pembelianlog` (
  `retur_pembelianlog_id` int(11) NOT NULL AUTO_INCREMENT,
  `referensi_id` int(11) DEFAULT NULL,
  `retur_pembelianlog_status_dari` int(11) DEFAULT NULL,
  `retur_pembelianlog_status_ke` int(11) DEFAULT NULL,
  `retur_pembelianlog_status_update_date` datetime DEFAULT NULL ON UPDATE CURRENT_TIMESTAMP,
  `retur_pembelianlog_status_update_by` varchar(255) DEFAULT NULL,
  PRIMARY KEY (`retur_pembelianlog_id`)
) ENGINE=InnoDB AUTO_INCREMENT=13 DEFAULT CHARSET=latin1;

-- ----------------------------
-- Records of t_retur_pembelianlog
-- ----------------------------
INSERT INTO `t_retur_pembelianlog` VALUES ('1', '1', '1', '2', '2017-02-27 16:32:37', 'developer');
INSERT INTO `t_retur_pembelianlog` VALUES ('2', '1', '2', '3', '2017-02-27 22:52:14', 'developer');
INSERT INTO `t_retur_pembelianlog` VALUES ('3', '1', '3', '4', '2017-02-28 07:00:24', 'developer');
INSERT INTO `t_retur_pembelianlog` VALUES ('4', '2', '1', '2', '2017-03-04 11:04:16', 'developer');
INSERT INTO `t_retur_pembelianlog` VALUES ('5', '2', '2', '3', '2017-03-04 11:04:28', 'developer');
INSERT INTO `t_retur_pembelianlog` VALUES ('6', '2', '3', '4', '2017-03-04 11:06:15', 'developer');
INSERT INTO `t_retur_pembelianlog` VALUES ('7', '4', '1', '2', '2017-03-08 09:08:00', 'developer');
INSERT INTO `t_retur_pembelianlog` VALUES ('8', '4', '2', '3', '2017-03-08 09:08:07', 'developer');
INSERT INTO `t_retur_pembelianlog` VALUES ('9', '5', '1', '2', '2017-04-03 14:47:20', 'developer');
INSERT INTO `t_retur_pembelianlog` VALUES ('10', '5', '2', '3', '2017-04-03 14:48:21', 'developer');
INSERT INTO `t_retur_pembelianlog` VALUES ('11', '5', '3', '4', '2017-04-03 14:53:16', 'developer');
INSERT INTO `t_retur_pembelianlog` VALUES ('12', '4', '3', '4', '2017-04-13 14:36:37', 'developer');

-- ----------------------------
-- Table structure for t_retur_penjualan
-- ----------------------------
DROP TABLE IF EXISTS `t_retur_penjualan`;
CREATE TABLE `t_retur_penjualan` (
  `retur_penjualan_id` int(11) NOT NULL AUTO_INCREMENT,
  `m_cabang_id` int(255) DEFAULT NULL,
  `retur_penjualan_nomor` varchar(255) DEFAULT NULL,
  `retur_penjualan_status_pengembalianbarang` int(11) DEFAULT NULL COMMENT '1: ya, 2: tidak',
  `retur_penjualan_tanggal` datetime DEFAULT NULL ON UPDATE CURRENT_TIMESTAMP,
  `t_sj_retur_id` int(11) DEFAULT NULL,
  `retur_penjualan_aksi_bayar` varchar(255) DEFAULT NULL,
  `retur_penjualan_alasan` text,
  `retur_penjualan_status` int(255) DEFAULT NULL COMMENT '{"1": "Draft Permintaan Retur", "2": "Pengecekan Kebijakan", "3": "Otorisasi Manajer", "4":"Retur Diterima", "5": "Retur Ditolak"}',
  `retur_penjualan_created_date` datetime DEFAULT NULL,
  `retur_penjualan_created_by` varchar(255) DEFAULT NULL,
  `retur_penjualan_updated_date` datetime DEFAULT NULL ON UPDATE CURRENT_TIMESTAMP,
  `retur_penjualan_updated_by` varchar(255) DEFAULT NULL,
  `retur_penjualan_revised` int(255) DEFAULT NULL,
  PRIMARY KEY (`retur_penjualan_id`)
) ENGINE=MyISAM AUTO_INCREMENT=7 DEFAULT CHARSET=latin1;

-- ----------------------------
-- Records of t_retur_penjualan
-- ----------------------------
INSERT INTO `t_retur_penjualan` VALUES ('6', '1', 'RESO20170400005', '2', '2017-04-19 13:48:11', '3', 'sobek 1 meter diskon', 'lokasi jauh', '3', '2017-04-19 13:42:17', 'developer', '2017-04-19 13:48:09', 'developer', '1');
INSERT INTO `t_retur_penjualan` VALUES ('5', '1', 'RESO20170400004', '2', '2017-04-03 15:44:45', '3', '-', '-', '4', '2017-04-03 15:43:40', 'developer', '2017-04-03 15:44:37', 'developer', '2');

-- ----------------------------
-- Table structure for t_retur_penjualandet
-- ----------------------------
DROP TABLE IF EXISTS `t_retur_penjualandet`;
CREATE TABLE `t_retur_penjualandet` (
  `retur_penjualandet_id` int(11) NOT NULL AUTO_INCREMENT,
  `m_barang_id` int(11) DEFAULT NULL,
  `t_retur_penjualan_id` int(11) DEFAULT NULL,
  `retur_penjualandet_batch_no` varchar(255) DEFAULT NULL,
  `retur_penjualandet_qty` decimal(20,2) DEFAULT '0.00',
  `retur_penjualandet_created_date` datetime DEFAULT NULL,
  `retur_penjualandet_created_by` varchar(255) DEFAULT NULL,
  `retur_penjualandet_updated_date` datetime DEFAULT NULL ON UPDATE CURRENT_TIMESTAMP,
  `retur_penjualandet_updated_by` varchar(255) DEFAULT NULL,
  `retur_penjualandet_revised` int(255) DEFAULT NULL,
  PRIMARY KEY (`retur_penjualandet_id`)
) ENGINE=MyISAM AUTO_INCREMENT=7 DEFAULT CHARSET=latin1;

-- ----------------------------
-- Records of t_retur_penjualandet
-- ----------------------------
INSERT INTO `t_retur_penjualandet` VALUES ('6', '2', '6', 'KDBRG00002', '10.00', '2017-04-19 13:42:18', 'developer', '2017-04-19 13:42:18', null, '0');
INSERT INTO `t_retur_penjualandet` VALUES ('5', '2', '5', '99766', '10.00', '2017-04-03 15:43:40', 'developer', '2017-04-03 15:43:40', null, '0');

-- ----------------------------
-- Table structure for t_saldo_bankkas
-- ----------------------------
DROP TABLE IF EXISTS `t_saldo_bankkas`;
CREATE TABLE `t_saldo_bankkas` (
  `saldo_bankkas_id` int(11) NOT NULL AUTO_INCREMENT,
  `saldo_bankkas_tipe` int(11) NOT NULL COMMENT '1 Bank, 2 Kas',
  `saldo_bankkas_refrensi_id` int(11) NOT NULL,
  `saldo_bankkas_nominal` decimal(20,2) NOT NULL DEFAULT '0.00',
  `saldo_bankkas_created_date` datetime NOT NULL,
  `saldo_bankkas_created_by` varchar(255) NOT NULL,
  `saldo_bankkas_updated_date` datetime DEFAULT NULL,
  `saldo_bankkas_updated_by` varchar(255) DEFAULT NULL,
  `saldo_bankkas_revised` int(11) DEFAULT '0',
  PRIMARY KEY (`saldo_bankkas_id`)
) ENGINE=InnoDB AUTO_INCREMENT=6 DEFAULT CHARSET=utf8;

-- ----------------------------
-- Records of t_saldo_bankkas
-- ----------------------------
INSERT INTO `t_saldo_bankkas` VALUES ('1', '1', '1', '-4690000.00', '2017-04-18 10:45:32', 'developer', '2017-04-18 10:45:32', null, '0');
INSERT INTO `t_saldo_bankkas` VALUES ('2', '1', '3', '1600000.00', '2017-04-18 10:53:52', 'developer', '2017-04-18 10:53:52', null, '0');
INSERT INTO `t_saldo_bankkas` VALUES ('3', '2', '1', '990000.00', '2017-04-18 11:04:34', 'developer', '2017-04-18 11:04:34', null, '0');
INSERT INTO `t_saldo_bankkas` VALUES ('4', '2', '2', '590000.00', '2017-04-18 13:02:33', 'developer', '2017-04-18 13:02:33', null, '0');
INSERT INTO `t_saldo_bankkas` VALUES ('5', '1', '4', '1000000.00', '2017-04-18 14:50:44', 'developer', '2017-04-18 14:50:44', null, '0');

-- ----------------------------
-- Table structure for t_serah_terima
-- ----------------------------
DROP TABLE IF EXISTS `t_serah_terima`;
CREATE TABLE `t_serah_terima` (
  `serah_terima_id` int(11) NOT NULL AUTO_INCREMENT,
  `serah_terima_nomor` varchar(255) DEFAULT NULL,
  `t_pengubahan_bahan_id` int(11) DEFAULT NULL,
  `serah_terima_daribagian` varchar(255) DEFAULT NULL,
  `serah_terima_darishift` varchar(255) DEFAULT NULL,
  `serah_terima_kebagian` varchar(255) DEFAULT NULL,
  `serah_terima_keshift` varchar(255) DEFAULT NULL,
  `serah_terima_status` int(255) DEFAULT NULL,
  `serah_terima_created_date` datetime DEFAULT NULL ON UPDATE CURRENT_TIMESTAMP,
  `serah_terima_created_by` varchar(255) DEFAULT NULL,
  `serah_terima_update_date` datetime DEFAULT NULL ON UPDATE CURRENT_TIMESTAMP,
  `serah_terima_update_by` varchar(255) DEFAULT NULL,
  `serah_terima_revised` int(255) DEFAULT NULL,
  `m_cabang_id` int(11) DEFAULT NULL,
  PRIMARY KEY (`serah_terima_id`)
) ENGINE=MyISAM AUTO_INCREMENT=7 DEFAULT CHARSET=latin1;

-- ----------------------------
-- Records of t_serah_terima
-- ----------------------------
INSERT INTO `t_serah_terima` VALUES ('3', 'ST20170300001', null, '1', '1', '4', '2', '2', '2017-03-07 15:51:42', 'developer', '2017-03-07 15:51:37', 'developer', '7', '1');
INSERT INTO `t_serah_terima` VALUES ('6', 'ST20170300001', '5', '1', '1', '4', '1', '1', '2017-03-11 11:07:45', 'developer', '2017-03-11 11:07:45', null, '0', '1');

-- ----------------------------
-- Table structure for t_serah_terimadet
-- ----------------------------
DROP TABLE IF EXISTS `t_serah_terimadet`;
CREATE TABLE `t_serah_terimadet` (
  `serah_terimadet_id` int(11) NOT NULL AUTO_INCREMENT,
  `t_serah_terima_id` int(11) DEFAULT NULL,
  `serah_terimadet_keterangan` varchar(255) DEFAULT NULL,
  `t_pengubahan_bahan_akhir_id` int(11) DEFAULT NULL,
  PRIMARY KEY (`serah_terimadet_id`)
) ENGINE=MyISAM AUTO_INCREMENT=7 DEFAULT CHARSET=latin1;

-- ----------------------------
-- Records of t_serah_terimadet
-- ----------------------------
INSERT INTO `t_serah_terimadet` VALUES ('3', '3', 'Barang ...', '3');
INSERT INTO `t_serah_terimadet` VALUES ('6', '6', '-', '2');

-- ----------------------------
-- Table structure for t_serah_terimalog
-- ----------------------------
DROP TABLE IF EXISTS `t_serah_terimalog`;
CREATE TABLE `t_serah_terimalog` (
  `serah_terimalog_id` int(11) NOT NULL AUTO_INCREMENT,
  `referensi_id` int(11) DEFAULT NULL,
  `serah_terimalog_status_dari` int(11) DEFAULT NULL,
  `serah_terimalog_status_ke` int(11) DEFAULT NULL,
  `serah_terimalog_status_update_date` datetime DEFAULT NULL,
  `serah_terimalog_status_update_by` varchar(255) DEFAULT NULL,
  PRIMARY KEY (`serah_terimalog_id`)
) ENGINE=MyISAM AUTO_INCREMENT=2 DEFAULT CHARSET=latin1;

-- ----------------------------
-- Records of t_serah_terimalog
-- ----------------------------
INSERT INTO `t_serah_terimalog` VALUES ('1', '3', '1', '2', '2017-03-07 15:51:37', 'developer');

-- ----------------------------
-- Table structure for t_sj_customer
-- ----------------------------
DROP TABLE IF EXISTS `t_sj_customer`;
CREATE TABLE `t_sj_customer` (
  `sj_customer_id` int(11) NOT NULL AUTO_INCREMENT,
  `m_cabang_id` int(11) DEFAULT NULL,
  `sj_customer_nomor` varchar(255) DEFAULT NULL,
  `sj_customer_date` datetime DEFAULT NULL ON UPDATE CURRENT_TIMESTAMP,
  `m_karyawan_id` int(11) DEFAULT NULL COMMENT 'option m_karyawan, where type karyawan = sales',
  `t_so_customer_id` int(11) DEFAULT NULL,
  `sj_customer_keterangan` text,
  `sj_customer_printed` int(255) DEFAULT NULL,
  `sj_customer_created_date` datetime DEFAULT NULL ON UPDATE CURRENT_TIMESTAMP,
  `sj_customer_created_by` varchar(255) DEFAULT NULL,
  `sj_customer_updated_date` datetime DEFAULT NULL ON UPDATE CURRENT_TIMESTAMP,
  `sj_customer_updated_by` varchar(255) DEFAULT NULL,
  `sj_customer_revised` int(255) DEFAULT NULL,
  PRIMARY KEY (`sj_customer_id`)
) ENGINE=MyISAM DEFAULT CHARSET=latin1;

-- ----------------------------
-- Records of t_sj_customer
-- ----------------------------

-- ----------------------------
-- Table structure for t_sj_retur
-- ----------------------------
DROP TABLE IF EXISTS `t_sj_retur`;
CREATE TABLE `t_sj_retur` (
  `sj_retur_id` int(11) NOT NULL AUTO_INCREMENT,
  `sj_retur_nomor` varchar(255) DEFAULT NULL,
  `m_cabang_id` int(11) DEFAULT NULL,
  `sj_retur_tanggal` datetime DEFAULT NULL,
  `t_surat_jalan_id` int(11) DEFAULT NULL,
  `sj_retur_alasan` text,
  `sj_retur_catatan` text,
  `sj_retur_created_date` datetime DEFAULT NULL,
  `sj_retur_created_by` varchar(255) DEFAULT NULL,
  `sj_retur_updated_date` datetime DEFAULT NULL ON UPDATE CURRENT_TIMESTAMP,
  `sj_retur_updated_by` varchar(255) DEFAULT NULL,
  `sj_retur_revised` int(255) DEFAULT NULL,
  PRIMARY KEY (`sj_retur_id`)
) ENGINE=MyISAM AUTO_INCREMENT=6 DEFAULT CHARSET=latin1;

-- ----------------------------
-- Records of t_sj_retur
-- ----------------------------
INSERT INTO `t_sj_retur` VALUES ('5', 'SJR20170400002', '1', '2017-04-19 00:00:00', '23', 'barang peyok', 'retur', '2017-04-19 13:08:25', 'developer', '2017-04-19 13:08:25', null, '0');
INSERT INTO `t_sj_retur` VALUES ('4', 'SJR20170400001', '1', '2017-04-05 00:00:00', '17', 'sdad', 'asda', '2017-04-05 15:55:04', 'developer', '2017-04-05 15:55:04', null, '0');
INSERT INTO `t_sj_retur` VALUES ('3', 'SJR20170300003', '1', '2017-03-30 00:00:00', '15', 'rusak', '-', '2017-03-30 16:44:32', 'developer', '2017-03-30 16:44:32', null, '0');

-- ----------------------------
-- Table structure for t_sj_returdet
-- ----------------------------
DROP TABLE IF EXISTS `t_sj_returdet`;
CREATE TABLE `t_sj_returdet` (
  `sj_returdet_id` int(11) NOT NULL AUTO_INCREMENT,
  `t_sj_retur_id` int(11) DEFAULT NULL,
  `t_po_customerdet_id` int(11) DEFAULT NULL,
  `m_barang_id` int(11) DEFAULT NULL,
  `sj_returdet_qty` decimal(20,2) DEFAULT '0.00',
  `sj_returdet_qty_retur` decimal(20,2) DEFAULT '0.00',
  `sj_returdet_created_date` datetime DEFAULT NULL,
  `sj_returdet_created_by` varchar(255) DEFAULT NULL,
  `sj_returdet_updated_date` datetime DEFAULT NULL ON UPDATE CURRENT_TIMESTAMP,
  `sj_returdet_updated_by` varchar(255) DEFAULT NULL,
  `sj_returdet_revised` int(255) DEFAULT NULL,
  PRIMARY KEY (`sj_returdet_id`)
) ENGINE=MyISAM AUTO_INCREMENT=8 DEFAULT CHARSET=latin1;

-- ----------------------------
-- Records of t_sj_returdet
-- ----------------------------
INSERT INTO `t_sj_returdet` VALUES ('7', '5', '29', '32', '20.00', '15.00', '2017-04-19 13:08:28', 'developer', '2017-04-19 13:08:28', null, '0');
INSERT INTO `t_sj_returdet` VALUES ('6', '5', '28', '134', '10.00', '1.00', '2017-04-19 13:08:26', 'developer', '2017-04-19 13:08:26', null, '0');
INSERT INTO `t_sj_returdet` VALUES ('5', '4', '13', '5', '20.00', '20.00', '2017-04-05 15:55:04', 'developer', '2017-04-05 15:55:04', null, '0');
INSERT INTO `t_sj_returdet` VALUES ('4', '3', '9', '2', '60.00', '10.00', '2017-03-30 16:44:32', 'developer', '2017-03-30 16:44:32', null, '0');

-- ----------------------------
-- Table structure for t_so_customer
-- ----------------------------
DROP TABLE IF EXISTS `t_so_customer`;
CREATE TABLE `t_so_customer` (
  `so_customer_id` int(11) NOT NULL AUTO_INCREMENT,
  `m_cabang_id` int(11) DEFAULT NULL,
  `so_customer_nomor` varchar(255) DEFAULT NULL,
  `so_customer_tanggal` datetime DEFAULT NULL ON UPDATE CURRENT_TIMESTAMP,
  `t_po_customer_id` int(11) DEFAULT NULL,
  `so_customer_catatan` text,
  `so_customer_status` int(255) DEFAULT NULL COMMENT '{"1": "SO Baru", "2": "Diacc Manajer",  "3": "Terbit SJ",  "4": "SO Tidak Diacc"}',
  `so_customer_printed` int(11) DEFAULT NULL,
  `so_customer_created_date` datetime DEFAULT NULL,
  `so_customer_created_by` varchar(255) DEFAULT NULL,
  `so_customer_updated_date` datetime DEFAULT NULL ON UPDATE CURRENT_TIMESTAMP,
  `so_customer_updated_by` varchar(255) DEFAULT NULL,
  `so_customer_revised` int(11) DEFAULT NULL,
  `so_customer_nama_cetak` varchar(255) DEFAULT NULL,
  PRIMARY KEY (`so_customer_id`)
) ENGINE=MyISAM AUTO_INCREMENT=15 DEFAULT CHARSET=latin1;

-- ----------------------------
-- Records of t_so_customer
-- ----------------------------
INSERT INTO `t_so_customer` VALUES ('1', '1', 'SO20170300001', '2017-03-19 21:10:39', '1', null, '5', null, '2017-03-18 15:06:49', 'developer', '2017-03-19 21:10:39', 'developer', '2', null);
INSERT INTO `t_so_customer` VALUES ('2', '1', 'SO20170300002', '2017-03-20 11:35:46', '3', 'catatan', '3', null, '2017-03-20 10:52:37', 'developer', '2017-03-20 11:35:46', 'developer', '1', null);
INSERT INTO `t_so_customer` VALUES ('3', '1', 'SO20170300003', '2017-03-29 10:42:24', '2', '-', '3', null, '2017-03-21 15:29:36', 'developer', '2017-03-29 10:42:24', 'developer', '1', null);
INSERT INTO `t_so_customer` VALUES ('4', '1', 'SO20170300004', '2017-03-23 16:48:35', '4', '-', '3', null, '2017-03-23 13:38:47', 'developer', '2017-03-23 16:48:35', 'developer', '1', 'cust 1');
INSERT INTO `t_so_customer` VALUES ('5', '1', 'SO20170300005', '2017-03-30 14:17:32', '5', '-', '3', null, '2017-03-23 13:53:55', 'developer', '2017-03-30 14:17:32', 'developer', '1', 'cust 1');
INSERT INTO `t_so_customer` VALUES ('6', '1', 'SO20170300006', '2017-03-29 10:42:24', '8', '', '3', null, '2017-03-29 10:18:43', 'developer', '2017-03-29 10:42:24', 'developer', '1', null);
INSERT INTO `t_so_customer` VALUES ('7', '1', 'SO20170400001', '2017-04-05 11:01:03', '8', '', '3', null, '2017-04-03 15:26:03', 'developer', '2017-04-05 11:01:03', 'developer', '1', 'alfa');
INSERT INTO `t_so_customer` VALUES ('8', '1', 'SO20170400002', '2017-04-12 11:45:37', '12', '', '2', null, '2017-04-05 10:33:25', 'developer', '2017-04-12 11:45:28', 'developer', '1', 'cust 1');
INSERT INTO `t_so_customer` VALUES ('9', '1', 'SO20170400003', '2017-04-05 10:51:16', '12', '', '4', null, '2017-04-05 10:33:33', 'developer', '2017-04-05 10:51:16', 'developer', '2', 'cust 1');
INSERT INTO `t_so_customer` VALUES ('10', '1', 'SO20170400004', '2017-04-12 11:09:16', '16', '', '3', null, '2017-04-12 11:03:29', 'developer', '2017-04-12 11:09:16', 'developer', '1', 'cust 1');
INSERT INTO `t_so_customer` VALUES ('11', '1', 'SO20170400005', '2017-04-12 11:50:27', '17', '', '2', null, '2017-04-12 11:50:00', 'developer', '2017-04-12 11:50:18', 'developer', '1', 'jasaweb 1');
INSERT INTO `t_so_customer` VALUES ('12', '1', 'SO20170400006', '2017-04-19 10:55:37', '19', '', '2', null, '2017-04-18 15:31:28', 'developer', '2017-04-19 10:55:35', 'developer', '1', 'cust 1');
INSERT INTO `t_so_customer` VALUES ('13', '1', 'SO20170400007', '2017-04-19 10:43:36', '23', '', '2', null, '2017-04-19 10:05:55', 'developer', '2017-04-19 10:43:34', 'developer', '1', 'cust 1');
INSERT INTO `t_so_customer` VALUES ('14', '1', 'SO20170400008', '2017-04-20 11:31:27', '17', '--', '2', null, '2017-04-19 16:54:07', 'developer', '2017-04-20 11:31:26', 'developer', '1', 'cust 1');

-- ----------------------------
-- Table structure for t_stok_gudang
-- ----------------------------
DROP TABLE IF EXISTS `t_stok_gudang`;
CREATE TABLE `t_stok_gudang` (
  `stok_gudang_id` int(11) NOT NULL AUTO_INCREMENT,
  `m_gudang_id` int(11) DEFAULT NULL,
  `m_barang_id` int(11) DEFAULT NULL,
  `stok_gudang_no_seri` text,
  `stok_gudang_berat_barang` decimal(20,2) DEFAULT NULL,
  `stok_gudang_jumlah` decimal(20,2) DEFAULT NULL,
  `stok_gudang_created_date` varchar(255) DEFAULT NULL,
  `stok_gudang_created_by` varchar(255) DEFAULT NULL,
  `stok_gudang_update_date` datetime DEFAULT NULL ON UPDATE CURRENT_TIMESTAMP,
  `stok_gudang_update_by` varchar(255) DEFAULT NULL,
  `stok_gudang_revised` int(11) DEFAULT NULL,
  PRIMARY KEY (`stok_gudang_id`),
  KEY `stok_gudang` (`m_gudang_id`),
  KEY `stok_barang` (`m_barang_id`)
) ENGINE=InnoDB AUTO_INCREMENT=22 DEFAULT CHARSET=latin1;

-- ----------------------------
-- Records of t_stok_gudang
-- ----------------------------
INSERT INTO `t_stok_gudang` VALUES ('1', '1', '1', 'NO20170200215G,NO20170267821I,NO20170399212P,NO20170211234H,NO20170320045F,NO20170399032K', '100.00', '964.00', null, null, '2017-03-16 09:27:51', 'developer', '23');
INSERT INTO `t_stok_gudang` VALUES ('2', '1', '2', '', null, '225.00', null, null, '2017-03-10 14:24:06', 'developer', '10');
INSERT INTO `t_stok_gudang` VALUES ('3', '2', '1', '', null, '65.00', null, null, '2017-03-10 14:24:06', 'gudangbahan', '22');
INSERT INTO `t_stok_gudang` VALUES ('4', '2', '2', '', null, '125.00', null, null, '2017-04-12 11:09:07', 'developer', '16');
INSERT INTO `t_stok_gudang` VALUES ('5', '1', '5', '', null, '22890.00', null, null, '2017-03-10 14:24:06', 'developer', '8');
INSERT INTO `t_stok_gudang` VALUES ('6', '1', '6', '', null, '493.00', null, null, '2017-04-13 15:03:30', 'developer', '8');
INSERT INTO `t_stok_gudang` VALUES ('10', '4', '1', '', null, '5.00', '2017-03-07 15:51:39', 'developer', '2017-03-10 14:24:06', null, '0');
INSERT INTO `t_stok_gudang` VALUES ('11', '4', '6', '', null, '7.00', '2017-03-07 22:42:40', 'developer', '2017-04-03 11:19:33', 'developer', '1');
INSERT INTO `t_stok_gudang` VALUES ('12', '4', '5', 'weqweq2232', null, '0.00', '2017-03-08 14:19:11', 'developer', '2017-04-11 15:06:58', 'developer', '1');
INSERT INTO `t_stok_gudang` VALUES ('13', '6', '1', '', null, '-910.00', '2017-03-01 16:54:32', null, '2017-03-20 11:35:32', 'developer', '3');
INSERT INTO `t_stok_gudang` VALUES ('14', '6', '2', '', null, '90.00', '2017-03-01 16:54:32', null, '2017-03-30 14:17:31', 'developer', '4');
INSERT INTO `t_stok_gudang` VALUES ('15', '5', '32', 'dfskdsdasd sjdksdskd', null, '100.00', '2017-04-03 14:33:28', 'developer', null, null, '0');
INSERT INTO `t_stok_gudang` VALUES ('16', '5', '32', 'sdsds', null, '230.00', '2017-04-03 14:33:28', 'developer', null, null, '0');
INSERT INTO `t_stok_gudang` VALUES ('17', '5', '32', 'dsdsd', null, '300.00', '2017-04-03 14:33:28', 'developer', null, null, '0');
INSERT INTO `t_stok_gudang` VALUES ('18', '2', '656', '14564', null, '190.00', '2017-04-13 10:36:15', 'developer', '2017-04-20 11:32:34', 'developer', '1');
INSERT INTO `t_stok_gudang` VALUES ('19', '2', '656', '14545', null, '500.00', '2017-04-13 10:36:16', 'developer', null, null, '0');
INSERT INTO `t_stok_gudang` VALUES ('20', '1', '32', '1424', null, '500.00', '2017-04-13 14:13:19', 'developer', null, null, '0');
INSERT INTO `t_stok_gudang` VALUES ('21', '1', '32', '17867', null, '222.00', '2017-04-13 14:13:19', 'developer', null, null, '0');

-- ----------------------------
-- Table structure for t_surat_jalan
-- ----------------------------
DROP TABLE IF EXISTS `t_surat_jalan`;
CREATE TABLE `t_surat_jalan` (
  `surat_jalan_id` int(11) NOT NULL AUTO_INCREMENT,
  `surat_jalan_nomor` varchar(255) DEFAULT NULL,
  `m_cabang_id` int(11) DEFAULT NULL,
  `surat_jalan_jenis` tinyint(1) DEFAULT NULL COMMENT '0 Sj Retur, 1 Sj Wo',
  `surat_jalan_tanggal` datetime DEFAULT NULL,
  `surat_jalan_tanggal_kirim` datetime DEFAULT NULL,
  `surat_jalan_ekspedisi` varchar(255) DEFAULT NULL,
  `t_nota_debet_id` int(11) DEFAULT NULL,
  `m_partner_id` int(11) DEFAULT NULL,
  `t_order_id` int(11) DEFAULT NULL,
  `t_so_customer_id` varchar(255) DEFAULT NULL,
  `surat_jalan_status` int(11) DEFAULT NULL,
  `surat_jalan_status_date` datetime DEFAULT NULL,
  `surat_jalan_created_date` datetime DEFAULT NULL,
  `surat_jalan_created_by` varchar(255) DEFAULT NULL,
  `surat_jalan_update_date` datetime DEFAULT NULL,
  `surat_jalan_update_by` varchar(255) DEFAULT NULL,
  `surat_jalan_revised` int(11) DEFAULT NULL,
  PRIMARY KEY (`surat_jalan_id`)
) ENGINE=InnoDB AUTO_INCREMENT=25 DEFAULT CHARSET=latin1;

-- ----------------------------
-- Records of t_surat_jalan
-- ----------------------------
INSERT INTO `t_surat_jalan` VALUES ('8', 'SJ20170300001', '1', '0', '2017-03-01 00:00:00', '2017-03-03 00:00:00', 'ekspedisi 1', '1', '2', null, null, '1', '2017-03-01 14:25:51', '2017-03-01 14:25:51', 'developer', '2017-03-01 14:25:51', null, '0');
INSERT INTO `t_surat_jalan` VALUES ('9', 'SJ20170300002', '1', '3', '2017-03-19 00:00:00', '2017-03-19 00:00:00', 'Truk', null, '1', null, '1', '2', '2017-03-19 17:56:03', '2017-03-19 17:56:03', 'developer', '2017-03-23 11:11:31', 'developer', '1');
INSERT INTO `t_surat_jalan` VALUES ('11', 'SJ20170300003', '1', '3', '2017-03-20 00:00:00', '2017-03-30 00:00:00', 'abc', null, '1', null, '2', '1', '2017-03-20 11:35:31', '2017-03-20 11:35:31', 'developer', '2017-03-20 11:35:31', null, '0');
INSERT INTO `t_surat_jalan` VALUES ('12', 'SJ20170300004', '1', '3', '2017-03-23 00:00:00', '2017-03-24 00:00:00', 'ekspedisi 1', null, '1', null, '0', '1', '2017-03-23 16:48:32', '2017-03-23 16:48:32', 'developer', '2017-03-23 16:48:32', null, '0');
INSERT INTO `t_surat_jalan` VALUES ('13', 'SJ20170300005', '1', '3', '2017-03-29 00:00:00', '2017-03-29 00:00:00', 'express', null, '7', null, '[\"3\",\"6\"]', '1', '2017-03-29 10:42:17', '2017-03-29 10:42:17', 'developer', '2017-03-29 10:42:17', null, '0');
INSERT INTO `t_surat_jalan` VALUES ('14', 'SJ20170300005', '1', '3', '2017-03-29 00:00:00', '2017-03-29 00:00:00', 'express', null, '7', null, '[\"3\",\"6\"]', '2', '2017-03-29 10:42:17', '2017-03-29 10:42:17', 'developer', '2017-03-30 11:01:24', 'developer', '1');
INSERT INTO `t_surat_jalan` VALUES ('15', 'SJ20170300006', '1', '3', '2017-03-30 00:00:00', '2017-03-31 00:00:00', 'Ekspedisi 1', null, '1', null, '[\"5\"]', '2', '2017-03-30 14:17:30', '2017-03-30 14:17:30', 'developer', '2017-03-30 15:50:22', 'developer', '1');
INSERT INTO `t_surat_jalan` VALUES ('16', 'SJ20170400001', '1', '0', '2017-04-03 00:00:00', '2017-04-04 00:00:00', 'kirim sendiri', '3', '2', null, null, '1', '2017-04-03 14:55:01', '2017-04-03 14:55:01', 'developer', '2017-04-03 14:55:01', null, '0');
INSERT INTO `t_surat_jalan` VALUES ('17', 'SJ20170400002', '1', '3', '2017-04-05 00:00:00', '2017-04-05 00:00:00', 'expedisi', null, '7', null, '[\"7\"]', '2', '2017-04-05 10:58:34', '2017-04-05 10:58:34', 'developer', '2017-04-05 11:27:10', 'developer', '1');
INSERT INTO `t_surat_jalan` VALUES ('18', 'SJ20170400003', '1', '3', '2017-04-05 00:00:00', '2017-04-05 00:00:00', 'expedisi', null, '7', null, '[\"7\"]', '1', '2017-04-05 11:03:08', '2017-04-05 11:03:08', 'developer', '2017-04-05 11:03:08', null, '0');
INSERT INTO `t_surat_jalan` VALUES ('19', 'SJSO20170400002', '1', '3', '2017-04-12 00:00:00', '2017-04-12 00:00:00', 'ekspedisi a', null, '1', null, '[\"10\"]', '2', '2017-04-12 11:09:06', '2017-04-12 11:09:06', 'developer', '2017-04-12 11:30:40', 'developer', '1');
INSERT INTO `t_surat_jalan` VALUES ('20', 'SJSO20170400003', '1', '3', '2017-04-12 00:00:00', '2017-04-12 00:00:00', 'ekspedisi abcd', null, '10', null, '[\"11\"]', '2', '2017-04-12 11:52:05', '2017-04-12 11:52:05', 'developer', '2017-04-12 11:52:47', 'developer', '1');
INSERT INTO `t_surat_jalan` VALUES ('21', 'SJ20170400004', '1', '0', '2017-04-13 00:00:00', '2017-04-16 00:00:00', 'PT MUS', '3', '2', null, null, '1', '2017-04-13 15:03:30', '2017-04-13 15:03:30', 'developer', '2017-04-13 15:03:30', null, '0');
INSERT INTO `t_surat_jalan` VALUES ('22', 'SJSO20170400004', '1', '3', '2017-04-19 00:00:00', '2017-04-19 00:00:00', 'kirim sendiri', null, '1', null, '[\"13\"]', '2', '2017-04-19 10:47:35', '2017-04-19 10:47:35', 'developer', '2017-04-19 10:52:22', 'developer', '2');
INSERT INTO `t_surat_jalan` VALUES ('23', 'SJSO20170400005', '1', '3', '2017-04-19 00:00:00', '2017-04-19 00:00:00', 'abc', null, '1', null, '[\"12\"]', '2', '2017-04-19 11:04:28', '2017-04-19 11:04:28', 'developer', '2017-04-19 11:46:33', 'developer', '1');
INSERT INTO `t_surat_jalan` VALUES ('24', 'SJSO20170400006', '1', '3', '2017-04-20 00:00:00', '2017-04-20 00:00:00', 'a', null, '10', null, '[\"14\"]', '1', '2017-04-20 11:32:33', '2017-04-20 11:32:33', 'developer', '2017-04-20 11:32:33', null, '0');

-- ----------------------------
-- Table structure for t_surat_jalandet
-- ----------------------------
DROP TABLE IF EXISTS `t_surat_jalandet`;
CREATE TABLE `t_surat_jalandet` (
  `surat_jalandet_id` int(11) NOT NULL AUTO_INCREMENT,
  `t_surat_jalan_id` int(11) DEFAULT NULL,
  `t_po_customerdet_id` int(11) DEFAULT NULL,
  `surat_jalandet_qty_kirim` decimal(20,2) DEFAULT '0.00',
  `surat_jalandet_created_date` datetime DEFAULT NULL,
  `surat_jalandet_created_by` varchar(255) DEFAULT NULL,
  `surat_jalandet_update_date` datetime DEFAULT NULL,
  `surat_jalandet_update_by` varchar(255) DEFAULT NULL,
  `surat_jalandet_revised` int(11) DEFAULT NULL,
  PRIMARY KEY (`surat_jalandet_id`)
) ENGINE=MyISAM AUTO_INCREMENT=9 DEFAULT CHARSET=latin1;

-- ----------------------------
-- Records of t_surat_jalandet
-- ----------------------------
INSERT INTO `t_surat_jalandet` VALUES ('1', '17', '13', '20.00', '2017-04-05 10:58:41', 'developer', null, null, '0');
INSERT INTO `t_surat_jalandet` VALUES ('2', '18', '13', '20.00', '2017-04-05 11:03:15', 'developer', null, null, '0');
INSERT INTO `t_surat_jalandet` VALUES ('3', '19', '24', '100.00', '2017-04-12 11:09:06', 'developer', null, null, '0');
INSERT INTO `t_surat_jalandet` VALUES ('4', '20', '25', '20.00', '2017-04-12 11:52:06', 'developer', null, null, '0');
INSERT INTO `t_surat_jalandet` VALUES ('5', '22', '33', '10.00', '2017-04-19 10:47:35', 'developer', null, null, '0');
INSERT INTO `t_surat_jalandet` VALUES ('6', '23', '28', '10.00', '2017-04-19 11:04:29', 'developer', null, null, '0');
INSERT INTO `t_surat_jalandet` VALUES ('7', '23', '29', '20.00', '2017-04-19 11:04:29', 'developer', null, null, '0');
INSERT INTO `t_surat_jalandet` VALUES ('8', '24', '25', '10.00', '2017-04-20 11:32:34', 'developer', null, null, '0');

-- ----------------------------
-- Table structure for t_surat_jalan_contoh
-- ----------------------------
DROP TABLE IF EXISTS `t_surat_jalan_contoh`;
CREATE TABLE `t_surat_jalan_contoh` (
  `surat_jalan_contoh_id` int(11) NOT NULL AUTO_INCREMENT,
  `surat_jalan_contoh_nomor` varchar(255) DEFAULT NULL,
  `m_cabang_id` int(11) DEFAULT NULL,
  `surat_jalan_contoh_tanggal` datetime DEFAULT NULL,
  `surat_jalan_contoh_tanggal_kirim` datetime DEFAULT NULL,
  `surat_jalan_contoh_ekspedisi` varchar(255) DEFAULT NULL,
  `m_partner_id` int(11) DEFAULT NULL,
  `surat_jalan_contoh_status` int(11) DEFAULT NULL,
  `surat_jalan_contoh_status_date` datetime DEFAULT NULL,
  `surat_jalan_contoh_created_date` datetime DEFAULT NULL,
  `surat_jalan_contoh_created_by` varchar(255) DEFAULT NULL,
  `surat_jalan_contoh_update_date` datetime DEFAULT NULL,
  `surat_jalan_contoh_update_by` varchar(255) DEFAULT NULL,
  `surat_jalan_contoh_revised` int(11) DEFAULT NULL,
  PRIMARY KEY (`surat_jalan_contoh_id`)
) ENGINE=InnoDB DEFAULT CHARSET=latin1;

-- ----------------------------
-- Records of t_surat_jalan_contoh
-- ----------------------------

-- ----------------------------
-- Table structure for t_surat_jalan_contohdet
-- ----------------------------
DROP TABLE IF EXISTS `t_surat_jalan_contohdet`;
CREATE TABLE `t_surat_jalan_contohdet` (
  `surat_jalan_contohdet_id` int(11) NOT NULL AUTO_INCREMENT,
  `t_surat_jalan_contoh_id` int(11) DEFAULT NULL,
  `m_barang_id` int(11) DEFAULT NULL,
  `surat_jalan_contohdet_qty_kirim` decimal(20,2) DEFAULT '0.00',
  `surat_jalan_contohdet_created_date` datetime DEFAULT NULL,
  `surat_jalan_contohdet_created_by` varchar(255) DEFAULT NULL,
  `surat_jalan_contohdet_update_date` datetime DEFAULT NULL,
  `surat_jalan_contohdet_update_by` varchar(255) DEFAULT NULL,
  `surat_jalan_contohdet_revised` int(11) DEFAULT NULL,
  PRIMARY KEY (`surat_jalan_contohdet_id`)
) ENGINE=MyISAM DEFAULT CHARSET=latin1;

-- ----------------------------
-- Records of t_surat_jalan_contohdet
-- ----------------------------

-- ----------------------------
-- Table structure for t_tanda_terima
-- ----------------------------
DROP TABLE IF EXISTS `t_tanda_terima`;
CREATE TABLE `t_tanda_terima` (
  `tanda_terima_id` int(11) NOT NULL,
  `tanda_terima_nomor` varchar(255) DEFAULT NULL,
  `tanda_terimat_tanggal` datetime DEFAULT NULL,
  `tanda_terima_pengirim` varchar(255) DEFAULT NULL,
  `tanda_terima_keterangan` varchar(255) DEFAULT NULL,
  `tanda_terima_tanggal_kembali` datetime DEFAULT NULL,
  `tanda_terima_metode` varchar(255) DEFAULT NULL,
  `tanda_terima_nota` varchar(255) DEFAULT NULL,
  `tanda_terima_hari_penukaran` varchar(255) DEFAULT NULL,
  `tanda_terima_jam_penukaran` varchar(255) DEFAULT NULL,
  `tanda_terima_catatan` varchar(255) DEFAULT NULL,
  `tanda_terima_penerima` varchar(255) DEFAULT NULL,
  `tanda_terima_status` int(255) NOT NULL,
  `tanda_terima_status_date` datetime DEFAULT NULL ON UPDATE CURRENT_TIMESTAMP,
  `tanda_terima_printed` int(255) DEFAULT NULL,
  `tanda_terima_created_date` datetime NOT NULL,
  `tanda_terima_created_by` varchar(255) NOT NULL,
  `tanda_terima_update_date` datetime DEFAULT NULL ON UPDATE CURRENT_TIMESTAMP,
  `tanda_terima_update_by` varchar(0) DEFAULT NULL,
  `tanda_terima_revised` int(255) DEFAULT NULL,
  PRIMARY KEY (`tanda_terima_id`)
) ENGINE=MyISAM DEFAULT CHARSET=latin1;

-- ----------------------------
-- Records of t_tanda_terima
-- ----------------------------

-- ----------------------------
-- Table structure for t_tanda_terimadet
-- ----------------------------
DROP TABLE IF EXISTS `t_tanda_terimadet`;
CREATE TABLE `t_tanda_terimadet` (
  `tanda_terimadet_id` int(11) NOT NULL AUTO_INCREMENT,
  `t_tanda_terima_id` int(11) DEFAULT NULL,
  `tanda_terimadet_no_kuitansi` varchar(255) DEFAULT NULL,
  `tanda_terimadet_no_invoice` varchar(255) DEFAULT NULL,
  `tanda_terimadet_no_faktur_pajak` varchar(255) DEFAULT NULL,
  `tanda_terimadet_nominal` decimal(20,2) DEFAULT '0.00',
  `tanda_terimadet_create_date` datetime DEFAULT NULL,
  `tanda_terimadet_created_date` datetime NOT NULL,
  `tanda_terimadet_created_by` varchar(255) NOT NULL,
  `tanda_terimadet_update_date` datetime DEFAULT NULL ON UPDATE CURRENT_TIMESTAMP,
  `tanda_terimadet_update_by` varchar(0) DEFAULT NULL,
  `tanda_terimadet_revised` int(255) DEFAULT NULL,
  PRIMARY KEY (`tanda_terimadet_id`)
) ENGINE=MyISAM DEFAULT CHARSET=latin1;

-- ----------------------------
-- Records of t_tanda_terimadet
-- ----------------------------

-- ----------------------------
-- Table structure for t_transfer_gudang
-- ----------------------------
DROP TABLE IF EXISTS `t_transfer_gudang`;
CREATE TABLE `t_transfer_gudang` (
  `transfer_gudang_id` int(11) NOT NULL AUTO_INCREMENT,
  `transfer_gudang_nomor` varchar(255) DEFAULT NULL,
  `m_gudang_id_awal` int(11) DEFAULT NULL,
  `m_gudang_id_akhir` int(11) DEFAULT NULL,
  `m_cabang_id_awal` int(11) DEFAULT NULL,
  `m_cabang_id_akhir` int(11) DEFAULT NULL,
  `transfer_gudang_status` int(11) DEFAULT NULL,
  `transfer_gudang_created_date` datetime DEFAULT NULL,
  `transfer_gudang_created_by` varchar(255) DEFAULT NULL,
  `transfer_gudang_approved_by` int(11) DEFAULT NULL,
  `transfer_gudang_update_date` datetime DEFAULT NULL,
  `transfer_gudang_update_by` varchar(255) DEFAULT NULL,
  `transfer_gudang_revised` int(11) DEFAULT NULL,
  `transfer_gudang_tanggal` datetime DEFAULT NULL,
  `transfer_gudang_tanggal_terima` datetime DEFAULT NULL,
  PRIMARY KEY (`transfer_gudang_id`)
) ENGINE=MyISAM AUTO_INCREMENT=2 DEFAULT CHARSET=latin1;

-- ----------------------------
-- Records of t_transfer_gudang
-- ----------------------------
INSERT INTO `t_transfer_gudang` VALUES ('1', 'SJT20170400001', '4', '2', '1', '2', '1', '2017-04-11 15:06:57', 'developer', null, '2017-04-11 15:06:57', null, '0', '2017-04-11 15:14:32', null);

-- ----------------------------
-- Table structure for t_transfer_gudangdet
-- ----------------------------
DROP TABLE IF EXISTS `t_transfer_gudangdet`;
CREATE TABLE `t_transfer_gudangdet` (
  `transfer_gudangdet_id` int(11) NOT NULL AUTO_INCREMENT,
  `t_transfer_gudang_id` int(11) DEFAULT NULL,
  `m_barang_id` int(11) DEFAULT NULL,
  `transfer_gudangdet_qty` double(20,2) DEFAULT '0.00',
  `transfer_gudangdet_status` int(11) DEFAULT NULL,
  `transfer_gudangdet_created_date` datetime DEFAULT NULL,
  `transfer_gudangdet_created_by` varchar(255) DEFAULT NULL,
  `transfer_gudangdet_update_date` datetime DEFAULT NULL,
  `transfer_gudangdet_update_by` varchar(255) DEFAULT NULL,
  `transfer_gudangdet_revised` int(11) DEFAULT NULL,
  `transfer_gudangdet_qty_gudang_awal` double(20,2) DEFAULT '0.00',
  PRIMARY KEY (`transfer_gudangdet_id`)
) ENGINE=MyISAM AUTO_INCREMENT=2 DEFAULT CHARSET=latin1;

-- ----------------------------
-- Records of t_transfer_gudangdet
-- ----------------------------
INSERT INTO `t_transfer_gudangdet` VALUES ('1', '1', '5', '10.00', '1', '2017-04-11 15:06:57', 'developer', '2017-04-11 15:06:57', null, '0', '0.00');

-- ----------------------------
-- Table structure for villages
-- ----------------------------
DROP TABLE IF EXISTS `villages`;
CREATE TABLE `villages` (
  `id` char(10) COLLATE utf8_unicode_ci NOT NULL,
  `district_id` char(7) COLLATE utf8_unicode_ci NOT NULL,
  `name` varchar(255) COLLATE utf8_unicode_ci NOT NULL,
  PRIMARY KEY (`id`),
  KEY `villages_district_id_index` (`district_id`),
  CONSTRAINT `villages_district_id_foreign` FOREIGN KEY (`district_id`) REFERENCES `districts` (`id`)
) ENGINE=InnoDB DEFAULT CHARSET=utf8 COLLATE=utf8_unicode_ci;

-- ----------------------------
-- Records of villages
-- ----------------------------

-- ----------------------------
-- View structure for v_atribut
-- ----------------------------
DROP VIEW IF EXISTS `v_atribut`;
CREATE VIEW `v_atribut` AS select `a`.`atribut_id` AS `atribut_id`,`a`.`m_barang_id` AS `m_barang_id`,`a`.`atribut_jenis` AS `atribut_jenis`,`a`.`atribut_nama` AS `atribut_nama`,`a`.`atribut_satuan` AS `atribut_satuan`,`a`.`atribut_default_value` AS `atribut_default_value`,`a`.`atribut_status_aktif` AS `atribut_status_aktif`,`a`.`atribut_create_date` AS `atribut_create_date`,`a`.`atribut_create_by` AS `atribut_create_by`,`a`.`atribut_update_date` AS `atribut_update_date`,`a`.`atribut_update_by` AS `atribut_update_by`,`a`.`atribut_revised` AS `atribut_revised`,`b`.`barang_nama` AS `barang_nama`,`c`.`satuan_nama` AS `satuan_nama` from ((`m_atribut_barang` `a` left join `m_barang` `b` on((`a`.`m_barang_id` = `b`.`barang_id`))) left join `m_satuan` `c` on((`a`.`atribut_satuan` = `c`.`satuan_id`))) ; ;

-- ----------------------------
-- View structure for v_bank
-- ----------------------------
DROP VIEW IF EXISTS `v_bank`;
CREATE VIEW `v_bank` AS select `a`.`bank_id` AS `bank_id`,`b`.`cabang_id` AS `cabang_id`,`b`.`cabang_nama` AS `cabang_nama`,`a`.`bank_cabang` AS `bank_cabang`,`a`.`bank_nama` AS `bank_nama`,`a`.`bank_atas_nama` AS `bank_atas_nama`,`a`.`bank_no_rek` AS `bank_no_rek`,`a`.`bank_status_aktif` AS `bank_status_aktif`,`a`.`bank_created_date` AS `bank_created_date`,`a`.`bank_created_by` AS `bank_created_by`,`a`.`bank_update_date` AS `bank_update_date`,`a`.`bank_update_by` AS `bank_update_by`,`a`.`bank_revised` AS `bank_revised` from (`m_bank` `a` join `m_cabang` `b` on((`b`.`cabang_id` = `a`.`m_cabang_id`))) ; ;

-- ----------------------------
-- View structure for v_barang
-- ----------------------------
DROP VIEW IF EXISTS `v_barang`;
CREATE VIEW `v_barang` AS (select `a`.`barang_id` AS `barang_id`,`a`.`m_jenis_barang_id` AS `m_jenis_barang_id`,`a`.`barang_kode` AS `barang_kode`,`a`.`barang_nomor` AS `barang_nomor`,`a`.`barang_nama` AS `barang_nama`,`a`.`barang_minimum_stok` AS `barang_minimum_stok`,`a`.`barang_status_aktif` AS `barang_status_aktif`,`a`.`barang_create_date` AS `barang_create_date`,`a`.`barang_create_by` AS `barang_create_by`,`a`.`barang_update_date` AS `barang_update_date`,`a`.`barang_update_by` AS `barang_update_by`,`a`.`barang_revised` AS `barang_revised`,`b`.`jenis_barang_nama` AS `jenis_barang_nama`,`c`.`satuan_nama` AS `satuan_nama` from ((`m_barang` `a` left join `m_jenis_barang` `b` on((`a`.`m_jenis_barang_id` = `b`.`jenis_barang_id`))) left join `m_satuan` `c` on((`a`.`m_satuan_id` = `c`.`satuan_id`)))) ; ;

-- ----------------------------
-- View structure for v_bkb
-- ----------------------------
DROP VIEW IF EXISTS `v_bkb`;
CREATE VIEW `v_bkb` AS (select `a`.`keluar_barang_id` AS `keluar_barang_id`,`a`.`keluar_barang_nomor` AS `keluar_barang_nomor`,if((`a`.`keluar_barang_jenis` = 1),'Bahan Baku',if((`a`.`keluar_barang_jenis` = 2),'Bahan Penolong','Lain Lain')) AS `keluar_barang_jenis`,`a`.`keluar_barang_tanggal` AS `keluar_barang_tanggal`,`b`.`cabang_id` AS `cabang_id`,`b`.`cabang_nama` AS `cabang_nama`,`c`.`departemen_id` AS `departemen_id`,`c`.`departemen_nama` AS `departemen_nama`,if((`a`.`keluar_barang_status` = 1),'BKB Baru',if((`a`.`keluar_barang_status` = 2),'BKB Diterima',if((`a`.`keluar_barang_status` = 3),'BKB Pending','BKB Terkirim'))) AS `keluar_barang_status` from ((`t_keluar_barang` `a` join `m_cabang` `b` on((`b`.`cabang_id` = `a`.`m_cabang_id`))) join `m_departemen` `c` on((`c`.`departemen_id` = `a`.`m_departemen_id`)))) ; ;

-- ----------------------------
-- View structure for v_bukti_bank
-- ----------------------------
DROP VIEW IF EXISTS `v_bukti_bank`;
CREATE VIEW `v_bukti_bank` AS (select `a`.`bukti_bank_id` AS `bukti_bank_id`,`b`.`cabang_id` AS `cabang_id`,`b`.`cabang_nama` AS `cabang_nama`,`a`.`bukti_bank_nomor` AS `bukti_bank_nomor`,`a`.`bukti_bank_tanggal` AS `bukti_bank_tanggal`,`a`.`bukti_bank_lampiran` AS `bukti_bank_lampiran`,`c`.`partner_id` AS `partner_id`,`c`.`partner_nama` AS `partner_nama`,`a`.`bukti_bank_catatan` AS `bukti_bank_catatan`,`a`.`bukti_bank_jumlah_bayar` AS `bukti_bank_jumlah_bayar`,`a`.`bukti_bank_tipe` AS `bukti_bank_tipe`,if((`a`.`bukti_bank_tipe` = 1),'Bukti Bank Keluar','Bukti Bank Masuk') AS `bukti_bank_tipe_nama`,`a`.`bukti_bank_status` AS `bukti_bank_status`,`a`.`bukti_bank_created_date` AS `bukti_bank_created_date`,`a`.`bukti_bank_created_by` AS `bukti_bank_created_by`,`a`.`bukti_bank_updated_date` AS `bukti_bank_updated_date`,`a`.`bukti_bank_updated_by` AS `bukti_bank_updated_by`,`a`.`bukti_bank_revised` AS `bukti_bank_revised` from ((`t_bukti_bank` `a` join `m_cabang` `b` on((`b`.`cabang_id` = `a`.`m_cabang_id`))) join `m_partner` `c` on((`c`.`partner_id` = `a`.`m_partner_id`)))) ; ;

-- ----------------------------
-- View structure for v_bukti_bgcek
-- ----------------------------
DROP VIEW IF EXISTS `v_bukti_bgcek`;
CREATE VIEW `v_bukti_bgcek` AS (select `a`.`bukti_bgcek_id` AS `bukti_bgcek_id`,`b`.`cabang_id` AS `cabang_id`,`b`.`cabang_nama` AS `cabang_nama`,`a`.`bukti_bgcek_nomor` AS `bukti_bgcek_nomor`,`a`.`bukti_bgcek_tanggal` AS `bukti_bgcek_tanggal`,`c`.`partner_id` AS `partner_id`,`c`.`partner_nama` AS `partner_nama`,`a`.`bukti_bgcek_catatan` AS `bukti_bgcek_catatan`,`a`.`bukti_bgcek_jumlah_bayar` AS `bukti_bgcek_jumlah_bayar`,`a`.`bukti_bgcek_tipe` AS `bukti_bgcek_tipe`,if((`a`.`bukti_bgcek_tipe` = 1),'Bukti Bank Keluar','Bukti Bank Masuk') AS `bukti_bgcek_tipe_nama`,`a`.`bukti_bgcek_status` AS `bukti_bgcek_status`,`a`.`bukti_bgcek_created_date` AS `bukti_bgcek_created_date`,`a`.`bukti_bgcek_created_by` AS `bukti_bgcek_created_by`,`a`.`bukti_bgcek_updated_date` AS `bukti_bgcek_updated_date`,`a`.`bukti_bgcek_updated_by` AS `bukti_bgcek_updated_by`,`a`.`bukti_bgcek_revised` AS `bukti_bgcek_revised` from ((`t_bukti_bgcek` `a` join `m_cabang` `b` on((`b`.`cabang_id` = `a`.`m_cabang_id`))) join `m_partner` `c` on((`c`.`partner_id` = `a`.`m_partner_id`)))) ; ;

-- ----------------------------
-- View structure for v_bukti_kas
-- ----------------------------
DROP VIEW IF EXISTS `v_bukti_kas`;
CREATE VIEW `v_bukti_kas` AS (select `a`.`bukti_kas_id` AS `bukti_kas_id`,`b`.`cabang_id` AS `cabang_id`,`b`.`cabang_nama` AS `cabang_nama`,`a`.`bukti_kas_nomor` AS `bukti_kas_nomor`,`a`.`bukti_kas_tanggal` AS `bukti_kas_tanggal`,`a`.`bukti_kas_lampiran` AS `bukti_kas_lampiran`,`c`.`partner_id` AS `partner_id`,`c`.`partner_nama` AS `partner_nama`,`a`.`bukti_kas_catatan` AS `bukti_kas_catatan`,`a`.`bukti_kas_jumlah_bayar` AS `bukti_kas_jumlah_bayar`,`a`.`bukti_kas_tipe` AS `bukti_kas_tipe`,if((`a`.`bukti_kas_tipe` = 1),'Bukti Bank Keluar','Bukti Bank Masuk') AS `bukti_kas_tipe_nama`,`a`.`bukti_kas_status` AS `bukti_kas_status`,`a`.`bukti_kas_created_date` AS `bukti_kas_created_date`,`a`.`bukti_kas_created_by` AS `bukti_kas_created_by`,`a`.`bukti_kas_updated_date` AS `bukti_kas_updated_date`,`a`.`bukti_kas_updated_by` AS `bukti_kas_updated_by`,`a`.`bukti_kas_revised` AS `bukti_kas_revised` from ((`t_bukti_kas` `a` join `m_cabang` `b` on((`b`.`cabang_id` = `a`.`m_cabang_id`))) join `m_partner` `c` on((`c`.`partner_id` = `a`.`m_partner_id`)))) ; ;

-- ----------------------------
-- View structure for v_category_2
-- ----------------------------
DROP VIEW IF EXISTS `v_category_2`;
CREATE VIEW `v_category_2` AS SELECT
m_category_2.category_2_id,
m_category_2.m_jenis_barang_id,
m_jenis_barang.jenis_barang_nama,
m_category_2.category_2_nama,
m_category_2.category_2_status_aktif,
m_category_2.category_2_create_date,
m_category_2.category_2_create_by,
m_category_2.category_2_update_date,
m_category_2.category_2_update_by,
m_category_2.category_2_revised
FROM
m_jenis_barang
INNER JOIN m_category_2 ON m_category_2.m_jenis_barang_id = m_jenis_barang.jenis_barang_id ;

-- ----------------------------
-- View structure for v_category_konsinyasi
-- ----------------------------
DROP VIEW IF EXISTS `v_category_konsinyasi`;
CREATE VIEW `v_category_konsinyasi` AS SELECT
m_barang.barang_id,
m_jenis_barang.jenis_barang_id,
m_category_2.category_2_id,
m_barang.barang_kode,
m_barang.barang_nomor,
m_barang.barang_nama,
m_barang.m_satuan_id,
m_barang.m_brand_id,
m_barang.harga_beli
FROM
m_barang ,
m_jenis_barang ,
m_category_2 ;

-- ----------------------------
-- View structure for v_coa
-- ----------------------------
DROP VIEW IF EXISTS `v_coa`;
CREATE VIEW `v_coa` AS (select `m_coa`.`coa_id` AS `coa_id`,`m_coa`.`coa_kode` AS `coa_kode`,`m_coa`.`coa_header` AS `coa_header`,`m_coa`.`coa_subheader` AS `coa_subheader`,`m_coa`.`coa_tipe` AS `coa_tipe`,if((`m_coa`.`coa_tipe` = 1),'Header',if((`m_coa`.`coa_tipe` = 2),'Sub Header','Nama Perkiraan')) AS `coa_tipe_nama`,`m_coa`.`coa_nama` AS `coa_nama`,`m_coa`.`coa_keterangan` AS `coa_keterangan` from `m_coa`) ; ;

-- ----------------------------
-- View structure for v_estimasi_penjualan
-- ----------------------------
DROP VIEW IF EXISTS `v_estimasi_penjualan`;
CREATE VIEW `v_estimasi_penjualan` AS select `a`.`estimasi_penjualan_id` AS `estimasi_penjualan_id`,`a`.`estimasi_penjualan_nomor` AS `estimasi_penjualan_nomor`,`b`.`cabang_id` AS `cabang_id`,`b`.`cabang_nama` AS `cabang_nama`,`a`.`estimasi_penjualan_periode` AS `estimasi_penjualan_periode`,`a`.`estimasi_penjualan_status` AS `estimasi_penjualan_status`,if((`a`.`estimasi_penjualan_status` = 1),'Estimasi Baru',if((`a`.`estimasi_penjualan_status` = 2),'Estimasi Diterima',if((`a`.`estimasi_penjualan_status` = 3),'Disetujui',if((`a`.`estimasi_penjualan_status` = 4),'Pembuatan Jadwal Produksi','Selesai')))) AS `estimasi_penjualan_status_nama`,`a`.`estimasi_penjualan_created_date` AS `estimasi_penjualan_created_date`,`a`.`estimasi_penjualan_created_by` AS `estimasi_penjualan_created_by`,`a`.`estimasi_penjualan_update_date` AS `estimasi_penjualan_update_date`,`a`.`estimasi_penjualan_update_by` AS `estimasi_penjualan_update_by`,`a`.`estimasi_penjualan_revised` AS `estimasi_penjualan_revised` from (`t_estimasi_penjualan` `a` join `m_cabang` `b` on((`b`.`cabang_id` = `a`.`m_cabang_id`))) ; ;

-- ----------------------------
-- View structure for v_faktur_penjualan
-- ----------------------------
DROP VIEW IF EXISTS `v_faktur_penjualan`;
CREATE VIEW `v_faktur_penjualan` AS (select `a`.`faktur_penjualan_id` AS `faktur_penjualan_id`,`a`.`faktur_penjualan_nomor` AS `faktur_penjualan_nomor`,`b`.`cabang_id` AS `cabang_id`,`b`.`cabang_nama` AS `cabang_nama`,`a`.`faktur_penjualan_tanggal` AS `faktur_penjualan_tanggal`,`a`.`faktur_penjualan_jatuh_tempo` AS `faktur_penjualan_jatuh_tempo`,`c`.`surat_jalan_id` AS `surat_jalan_id`,`c`.`surat_jalan_nomor` AS `surat_jalan_nomor`,`a`.`faktur_penjualan_tujuan_transfer` AS `faktur_penjualan_tujuan_transfer` from ((`t_faktur_penjualan` `a` join `m_cabang` `b` on((`b`.`cabang_id` = `a`.`m_cabang_id`))) join `t_surat_jalan` `c` on((`c`.`surat_jalan_id` = `a`.`t_surat_jalan_id`)))) ; ;

-- ----------------------------
-- View structure for v_gudang
-- ----------------------------
DROP VIEW IF EXISTS `v_gudang`;
CREATE VIEW `v_gudang` AS select `a`.`gudang_id` AS `gudang_id`,`a`.`gudang_nama` AS `gudang_nama`,`a`.`gudang_alamat` AS `gudang_alamat`,`a`.`gudang_kota` AS `gudang_kota`,`a`.`gudang_telepon` AS `gudang_telepon`,`a`.`gudang_fax` AS `gudang_fax`,`a`.`gudang_email` AS `gudang_email`,`a`.`m_cabang_id` AS `m_cabang_id`,`a`.`m_jenis_gudang_id` AS `m_jenis_gudang_id`,`a`.`gudang_status_aktif` AS `gudang_status_aktif`,`a`.`gudang_create_date` AS `gudang_create_date`,`a`.`gudang_create_by` AS `gudang_create_by`,`a`.`gudang_update_date` AS `gudang_update_date`,`a`.`gudang_update_by` AS `gudang_update_by`,`a`.`gudang_revised` AS `gudang_revised`,`b`.`jenis_gudang_nama` AS `jenis_gudang_nama`,`c`.`cabang_nama` AS `cabang_nama` from ((`m_gudang` `a` left join `m_jenis_gudang` `b` on((`a`.`m_jenis_gudang_id` = `b`.`jenis_gudang_id`))) left join `m_cabang` `c` on((`a`.`m_cabang_id` = `c`.`cabang_id`))) ; ;

-- ----------------------------
-- View structure for v_jadwal_produksi
-- ----------------------------
DROP VIEW IF EXISTS `v_jadwal_produksi`;
CREATE VIEW `v_jadwal_produksi` AS (select `a`.`jadwal_produksi_id` AS `jadwal_produksi_id`,`a`.`jadwal_produksi_nomor` AS `jadwal_produksi_nomor`,`a`.`jadwal_produksi_periode` AS `jadwal_produksi_periode`,`b`.`cabang_id` AS `cabang_id`,`b`.`cabang_nama` AS `cabang_nama`,`a`.`jadwal_produksi_shift` AS `jadwal_produksi_shift`,`a`.`jadwal_produksi_jenis` AS `jadwal_produksi_jenis`,`a`.`jadwal_produksi_kebutuhan` AS `jadwal_produksi_kebutuhan`,`c`.`estimasi_penjualan_id` AS `estimasi_penjualan_id`,`c`.`estimasi_penjualan_nomor` AS `estimasi_penjualan_nomor`,`a`.`t_so_customer_id` AS `so_customer_id`,`d`.`so_customer_nomor` AS `so_customer_nomor`,`a`.`jadwal_produksi_status` AS `jadwal_produksi_status`,if((`a`.`jadwal_produksi_status` = 1),'Jadwal Produksi Baru',if((`a`.`jadwal_produksi_status` = 2),'Jadwal Produksi Disetujui','Jadwal Produksi Direalisasi')) AS `jadwal_produksi_status_nama`,`a`.`jadwal_produksi_status_date` AS `jadwal_produksi_status_date`,`a`.`jadwal_produksi_created_date` AS `jadwal_produksi_created_date`,`a`.`jadwal_produksi_created_by` AS `jadwal_produksi_created_by`,`a`.`jadwal_produksi_update_date` AS `jadwal_produksi_update_date`,`a`.`jadwal_produksi_update_by` AS `jadwal_produksi_update_by`,`a`.`jadwal_produksi_revised` AS `jadwal_produksi_revised` from (((`t_jadwal_produksi` `a` join `m_cabang` `b` on((`b`.`cabang_id` = `a`.`m_cabang_id`))) left join `t_estimasi_penjualan` `c` on((`c`.`estimasi_penjualan_id` = `a`.`t_estimasi_penjualan_id`))) left join `t_so_customer` `d` on((`d`.`so_customer_id` = `a`.`t_so_customer_id`)))) ; ;

-- ----------------------------
-- View structure for v_jenis_barang
-- ----------------------------
DROP VIEW IF EXISTS `v_jenis_barang`;
CREATE VIEW `v_jenis_barang` AS select `a`.`jenis_barang_id` AS `jenis_barang_id`,`a`.`jenis_barang_nama` AS `jenis_barang_nama`,`a`.`m_jenis_gudang_id` AS `m_jenis_gudang_id`,`a`.`jenis_barang_status_aktif` AS `jenis_barang_status_aktif`,`a`.`jenis_barang_create_date` AS `jenis_barang_create_date`,`a`.`jenis_barang_create_by` AS `jenis_barang_create_by`,`a`.`jenis_barang_update_date` AS `jenis_barang_update_date`,`a`.`jenis_barang_update_by` AS `jenis_barang_update_by`,`a`.`jenis_barang_revised` AS `jenis_barang_revised`,`b`.`jenis_gudang_nama` AS `jenis_gudang_nama` from (`m_jenis_barang` `a` left join `m_jenis_gudang` `b` on((`a`.`m_jenis_gudang_id` = `b`.`jenis_gudang_id`))) ; ;

-- ----------------------------
-- View structure for v_jurnal
-- ----------------------------
DROP VIEW IF EXISTS `v_jurnal`;
CREATE VIEW `v_jurnal` AS (select `a`.`jurnal_id` AS `jurnal_id`,`a`.`jurnal_tanggal` AS `jurnal_tanggal`,`b`.`cabang_id` AS `cabang_id`,`b`.`cabang_nama` AS `cabang_nama`,`c`.`coa_id` AS `coa_id`,`c`.`coa_nama` AS `coa_nama`,`a`.`jurnal_refrensi_nomor` AS `jurnal_refrensi_nomor`,`a`.`jurnal_keterangan` AS `jurnal_keterangan`,`a`.`jurnal_debit` AS `jurnal_debit`,`a`.`jurnal_kredit` AS `jurnal_kredit` from ((`t_jurnal` `a` join `m_cabang` `b` on((`b`.`cabang_id` = `a`.`m_cabang_id`))) join `m_coa` `c` on((`c`.`coa_id` = `a`.`m_coa_id`)))) ; ;

-- ----------------------------
-- View structure for v_kartu_stok
-- ----------------------------
DROP VIEW IF EXISTS `v_kartu_stok`;
CREATE VIEW `v_kartu_stok` AS (select `a`.`barang_id` AS `barang_id`,`b`.`jenis_barang_id` AS `jenis_barang_id`,`b`.`jenis_barang_nama` AS `jenis_barang_nama`,`a`.`barang_kode` AS `barang_kode`,`a`.`barang_nama` AS `barang_nama`,`c`.`satuan_id` AS `satuan_id`,`c`.`satuan_nama` AS `satuan_nama`,`a`.`barang_minimum_stok` AS `stok_minimum`,`d`.`stok_gudang_jumlah` AS `stok_gudang`,`e`.`gudang_id` AS `gudang_id`,`e`.`gudang_nama` AS `gudang_nama`,`f`.`cabang_id` AS `cabang_id`,`f`.`cabang_nama` AS `cabang_nama`,`g`.`kartu_stok_tanggal` AS `kartu_stok_tanggal`,`g`.`kartu_stok_id` AS `kartu_stok_id`,`g`.`kartu_stok_referensi` AS `kartu_stok_referensi`,`g`.`kartu_stok_saldo` AS `kartu_stok_saldo`,if((`g`.`kartu_stok_penyesuaian` = 0),`g`.`kartu_stok_masuk`,`g`.`kartu_stok_penyesuaian`) AS `kartu_stok_masuk`,`g`.`kartu_stok_keluar` AS `kartu_stok_keluar`,if((`g`.`kartu_stok_penyesuaian` = 0),((`g`.`kartu_stok_saldo` + `g`.`kartu_stok_masuk`) - `g`.`kartu_stok_keluar`),`g`.`kartu_stok_penyesuaian`) AS `kartu_stok_sisa`,`g`.`kartu_stok_penyesuaian` AS `kartu_stok_penyesuaian`,`g`.`kartu_stok_keterangan` AS `kartu_stok_keterangan` from ((((((`m_barang` `a` join `m_jenis_barang` `b` on((`b`.`jenis_barang_id` = `a`.`m_jenis_barang_id`))) join `m_satuan` `c` on((`c`.`satuan_id` = `a`.`m_satuan_id`))) join `t_stok_gudang` `d` on((`d`.`m_barang_id` = `a`.`barang_id`))) join `m_gudang` `e` on((`e`.`gudang_id` = `d`.`m_gudang_id`))) join `m_cabang` `f` on((`f`.`cabang_id` = `e`.`m_cabang_id`))) join `t_kartu_stok` `g` on(((`g`.`m_barang_id` = `a`.`barang_id`) and (`g`.`m_gudang_id` = `e`.`gudang_id`))))) ; ;

-- ----------------------------
-- View structure for v_karyawan
-- ----------------------------
DROP VIEW IF EXISTS `v_karyawan`;
CREATE VIEW `v_karyawan` AS select `a`.`karyawan_id` AS `karyawan_id`,`a`.`karyawan_nip` AS `karyawan_nip`,`a`.`karyawan_nama` AS `karyawan_nama`,`a`.`karyawan_alamat` AS `karyawan_alamat`,`a`.`karyawan_telepon` AS `karyawan_telepon`,`a`.`m_type_karyawan_id` AS `m_type_karyawan_id`,`a`.`m_cabang_id` AS `m_cabang_id`,`a`.`m_departemen_id` AS `m_departemen_id`,`a`.`karyawan_status_aktif` AS `karyawan_status_aktif`,`a`.`karyawan_create_date` AS `karyawan_create_date`,`a`.`karyawan_create_by` AS `karyawan_create_by`,`a`.`karyawan_update_date` AS `karyawan_update_date`,`a`.`karyawan_update_by` AS `karyawan_update_by`,`a`.`karyawan_revised` AS `karyawan_revised`,`b`.`type_karyawan_nama` AS `type_karyawan_nama`,`c`.`cabang_nama` AS `cabang_nama` from (((`m_karyawan` `a` left join `m_type_karyawan` `b` on((`a`.`m_type_karyawan_id` = `b`.`type_karyawan_id`))) left join `m_cabang` `c` on((`a`.`m_cabang_id` = `c`.`cabang_id`))) left join `m_departemen` `d` on((`a`.`m_departemen_id` = `d`.`departemen_id`))) ; ;

-- ----------------------------
-- View structure for v_kas
-- ----------------------------
DROP VIEW IF EXISTS `v_kas`;
CREATE VIEW `v_kas` AS select `a`.`kas_id` AS `kas_id`,`b`.`cabang_id` AS `cabang_id`,`b`.`cabang_nama` AS `cabang_nama`,`a`.`kas_nama` AS `kas_nama`,`a`.`kas_status_aktif` AS `kas_status_aktif`,`a`.`kas_created_date` AS `kas_created_date`,`a`.`kas_created_by` AS `kas_created_by`,`a`.`kas_update_date` AS `kas_update_date`,`a`.`kas_update_by` AS `kas_update_by`,`a`.`kas_revised` AS `kas_revised` from (`m_kas` `a` join `m_cabang` `b` on((`b`.`cabang_id` = `a`.`m_cabang_id`))) ; ;

-- ----------------------------
-- View structure for v_keluar_barang
-- ----------------------------
DROP VIEW IF EXISTS `v_keluar_barang`;
CREATE VIEW `v_keluar_barang` AS (select `a`.`keluar_barang_id` AS `keluar_barang_id`,`b`.`cabang_id` AS `cabang_id`,`b`.`cabang_nama` AS `cabang_nama`,`a`.`keluar_barang_nomor` AS `keluar_barang_nomor`,`a`.`keluar_barang_tanggal` AS `keluar_barang_tanggal`,`a`.`keluar_barang_jenis` AS `keluar_barang_jenis`,if((`a`.`keluar_barang_jenis` = 1),'Bahan Baku',if((`a`.`keluar_barang_jenis` = 2),'Bahan Penolong','Lain Lain')) AS `keluar_barang_jenis_nama`,`c`.`gudang_id` AS `gudang_id_permintaan`,`c`.`gudang_nama` AS `gudang_nama_permintaan`,`d`.`gudang_id` AS `gudang_id_tujuan`,`d`.`gudang_nama` AS `gudang_nama_tujuan`,`e`.`departemen_id` AS `departemen_id`,`e`.`departemen_nama` AS `departemen_nama`,`a`.`keluar_barang_status` AS `keluar_barang_status`,`f`.`status_nama` AS `keluar_barang_status_nama`,`a`.`keluar_barang_status_date` AS `keluar_barang_status_date`,`a`.`keluar_barang_penerima` AS `keluar_barang_penerima`,`a`.`keluar_barang_penyerah` AS `keluar_barang_penyerah`,`a`.`keluar_barang_pembuat` AS `keluar_barang_pembuat`,`a`.`keluar_barang_printed` AS `keluar_barang_printed`,`a`.`keluar_barang_created_date` AS `keluar_barang_created_date`,`a`.`keluar_barang_created_by` AS `keluar_barang_created_by`,`a`.`keluar_barang_update_date` AS `keluar_barang_update_date`,`a`.`keluar_barang_update_by` AS `keluar_barang_update_by`,`a`.`keluar_barang_revised` AS `keluar_barang_revised` from (((((`t_keluar_barang` `a` left join `m_cabang` `b` on((`b`.`cabang_id` = `a`.`m_cabang_id`))) left join `m_gudang` `c` on((`c`.`gudang_id` = `a`.`m_gudang_id_permintaan`))) left join `m_gudang` `d` on((`d`.`gudang_id` = `a`.`m_gudang_id_tujuan`))) left join `m_departemen` `e` on((`e`.`departemen_id` = `a`.`m_departemen_id`))) left join `s_keluar_barangstatus` `f` on((`f`.`keluar_barangstatus_id` = `a`.`keluar_barang_status`)))) ; ;

-- ----------------------------
-- View structure for v_ketidaksesuaian_spesifikasi
-- ----------------------------
DROP VIEW IF EXISTS `v_ketidaksesuaian_spesifikasi`;
CREATE VIEW `v_ketidaksesuaian_spesifikasi` AS (select `a`.`ketidaksesuaian_spesifikasi_id` AS `ketidaksesuaian_spesifikasi_id`,`a`.`ketidaksesuaian_spesifikasi_nomor` AS `ketidaksesuaian_spesifikasi_nomor`,`a`.`ketidaksesuaian_spesifikasi_tanggal` AS `ketidaksesuaian_spesifikasi_tanggal`,`b`.`cabang_id` AS `cabang_id`,`b`.`cabang_nama` AS `cabang_nama`,`c`.`perolehan_produksi_id` AS `perolehan_produksi_id`,`c`.`perolehan_produksi_nomor` AS `perolehan_produksi_nomor`,`a`.`ketidaksesuaian_spesifikasi_created_date` AS `ketidaksesuaian_spesifikasi_created_date`,`a`.`ketidaksesuaian_spesifikasi_created_by` AS `ketidaksesuaian_spesifikasi_created_by`,`a`.`ketidaksesuaian_spesifikasi_update_date` AS `ketidaksesuaian_spesifikasi_update_date`,`a`.`ketidaksesuaian_spesifikasi_update_by` AS `ketidaksesuaian_spesifikasi_update_by`,`a`.`ketidaksesuaian_spesifikasi_revised` AS `ketidaksesuaian_spesifikasi_revised` from ((`t_ketidaksesuaian_spesifikasi` `a` join `m_cabang` `b` on((`b`.`cabang_id` = `a`.`m_cabang_id`))) join `t_perolehan_produksi` `c` on((`c`.`perolehan_produksi_id` = `a`.`t_jadwal_produksi_id`)))) ; ;

-- ----------------------------
-- View structure for v_konsinyasi
-- ----------------------------
DROP VIEW IF EXISTS `v_konsinyasi`;
CREATE VIEW `v_konsinyasi` AS SELECT
m_konsinyasi.konsinyasi_id,
m_konsinyasi.m_jenis_barang_id,
m_jenis_barang.jenis_barang_nama,
m_konsinyasi.m_category_2_id,
m_category_2.category_2_nama,
m_konsinyasi.m_barang_id,
m_barang.barang_nama,
m_konsinyasi.konsinyasi_status_aktif,
m_konsinyasi.konsinyasi_create_date,
m_konsinyasi.konsinyasi_create_by,
m_konsinyasi.konsinyasi_update_date,
m_konsinyasi.konsinyasi_update_by,
m_konsinyasi.konsinyasi_revised
FROM
m_konsinyasi
INNER JOIN m_jenis_barang ON m_konsinyasi.m_jenis_barang_id = m_jenis_barang.jenis_barang_id
INNER JOIN m_category_2 ON m_konsinyasi.m_category_2_id = m_category_2.category_2_id
INNER JOIN m_barang ON m_konsinyasi.m_barang_id = m_barang.barang_id ;

-- ----------------------------
-- View structure for v_laporan_spp_belum_realisasi
-- ----------------------------
DROP VIEW IF EXISTS `v_laporan_spp_belum_realisasi`;
CREATE VIEW `v_laporan_spp_belum_realisasi` AS (select `e`.`cabang_id` AS `cabang_id`,`e`.`cabang_nama` AS `cabang_nama`,`f`.`gudang_id` AS `gudang_id`,`f`.`gudang_nama` AS `gudang_nama`,`a`.`permintaan_pembelian_nomor` AS `permintaan_pembelian_nomor`,`a`.`permintaan_pembelian_tanggal` AS `permintaan_pembelian_tanggal`,`c`.`barang_kode` AS `barang_kode`,`c`.`barang_nama` AS `barang_nama`,`b`.`permintaan_pembeliandet_qty` AS `permintaan_pembelian_qty`,`d`.`satuan_nama` AS `satuan_nama`,`a`.`permintaan_pembelian_alasan` AS `permintaan_pembelian_alasan` from (((((`t_permintaan_pembelian` `a` join `t_permintaan_pembeliandet` `b` on((`b`.`t_permintaan_pembelian_id` = `a`.`permintaan_pembelian_id`))) join `m_barang` `c` on((`c`.`barang_id` = `b`.`m_barang_id`))) join `m_satuan` `d` on((`d`.`satuan_id` = `c`.`m_satuan_id`))) join `m_cabang` `e` on((`e`.`cabang_id` = `a`.`m_cabang_id`))) join `m_gudang` `f` on((`f`.`gudang_id` = `a`.`m_gudang_id_permintaan`))) where (`a`.`permintaan_pembelian_status` < 3)) ; ;

-- ----------------------------
-- View structure for v_mutasi_bankkas
-- ----------------------------
DROP VIEW IF EXISTS `v_mutasi_bankkas`;
CREATE VIEW `v_mutasi_bankkas` AS (select `a`.`mutasi_bankkas_id` AS `mutasi_bankkas_id`,`a`.`mutasi_bankkas_nomor` AS `mutasi_bankkas_nomor`,`a`.`mutasi_bankkas_tanggal` AS `mutasi_bankkas_tanggal`,`a`.`mutasi_bankkas_tipe` AS `mutasi_bankkas_tipe`,if((`a`.`mutasi_bankkas_tipe` = 1),'Mutasi Bank ke Kas',if((`a`.`mutasi_bankkas_tipe` = 2),'Mutasi Bank ke Kas','Mutasi Bank ke Bank')) AS `mutasi_bankkas_tipe_nama`,if((`a`.`mutasi_bankkas_tipe` = 1),`b`.`bank_nama`,if((`a`.`mutasi_bankkas_tipe` = 2),`d`.`kas_nama`,`b`.`bank_nama`)) AS `mutasi_bankkas_dari`,if((`a`.`mutasi_bankkas_tipe` = 1),`h`.`kas_nama`,if((`a`.`mutasi_bankkas_tipe` = 2),`f`.`bank_nama`,`f`.`bank_nama`)) AS `mutasi_bankkas_ke`,if((`a`.`mutasi_bankkas_tipe` = 1),`c`.`cabang_id`,`e`.`cabang_id`) AS `cabang_id`,if((`a`.`mutasi_bankkas_tipe` = 1),`c`.`cabang_nama`,`e`.`cabang_nama`) AS `cabang_nama`,`a`.`mutasi_bankkas_nominal` AS `mutasi_bankkas_nominal` from ((((((((`t_mutasi_bankkas` `a` left join `m_bank` `b` on((`b`.`bank_id` = `a`.`mutasi_bankkas_refrensi_id1`))) left join `m_cabang` `c` on((`c`.`cabang_id` = `b`.`m_cabang_id`))) left join `m_kas` `d` on((`d`.`kas_id` = `a`.`mutasi_bankkas_refrensi_id2`))) left join `m_cabang` `e` on((`e`.`cabang_id` = `d`.`m_cabang_id`))) left join `m_bank` `f` on((`f`.`bank_id` = `a`.`mutasi_bankkas_refrensi_id2`))) left join `m_cabang` `g` on((`g`.`cabang_id` = `f`.`m_cabang_id`))) left join `m_kas` `h` on((`h`.`kas_id` = `a`.`mutasi_bankkas_refrensi_id2`))) left join `m_cabang` `i` on((`i`.`cabang_id` = `h`.`m_cabang_id`)))) ; ;

-- ----------------------------
-- View structure for v_nota_debet
-- ----------------------------
DROP VIEW IF EXISTS `v_nota_debet`;
CREATE VIEW `v_nota_debet` AS (select `a`.`nota_debet_id` AS `nota_debet_id`,`a`.`nota_debet_nomor` AS `nota_debet_nomor`,`a`.`nota_debet_tanggal` AS `nota_debet_tanggal`,`e`.`retur_pembelian_id` AS `retur_pembelian_id`,`e`.`retur_pembelian_nomor` AS `retur_pembelian_nomor`,`e`.`retur_pembelian_tanggal` AS `retur_pembelian_tanggal`,`b`.`cabang_id` AS `cabang_id`,`b`.`cabang_nama` AS `cabang_nama`,`c`.`partner_id` AS `partner_id`,`c`.`partner_nama` AS `partner_nama`,`d`.`gudang_id` AS `gudang_id`,`d`.`gudang_nama` AS `gudang_nama`,`a`.`nota_debet_subtotal` AS `nota_debet_subtotal`,`a`.`nota_debet_ppn` AS `nota_debet_ppn`,`a`.`nota_debet_total` AS `nota_debet_total`,`a`.`nota_debet_catatan` AS `nota_debet_catatan`,`a`.`nota_debet_metode_pembayaran` AS `nota_debet_metode_pembayaran`,`a`.`nota_debet_status` AS `nota_debet_status`,if((`a`.`nota_debet_status` = 1),'Nota Debet Baru',if((`a`.`nota_debet_status` = 2),'Nota Debet Diterima','Nota Debet Disetujui')) AS `nota_debet_status_nama`,`a`.`nota_debet_status_date` AS `nota_debet_status_date`,`a`.`nota_debet_printed` AS `nota_debet_printed`,`a`.`nota_debet_created_date` AS `nota_debet_created_date`,`a`.`nota_debet_created_by` AS `nota_debet_created_by`,`a`.`nota_debet_update_date` AS `nota_debet_update_date`,`a`.`nota_debet_update_by` AS `nota_debet_update_by`,`a`.`nota_debet_revised` AS `nota_debet_revised` from ((((`t_nota_debet` `a` join `m_cabang` `b` on((`b`.`cabang_id` = `a`.`m_cabang_id`))) join `m_partner` `c` on((`c`.`partner_id` = `a`.`m_partner_id`))) join `m_gudang` `d` on((`d`.`gudang_id` = `a`.`m_gudang_id`))) join `t_retur_pembelian` `e` on((`e`.`retur_pembelian_id` = `a`.`t_retur_pembelian_id`)))) ; ;

-- ----------------------------
-- View structure for v_nota_kredit
-- ----------------------------
DROP VIEW IF EXISTS `v_nota_kredit`;
CREATE VIEW `v_nota_kredit` AS (select `a`.`nota_kredit_id` AS `nota_kredit_id`,`a`.`nota_kredit_nomor` AS `nota_kredit_nomor`,`b`.`cabang_id` AS `cabang_id`,`b`.`cabang_nama` AS `cabang_nama`,`a`.`nota_kredit_tanggal` AS `nota_kredit_tanggal`,`a`.`nota_kredit_jenis` AS `nota_kredit_jenis`,if((`a`.`nota_kredit_jenis` = 0),`c`.`sj_retur_nomor`,`d`.`bpbr_nomor`) AS `nomor_refrensi`,`c`.`sj_retur_id` AS `sj_retur_id`,`c`.`sj_retur_nomor` AS `sj_retur_nomor`,`a`.`nota_kredit_netto` AS `nota_kredit_netto`,`a`.`nota_kredit_potongan_harga` AS `nota_kredit_potongan_harga`,`a`.`nota_kredit_uang_muka` AS `nota_kredit_uang_muka`,`a`.`nota_kredit_ppn` AS `nota_kredit_ppn`,`a`.`nota_kredit_total` AS `nota_kredit_total`,`a`.`nota_kredit_catatan` AS `nota_kredit_catatan` from (((`t_nota_kredit` `a` join `m_cabang` `b` on((`b`.`cabang_id` = `a`.`m_cabang_id`))) left join `t_sj_retur` `c` on((`c`.`sj_retur_id` = `a`.`referensi_id`))) left join `t_bpbr` `d` on((`d`.`bpbr_id` = `a`.`referensi_id`)))) ; ;

-- ----------------------------
-- View structure for v_order
-- ----------------------------
DROP VIEW IF EXISTS `v_order`;
CREATE VIEW `v_order` AS (select `a`.`order_id` AS `order_id`,`a`.`order_nomor` AS `order_nomor`,`a`.`order_type` AS `order_type`,if((`a`.`order_type` = 0),'PO','WO') AS `order_jenis_nama`,`a`.`order_tanggal` AS `order_tanggal`,`b`.`cabang_id` AS `cabang_id`,`b`.`cabang_nama` AS `cabang_nama`,`c`.`penawaran_id` AS `penawaran_id`,`c`.`penawaran_nomor` AS `penawaran_nomor`,`d`.`partner_id` AS `partner_id`,`d`.`partner_nama` AS `partner_nama`,`a`.`order_nama_dikirim` AS `order_nama_dikirim`,`a`.`order_alamat_dikirim` AS `order_alamat_dikirim`,`a`.`order_hp_fax` AS `order_hp_fax`,`a`.`order_subtotal` AS `order_subtotal`,`a`.`order_ppn` AS `order_ppn`,`a`.`order_total` AS `order_total`,`a`.`order_tanggal_kirim` AS `order_tanggal_kirim`,`a`.`order_pembayaran` AS `order_pembayaran`,if((`a`.`order_pembayaran` = 1),'Tunai','Kredit') AS `order_pembayaran_nama`,`a`.`order_status` AS `order_status`,if((`a`.`order_type` = 0),if((`a`.`order_status` = 1),'PO Baru',if((`a`.`order_status` = 2),'PO Diterima ',if((`a`.`order_status` = 3),'PO Disetujui',if((`a`.`order_status` = 4),'PO Berjalan',if((`a`.`order_status` = 5),'PO Selesai',if((`a`.`order_status` = -(1)),'PO Tidak Disetujui','PO Edited')))))),if((`a`.`order_status` = 1),'WO Baru',if((`a`.`order_status` = 2),'WO Diterima ',if((`a`.`order_status` = 3),'WO Disetujui',if((`a`.`order_status` = 4),'WO Berjalan',if((`a`.`order_status` = 5),'WO Selesai',if((`a`.`order_status` = -(1)),'WO Tidak Disetujui','WO Edited'))))))) AS `order_status_nama`,`a`.`order_status_date` AS `order_status_date`,`a`.`order_printed` AS `order_printed`,`a`.`order_created_date` AS `order_created_date`,`a`.`order_created_by` AS `order_created_by`,`a`.`order_update_date` AS `order_update_date`,`a`.`order_update_by` AS `order_update_by`,`a`.`order_revised` AS `order_revised` from (((`t_order` `a` join `m_cabang` `b` on((`b`.`cabang_id` = `a`.`m_cabang_id`))) join `t_penawaran` `c` on((`c`.`penawaran_id` = `a`.`order_referensi_id`))) join `m_partner` `d` on((`d`.`partner_id` = `a`.`m_supplier_id`)))) ; ;

-- ----------------------------
-- View structure for v_payment_request
-- ----------------------------
DROP VIEW IF EXISTS `v_payment_request`;
CREATE VIEW `v_payment_request` AS (select `a`.`payment_request_id` AS `payment_request_id`,`b`.`cabang_id` AS `cabang_id`,`b`.`cabang_nama` AS `cabang_nama`,`a`.`payment_request_nomor` AS `payment_request_nomor`,`a`.`payment_request_tanggal` AS `payment_request_tanggal`,`a`.`payment_request_lampiran` AS `payment_request_lampiran`,`c`.`partner_id` AS `partner_id`,`c`.`partner_nama` AS `partner_nama`,`a`.`payment_request_keperluan` AS `payment_request_keperluan`,`a`.`payment_request_voucher` AS `payment_request_voucher`,`a`.`payment_request_discount` AS `payment_request_discount`,`a`.`payment_request_jumlah_bayar` AS `payment_request_jumlah_bayar`,`a`.`payment_request_tipe_pengeluaran` AS `payment_request_tipe_pengeluaran`,if((`a`.`payment_request_tipe_pengeluaran` = 1),'Bank',if((`a`.`payment_request_tipe_pengeluaran` = 2),'Kas','Giro')) AS `payment_request_tipe_pengeluaran_nama`,`a`.`pengeluaran_id` AS `pengeluaran_id`,if((`a`.`payment_request_tipe_pengeluaran` = 1),`d`.`bank_nama`,`e`.`kas_nama`) AS `payment_request_pengeluaran_nama`,`a`.`payment_request_status` AS `payment_request_status`,if((`a`.`payment_request_status` = 1),'Payment Request Baru',if((`a`.`payment_request_status` = 2),'Payment Request Disetujui','Payment Request Tidak Disetujui')) AS `payment_request_status_nama`,`a`.`payment_request_created_date` AS `payment_request_created_date`,`a`.`payment_request_created_by` AS `payment_request_created_by`,`a`.`payment_request_updated_date` AS `payment_request_updated_date`,`a`.`payment_request_updated_by` AS `payment_request_updated_by`,`a`.`payment_request_revised` AS `payment_request_revised` from ((((`t_payment_request` `a` join `m_cabang` `b` on((`b`.`cabang_id` = `a`.`m_cabang_id`))) join `m_partner` `c` on((`c`.`partner_id` = `a`.`m_partner_id`))) left join `m_bank` `d` on((`d`.`bank_id` = `a`.`pengeluaran_id`))) left join `m_kas` `e` on((`e`.`kas_id` = `a`.`pengeluaran_id`)))) ; ;

-- ----------------------------
-- View structure for v_payment_request_piutang
-- ----------------------------
DROP VIEW IF EXISTS `v_payment_request_piutang`;
CREATE VIEW `v_payment_request_piutang` AS (select `a`.`payment_request_piutang_id` AS `payment_request_piutang_id`,`b`.`cabang_id` AS `cabang_id`,`b`.`cabang_nama` AS `cabang_nama`,`a`.`payment_request_piutang_nomor` AS `payment_request_piutang_nomor`,`a`.`payment_request_piutang_tanggal` AS `payment_request_piutang_tanggal`,`a`.`payment_request_piutang_lampiran` AS `payment_request_piutang_lampiran`,`c`.`partner_id` AS `partner_id`,`c`.`partner_nama` AS `partner_nama`,`a`.`payment_request_piutang_keperluan` AS `payment_request_piutang_keperluan`,`a`.`payment_request_piutang_voucher` AS `payment_request_piutang_voucher`,`a`.`payment_request_piutang_discount` AS `payment_request_piutang_discount`,`a`.`payment_request_piutang_jumlah_bayar` AS `payment_request_piutang_jumlah_bayar`,`a`.`payment_request_piutang_tipe_pemasukkan` AS `payment_request_piutang_tipe_pemasukkan`,if((`a`.`payment_request_piutang_tipe_pemasukkan` = 1),'Bank',if((`a`.`payment_request_piutang_tipe_pemasukkan` = 2),'Kas','Giro')) AS `payment_request_piutang_tipe_pemasukkan_nama`,`a`.`pemasukkan_id` AS `pemasukkan_id`,if((`a`.`payment_request_piutang_tipe_pemasukkan` = 1),`d`.`bank_nama`,`e`.`kas_nama`) AS `payment_request_piutang_pemasukkan_nama`,`a`.`payment_request_piutang_status` AS `payment_request_piutang_status`,if((`a`.`payment_request_piutang_status` = 1),'Pelunasan Piutang Baru',if((`a`.`payment_request_piutang_status` = 2),'Pelunasan Piutang Disetujui','Pelunasan Piutang Tidak Disetujui')) AS `payment_request_piutang_status_nama`,`a`.`payment_request_piutang_created_date` AS `payment_request_piutang_created_date`,`a`.`payment_request_piutang_created_by` AS `payment_request_piutang_created_by`,`a`.`payment_request_piutang_updated_date` AS `payment_request_piutang_updated_date`,`a`.`payment_request_piutang_updated_by` AS `payment_request_piutang_updated_by`,`a`.`payment_request_piutang_revised` AS `payment_request_piutang_revised` from ((((`t_payment_request_piutang` `a` join `m_cabang` `b` on((`b`.`cabang_id` = `a`.`m_cabang_id`))) join `m_partner` `c` on((`c`.`partner_id` = `a`.`m_partner_id`))) left join `m_bank` `d` on((`d`.`bank_id` = `a`.`pemasukkan_id`))) left join `m_kas` `e` on((`e`.`kas_id` = `a`.`pemasukkan_id`)))) ; ;

-- ----------------------------
-- View structure for v_penawaran
-- ----------------------------
DROP VIEW IF EXISTS `v_penawaran`;
CREATE VIEW `v_penawaran` AS (select `a`.`penawaran_id` AS `penawaran_id`,`a`.`penawaran_nomor` AS `penawaran_nomor`,`a`.`penawaran_jenis` AS `penawaran_jenis`,if((`a`.`penawaran_jenis` = 1),'Pembelian','Maklon') AS `penawaran_jenis_nama`,`a`.`penawaran_tanggal` AS `penawaran_tanggal`,`b`.`cabang_id` AS `cabang_id`,`b`.`cabang_nama` AS `cabang_nama`,`a`.`penawaran_step` AS `penawaran_step`,`a`.`penawaran_status` AS `penawaran_status`,if((`a`.`penawaran_status` = 1),'Penawaran Baru',if((`a`.`penawaran_status` = 2),'Pemilihan Supplier',if((`a`.`penawaran_status` = 3),'Pengisian Harga',if((`a`.`penawaran_status` = 4),'Penawaran Selesai','Penawaran Dibatalkan')))) AS `penawaran_status_nama`,`a`.`penawaran_status_date` AS `penawaran_status_date`,`a`.`penawaran_printed` AS `penawaran_printed`,`a`.`penawaran_create_date` AS `penawaran_create_date`,`a`.`penawaran_create_by` AS `penawaran_create_by`,`a`.`penawaran_update_date` AS `penawaran_update_date`,`a`.`penawaran_update_by` AS `penawaran_update_by`,`a`.`penawaran_revised` AS `penawaran_revised` from (`t_penawaran` `a` join `m_cabang` `b` on((`b`.`cabang_id` = `a`.`m_cabang_id`)))) ; ;

-- ----------------------------
-- View structure for v_penerimaan_barang
-- ----------------------------
DROP VIEW IF EXISTS `v_penerimaan_barang`;
CREATE VIEW `v_penerimaan_barang` AS (select `a`.`penerimaan_barang_id` AS `penerimaan_barang_id`,`a`.`penerimaan_barang_nomor` AS `penerimaan_barang_nomor`,`a`.`penerimaan_barang_tanggal` AS `penerimaan_barang_tanggal`,`b`.`cabang_id` AS `cabang_id`,`b`.`cabang_nama` AS `cabang_nama`,`c`.`order_id` AS `order_id`,`c`.`order_nomor` AS `order_nomor`,`a`.`penerimaan_barang_tanggal_terima` AS `penerimaan_barang_tanggal_terima`,`a`.`penerimaan_barang_status` AS `penerimaan_barang_status`,if((`a`.`penerimaan_barang_status` = 1),'BPB Baru',if((`a`.`penerimaan_barang_status` = 2),'BPB Berjalan','BPB Selesai')) AS `penerimaan_barang_status_nama`,`a`.`penerimaan_barang_status_date` AS `penerimaan_barang_status_date`,`a`.`penerimaan_barang_printed` AS `penerimaan_barang_printed`,`a`.`penerimaan_barang_created_date` AS `penerimaan_barang_created_date`,`a`.`penerimaan_barang_created_by` AS `penerimaan_barang_created_by`,`a`.`penerimaan_barang_update_date` AS `penerimaan_barang_update_date`,`a`.`penerimaan_barang_update_by` AS `penerimaan_barang_update_by`,`a`.`penerimaan_barang_revised` AS `penerimaan_barang_revised` from ((`t_penerimaan_barang` `a` join `m_cabang` `b` on((`b`.`cabang_id` = `a`.`m_cabang_id`))) join `t_order` `c` on((`c`.`order_id` = `a`.`t_order_id`)))) ; ;

-- ----------------------------
-- View structure for v_penerimaan_barang_retur
-- ----------------------------
DROP VIEW IF EXISTS `v_penerimaan_barang_retur`;
CREATE VIEW `v_penerimaan_barang_retur` AS (select `a`.`bpbr_id` AS `bpbr_id`,`a`.`bpbr_nomor` AS `bpbr_nomor`,`b`.`cabang_id` AS `cabang_id`,`b`.`cabang_nama` AS `cabang_nama`,`a`.`bpbr_tanggal` AS `bpbr_tanggal`,`c`.`retur_penjualan_id` AS `retur_penjualan_id`,`c`.`retur_penjualan_nomor` AS `retur_penjualan_nomor`,`a`.`bpbr_pengecekan` AS `bpbr_pengecekan`,`a`.`bpbr_catatan` AS `bpbr_catatan` from ((`t_bpbr` `a` join `m_cabang` `b` on((`b`.`cabang_id` = `a`.`m_cabang_id`))) left join `t_retur_penjualan` `c` on((`c`.`retur_penjualan_id` = `a`.`t_retur_penjualan_id`)))) ; ;

-- ----------------------------
-- View structure for v_pengeluaran_kaskecil
-- ----------------------------
DROP VIEW IF EXISTS `v_pengeluaran_kaskecil`;
CREATE VIEW `v_pengeluaran_kaskecil` AS (select `a`.`pengeluaran_kaskecil_id` AS `pengeluaran_kaskecil_id`,`a`.`pengeluaran_kaskecil_nomor` AS `pengeluaran_kaskecil_nomor`,`a`.`pengeluaran_kaskecil_tanggal` AS `pengeluaran_kaskecil_tanggal`,`b`.`kas_id` AS `kas_id`,`b`.`kas_nama` AS `kas_nama`,`a`.`pengeluaran_kaskecil_total` AS `pengeluaran_kaskecil_total` from ((`t_pengeluaran_kaskecil` `a` left join `m_kas` `b` on((`b`.`kas_id` = `a`.`m_kas_id`))) left join `m_cabang` `c` on((`c`.`cabang_id` = `b`.`m_cabang_id`)))) ; ;

-- ----------------------------
-- View structure for v_pengembalian_barang
-- ----------------------------
DROP VIEW IF EXISTS `v_pengembalian_barang`;
CREATE VIEW `v_pengembalian_barang` AS select `a`.`pengembalian_barang_id` AS `pengembalian_barang_id`,`a`.`pengembalian_barang_nomor` AS `pengembalian_barang_nomor`,`a`.`pengembalian_barang_awal` AS `pengembalian_barang_awal`,`a`.`pengembalian_barang_tujuan` AS `pengembalian_barang_tujuan`,`a`.`pengembalian_barang_status` AS `pengembalian_barang_status`,if((`a`.`pengembalian_barang_status` = '1'),'Pengembalian Barang Baru','Pengembalian Barang Diterima') AS `pengembalian_barang_status_nama`,`a`.`pengembalian_barang_created_date` AS `pengembalian_barang_created_date`,`a`.`pengembalian_barang_created_by` AS `pengembalian_barang_created_by`,`a`.`pengembalian_barang_update_date` AS `pengembalian_barang_update_date`,`a`.`pengembalian_barang_update_by` AS `pengembalian_barang_update_by`,`a`.`pengembalian_barang_revised` AS `pengembalian_barang_revised`,`b`.`cabang_id` AS `cabang_id`,`b`.`cabang_nama` AS `cabang_nama` from (`t_pengembalian_barang` `a` join `m_cabang` `b` on((`b`.`cabang_id` = `a`.`m_cabang_id`))) ; ;

-- ----------------------------
-- View structure for v_pengubahan_bahan
-- ----------------------------
DROP VIEW IF EXISTS `v_pengubahan_bahan`;
CREATE VIEW `v_pengubahan_bahan` AS select `a`.`pengubahan_bahan_id` AS `pengubahan_bahan_id`,`a`.`pengubahan_bahan_nomor` AS `pengubahan_bahan_nomor`,`a`.`pengubahan_bahan_tanggal` AS `pengubahan_bahan_tanggal`,`a`.`pengubahan_bahan_status` AS `pengubahan_bahan_status`,if((`a`.`pengubahan_bahan_status` = '1'),'Pengubahan Bahan Baru',if((`a`.`pengubahan_bahan_status` = '2'),'Pengubahan Bahan Diverifikasi',if((`a`.`pengubahan_bahan_status` = '3'),'Pengubahan Bahan Diterima','Pengubahan Bahan Disetujui'))) AS `pengubahan_bahan_status_nama`,`a`.`pengubahan_bahan_created_date` AS `pengubahan_bahan_created_date`,`a`.`pengubahan_bahan_created_by` AS `pengubahan_bahan_created_by`,`a`.`pengubahan_bahan_update_date` AS `pengubahan_bahan_update_date`,`a`.`pengubahan_bahan_update_by` AS `pengubahan_bahan_update_by`,`a`.`pengubahan_bahan_revised` AS `pengubahan_bahan_revised`,`b`.`cabang_id` AS `cabang_id`,`b`.`cabang_nama` AS `cabang_nama` from (`t_pengubahan_bahan` `a` join `m_cabang` `b` on((`b`.`cabang_id` = `a`.`m_cabang_id`))) ; ;

-- ----------------------------
-- View structure for v_perhitungan_kebutuhan
-- ----------------------------
DROP VIEW IF EXISTS `v_perhitungan_kebutuhan`;
CREATE VIEW `v_perhitungan_kebutuhan` AS (select `a`.`perhitungan_kebutuhan_id` AS `perhitungan_kebutuhan_id`,`a`.`perhitungan_kebutuhan_nomor` AS `perhitungan_kebutuhan_nomor`,`a`.`perhitungan_kebutuhan_tanggal` AS `perhitungan_kebutuhan_tanggal`,`b`.`cabang_id` AS `cabang_id`,`b`.`cabang_nama` AS `cabang_nama`,`c`.`jadwal_produksi_id` AS `jadwal_produksi_id`,`c`.`jadwal_produksi_nomor` AS `jadwal_produksi_nomor`,`a`.`perhitungan_kebutuhan_status` AS `perhitungan_kebutuhan_status`,if((`a`.`perhitungan_kebutuhan_status` = 1),'Perhitungan Kebutuhan Baru',if((`a`.`perhitungan_kebutuhan_status` = 2),'Perhitungan Kebutuhan Diterima','Perhitungan Kebutuhan Direalisasi')) AS `perhitungan_kebutuhan_status_nama`,`a`.`perhitungan_kebutuhan_status_date` AS `perhitungan_kebutuhan_status_date`,`a`.`perhitungan_kebutuhan_created_date` AS `perhitungan_kebutuhan_created_date`,`a`.`perhitungan_kebutuhan_created_by` AS `perhitungan_kebutuhan_created_by`,`a`.`perhitungan_kebutuhan_update_date` AS `perhitungan_kebutuhan_update_date`,`a`.`perhitungan_kebutuhan_update_by` AS `perhitungan_kebutuhan_update_by`,`a`.`perhitungan_kebutuhan_revised` AS `perhitungan_kebutuhan_revised` from ((`t_perhitungan_kebutuhan` `a` join `m_cabang` `b` on((`b`.`cabang_id` = `a`.`m_cabang_id`))) join `t_jadwal_produksi` `c` on((`c`.`jadwal_produksi_id` = `a`.`t_jadwal_produksi_id`)))) ; ;

-- ----------------------------
-- View structure for v_permintaan_jasa
-- ----------------------------
DROP VIEW IF EXISTS `v_permintaan_jasa`;
CREATE VIEW `v_permintaan_jasa` AS (select `a`.`permintaan_jasa_id` AS `permintaan_jasa_id`,`b`.`cabang_id` AS `cabang_id`,`b`.`cabang_nama` AS `cabang_nama`,`a`.`permintaan_jasa_nomor` AS `permintaan_jasa_nomor`,`c`.`departemen_id` AS `departemen_id`,`c`.`departemen_nama` AS `departemen_nama`,`a`.`permintaan_jasa_tanggal` AS `permintaan_jasa_tanggal`,`a`.`permintaan_jasa_tanggal_dibutuhkan` AS `permintaan_jasa_tanggal_dibutuhkan`,`a`.`permintaan_jasa_status` AS `permintaan_jasa_status`,if((`a`.`permintaan_jasa_status` = 1),'PJ Baru',if((`a`.`permintaan_jasa_status` = 2),'PJ Diterima',if((`a`.`permintaan_jasa_status` = 3),'PJ Ditawarkan',if((`a`.`permintaan_jasa_status` = 4),'PJ Disetujui','PJ Selesai')))) AS `permintaan_jasa_status_nama`,`a`.`permintaan_jasa_status_date` AS `permintaan_jasa_status_date`,`a`.`permintaan_jasa_printed` AS `permintaan_jasa_printed`,`a`.`permintaan_jasa_created_date` AS `permintaan_jasa_created_date`,`a`.`permintaan_jasa_created_by` AS `permintaan_jasa_created_by`,`a`.`permintaan_jasa_update_date` AS `permintaan_jasa_update_date`,`a`.`permintaan_jasa_update_by` AS `permintaan_jasa_update_by`,`a`.`permintaan_jasa_revised` AS `permintaan_jasa_revised` from ((`t_permintaan_jasa` `a` left join `m_cabang` `b` on((`b`.`cabang_id` = `a`.`m_cabang_id`))) left join `m_departemen` `c` on((`c`.`departemen_id` = `a`.`m_departemen_id`)))) ; ;

-- ----------------------------
-- View structure for v_permintaan_pembelian
-- ----------------------------
DROP VIEW IF EXISTS `v_permintaan_pembelian`;
CREATE VIEW `v_permintaan_pembelian` AS (select `a`.`permintaan_pembelian_id` AS `permintaan_pembelian_id`,`b`.`cabang_id` AS `cabang_id`,`b`.`cabang_nama` AS `cabang_nama`,`a`.`permintaan_pembelian_nomor` AS `permintaan_pembelian_nomor`,`a`.`permintaan_pembelian_tanggal` AS `permintaan_pembelian_tanggal`,`a`.`permintaan_pembelian_tanggal_dibutuhkan` AS `permintaan_pembelian_tanggal_dibutuhkan`,`a`.`permintaan_pembelian_jenis` AS `permintaan_pembelian_jenis`,if((`a`.`permintaan_pembelian_jenis` = 1),'Penting','Biasa') AS `permintaan_pembelian_jenis_nama`,`c`.`gudang_id` AS `gudang_id_permintaan`,`c`.`gudang_nama` AS `gudang_nama_permintaan`,`a`.`permintaan_pembelian_status` AS `permintaan_pembelian_status`,if((`a`.`permintaan_pembelian_status` = 1),'SPP Baru',if((`a`.`permintaan_pembelian_status` = 2),'SPP Diterima',if((`a`.`permintaan_pembelian_status` = 3),'SPP Ditawarkan',if((`a`.`permintaan_pembelian_status` = 4),'SPP Disetujui',if((`a`.`permintaan_pembelian_status` = 100),'SPP Dibatalkan','SPP Selesai'))))) AS `permintaan_pembelian_status_nama`,`a`.`permintaan_pembelian_status_date` AS `permintaan_pembelian_status_date`,`a`.`permintaan_pembelian_penerima` AS `permintaan_pembelian_penerima`,`a`.`permintaan_pembelian_penyetuju` AS `permintaan_pembelian_penyetuju`,`a`.`permintaan_pembelian_pembuat` AS `permintaan_pembelian_pembuat`,`a`.`permintaan_pembelian_printed` AS `permintaan_pembelian_printed`,`a`.`permintaan_pembelian_created_date` AS `permintaan_pembelian_created_date`,`a`.`permintaan_pembelian_created_by` AS `permintaan_pembelian_created_by`,`a`.`permintaan_pembelian_update_date` AS `permintaan_pembelian_update_date`,`a`.`permintaan_pembelian_update_by` AS `permintaan_pembelian_update_by`,`a`.`permintaan_pembelian_revised` AS `permintaan_pembelian_revised` from ((`t_permintaan_pembelian` `a` left join `m_cabang` `b` on((`b`.`cabang_id` = `a`.`m_cabang_id`))) left join `m_gudang` `c` on((`c`.`gudang_id` = `a`.`m_gudang_id_permintaan`)))) ; ;

-- ----------------------------
-- View structure for v_perolehan_produksi
-- ----------------------------
DROP VIEW IF EXISTS `v_perolehan_produksi`;
CREATE VIEW `v_perolehan_produksi` AS select `a`.`perolehan_produksi_id` AS `perolehan_produksi_id`,`a`.`perolehan_produksi_nomor` AS `perolehan_produksi_nomor`,`a`.`perolehan_produksi_total` AS `perolehan_produksi_total`,`a`.`perolehan_produksi_afalan` AS `perolehan_produksi_afalan`,`a`.`perolehan_produksi_created_date` AS `perolehan_produksi_created_date`,`a`.`perolehan_produksi_created_by` AS `perolehan_produksi_created_by`,`a`.`perolehan_produksi_update_date` AS `perolehan_produksi_update_date`,`a`.`perolehan_produksi_update_by` AS `perolehan_produksi_update_by`,`a`.`perolehan_produksi_revised` AS `perolehan_produksi_revised`,`b`.`cabang_id` AS `cabang_id`,`b`.`cabang_nama` AS `cabang_nama`,`c`.`gudang_id` AS `gudang_id`,`c`.`gudang_nama` AS `gudang_nama` from ((`t_perolehan_produksi` `a` join `m_cabang` `b` on((`b`.`cabang_id` = `a`.`m_cabang_id`))) left join `m_gudang` `c` on((`c`.`gudang_id` = `a`.`m_gudang_id`))) ; ;

-- ----------------------------
-- View structure for v_po_customer
-- ----------------------------
DROP VIEW IF EXISTS `v_po_customer`;
CREATE VIEW `v_po_customer` AS (select `a`.`po_customer_id` AS `po_customer_id`,`b`.`cabang_id` AS `cabang_id`,`b`.`cabang_nama` AS `cabang_nama`,`a`.`po_customer_nomor` AS `po_customer_nomor`,`a`.`po_customer_tanggal` AS `po_customer_tanggal`,`c`.`partner_id` AS `partner_id`,`c`.`partner_nama` AS `partner_nama`,`a`.`po_customer_kontak_person` AS `po_customer_kontak_person`,`a`.`po_customer_nama_pelanggan` AS `po_customer_nama_pelanggan`,`a`.`po_customer_perjanjian_bayar` AS `po_customer_perjanjian_bayar`,`a`.`po_customer_jasaangkut_jenis` AS `po_customer_jasaangkut_jenis`,if((`a`.`po_customer_jasaangkut_jenis` = 1),'Ekspedisi','Kirim Sendiri') AS `po_customer_jasaangkut_jenis_nama`,`a`.`po_customer_ekspedisi` AS `po_customer_ekspedisi`,`a`.`po_customer_jasaangkut_bayar` AS `po_customer_jasaangkut_bayar`,if((`a`.`po_customer_jasaangkut_bayar` = 1),'Bayar Kantor','Bayar Toko') AS `po_customer_jasaangkut_bayar_nama`,`a`.`po_customer_catatan` AS `po_customer_catatan`,`a`.`po_customer_step` AS `po_customer_step`,`a`.`po_customer_status` AS `po_customer_status`,if((`a`.`po_customer_status` = 1),'Draft PO',if((`a`.`po_customer_status` = 2),'Cek Stok Barang',if((`a`.`po_customer_status` = 3),'Cek Kredit Limit',if((`a`.`po_customer_status` = 4),'Menunggu Persetujuan',if((`a`.`po_customer_status` = 5),'PO Diterima',if((`a`.`po_customer_status` = 6),'Terbit SO','PO Tidak Diterima')))))) AS `po_customer_status_nama_old`,if((`a`.`po_customer_status` = 1),'PO Pending',if((`a`.`po_customer_status` = 2),'PO Pending',if((`a`.`po_customer_status` = 3),'PO Pending',if((`a`.`po_customer_status` = 4),'PO Pending',if((`a`.`po_customer_status` = 5),'PO Disetujui',if((`a`.`po_customer_status` = 6),'PO Disetujui',if((`a`.`po_customer_status` = 7),'PO Cancel',if((`a`.`po_customer_status` = 8),'PO Cancel Kredit Limit','PO Revisi')))))))) AS `po_customer_status_nama_lama`,if((`a`.`po_customer_status` = 1),'Draft PO',if((`a`.`po_customer_status` = 2),'Cek Stok Barang',if((`a`.`po_customer_status` = 3),'Cek Kredit Limit',if((`a`.`po_customer_status` = 4),'Menunggu Persetujuan',if((`a`.`po_customer_status` = 5),'PO Direvisi',if((`a`.`po_customer_status` = 6),'PO sesuai',if((`a`.`po_customer_status` = 7),'PO Pending',if((`a`.`po_customer_status` = 8),'PO dicancel (Manajer)',if((`a`.`po_customer_status` = 9),'PO disetujui (Manajer)',if((`a`.`po_customer_status` = 10),'PO disetujui (Admin)','Terbit SO')))))))))) AS `po_customer_status_nama` from ((`t_po_customer` `a` join `m_cabang` `b` on((`b`.`cabang_id` = `a`.`m_cabang_id`))) join `m_partner` `c` on((`c`.`partner_id` = `a`.`m_partner_id`)))) ; ;

-- ----------------------------
-- View structure for v_retur_pembelian
-- ----------------------------
DROP VIEW IF EXISTS `v_retur_pembelian`;
CREATE VIEW `v_retur_pembelian` AS (select `a`.`retur_pembelian_id` AS `retur_pembelian_id`,`a`.`retur_pembelian_nomor` AS `retur_pembelian_nomor`,`a`.`retur_pembelian_tanggal` AS `retur_pembelian_tanggal`,`b`.`cabang_id` AS `cabang_id`,`b`.`cabang_nama` AS `cabang_nama`,`c`.`penerimaan_barang_id` AS `penerimaan_barang_id`,`c`.`penerimaan_barang_nomor` AS `penerimaan_barang_nomor`,`d`.`order_ppn` AS `order_ppn`,`a`.`retur_pembelian_status` AS `retur_pembelian_status`,if((`a`.`retur_pembelian_status` = 1),'Retur Pembelian Baru',if((`a`.`retur_pembelian_status` = 2),'Retur Pembelian Diterima',if((`a`.`retur_pembelian_status` = 3),'Retur Pembelian Disetujui','Pembuatan Nota Debet'))) AS `retur_pembelian_status_nama`,`a`.`retur_pembelian_status_date` AS `retur_pembelian_status_date`,`a`.`retur_pembelian_printed` AS `retur_pembelian_printed`,`a`.`retur_pembelian_created_date` AS `retur_pembelian_created_date`,`a`.`retur_pembelian_created_by` AS `retur_pembelian_created_by`,`a`.`retur_pembelian_update_date` AS `retur_pembelian_update_date`,`a`.`retur_pembelian_update_by` AS `retur_pembelian_update_by`,`a`.`retur_pembelian_revised` AS `retur_pembelian_revised` from (((`t_retur_pembelian` `a` join `m_cabang` `b` on((`b`.`cabang_id` = `a`.`m_cabang_id`))) join `t_penerimaan_barang` `c` on((`c`.`penerimaan_barang_id` = `a`.`t_penerimaan_barang_id`))) join `t_order` `d` on((`d`.`order_id` = `c`.`t_order_id`)))) ; ;

-- ----------------------------
-- View structure for v_retur_penjualan
-- ----------------------------
DROP VIEW IF EXISTS `v_retur_penjualan`;
CREATE VIEW `v_retur_penjualan` AS (select `a`.`retur_penjualan_id` AS `retur_penjualan_id`,`a`.`retur_penjualan_nomor` AS `retur_penjualan_nomor`,`b`.`cabang_id` AS `cabang_id`,`b`.`cabang_nama` AS `cabang_nama`,`a`.`retur_penjualan_tanggal` AS `retur_penjualan_tanggal`,`a`.`retur_penjualan_status_pengembalianbarang` AS `retur_penjualan_status_pengembalianbarang`,`c`.`sj_retur_id` AS `sj_retur_id`,`c`.`sj_retur_nomor` AS `sj_retur_nomor`,`a`.`retur_penjualan_aksi_bayar` AS `retur_penjualan_aksi_bayar`,`a`.`retur_penjualan_alasan` AS `retur_penjualan_alasan`,`a`.`retur_penjualan_status` AS `retur_penjualan_status`,if((`a`.`retur_penjualan_status` = 1),'Draft Permintaan Retur',if((`a`.`retur_penjualan_status` = 2),'Pengecekan Kebijakan',if((`a`.`retur_penjualan_status` = 3),'Otorisasi Manajer',if((`a`.`retur_penjualan_status` = 4),'Retur Diterima','Retur Ditolak')))) AS `retur_penjualan_status_nama` from ((`t_retur_penjualan` `a` join `m_cabang` `b` on((`b`.`cabang_id` = `a`.`m_cabang_id`))) left join `t_sj_retur` `c` on((`c`.`sj_retur_id` = `a`.`t_sj_retur_id`)))) ; ;

-- ----------------------------
-- View structure for v_saldo_bankkas
-- ----------------------------
DROP VIEW IF EXISTS `v_saldo_bankkas`;
CREATE VIEW `v_saldo_bankkas` AS (select `a`.`saldo_bankkas_id` AS `saldo_bankkas_id`,`a`.`saldo_bankkas_tipe` AS `saldo_bankkas_tipe`,if((`a`.`saldo_bankkas_tipe` = 1),'Saldo Bank','Saldo Kas') AS `saldo_bankkas_tipe_nama`,if((`a`.`saldo_bankkas_tipe` = 1),`b`.`bank_id`,`d`.`kas_id`) AS `bankkas_id`,if((`a`.`saldo_bankkas_tipe` = 1),`b`.`bank_nama`,`d`.`kas_nama`) AS `bankkas_nama`,if((`a`.`saldo_bankkas_tipe` = 1),`c`.`cabang_id`,`e`.`cabang_id`) AS `cabang_id`,if((`a`.`saldo_bankkas_tipe` = 1),`c`.`cabang_nama`,`e`.`cabang_nama`) AS `cabang_nama`,if((`a`.`saldo_bankkas_tipe` = 1),`b`.`bank_status_aktif`,`d`.`kas_status_aktif`) AS `bankkas_status_aktif`,`a`.`saldo_bankkas_nominal` AS `saldo_bankkas_nominal` from ((((`t_saldo_bankkas` `a` left join `m_bank` `b` on((`b`.`bank_id` = `a`.`saldo_bankkas_refrensi_id`))) left join `m_cabang` `c` on((`c`.`cabang_id` = `b`.`m_cabang_id`))) left join `m_kas` `d` on((`d`.`kas_id` = `a`.`saldo_bankkas_refrensi_id`))) left join `m_cabang` `e` on((`e`.`cabang_id` = `d`.`m_cabang_id`)))) ; ;

-- ----------------------------
-- View structure for v_serah_terima
-- ----------------------------
DROP VIEW IF EXISTS `v_serah_terima`;
CREATE VIEW `v_serah_terima` AS select `a`.`serah_terima_id` AS `serah_terima_id`,`a`.`serah_terima_nomor` AS `serah_terima_nomor`,`a`.`serah_terima_daribagian` AS `serah_terima_daribagian`,`a`.`serah_terima_darishift` AS `serah_terima_darishift`,`a`.`serah_terima_kebagian` AS `serah_terima_kebagian`,`a`.`serah_terima_keshift` AS `serah_terima_keshift`,`a`.`serah_terima_status` AS `serah_terima_status`,if((`a`.`serah_terima_status` = '1'),'Serah Terima Baru','Serah Terima Diterima') AS `serah_terima_status_nama`,`a`.`serah_terima_created_date` AS `serah_terima_created_date`,`a`.`serah_terima_created_by` AS `serah_terima_created_by`,`a`.`serah_terima_update_date` AS `serah_terima_update_date`,`a`.`serah_terima_update_by` AS `serah_terima_update_by`,`a`.`serah_terima_revised` AS `serah_terima_revised`,`b`.`cabang_id` AS `cabang_id`,`b`.`cabang_nama` AS `cabang_nama` from (`t_serah_terima` `a` join `m_cabang` `b` on((`b`.`cabang_id` = `a`.`m_cabang_id`))) ; ;

-- ----------------------------
-- View structure for v_sj_retur
-- ----------------------------
DROP VIEW IF EXISTS `v_sj_retur`;
CREATE VIEW `v_sj_retur` AS (select `a`.`sj_retur_id` AS `sj_retur_id`,`a`.`sj_retur_nomor` AS `sj_retur_nomor`,`b`.`cabang_id` AS `cabang_id`,`b`.`cabang_nama` AS `cabang_nama`,`a`.`sj_retur_tanggal` AS `sj_retur_tanggal`,`c`.`surat_jalan_id` AS `surat_jalan_id`,`c`.`surat_jalan_nomor` AS `surat_jalan_nomor`,`a`.`sj_retur_alasan` AS `sj_retur_alasan`,`a`.`sj_retur_catatan` AS `sj_retur_catatan` from ((`t_sj_retur` `a` join `m_cabang` `b` on((`b`.`cabang_id` = `a`.`m_cabang_id`))) left join `t_surat_jalan` `c` on((`c`.`surat_jalan_id` = `a`.`t_surat_jalan_id`)))) ; ;

-- ----------------------------
-- View structure for v_so_customer
-- ----------------------------
DROP VIEW IF EXISTS `v_so_customer`;
CREATE VIEW `v_so_customer` AS (select `a`.`so_customer_id` AS `so_customer_id`,`b`.`cabang_id` AS `cabang_id`,`b`.`cabang_nama` AS `cabang_nama`,`a`.`so_customer_nomor` AS `so_customer_nomor`,`a`.`so_customer_tanggal` AS `so_customer_tanggal`,`c`.`po_customer_id` AS `po_customer_id`,`c`.`po_customer_nomor` AS `po_customer_nomor`,`a`.`so_customer_status` AS `so_customer_status`,if((`a`.`so_customer_status` = 1),'SO Baru',if((`a`.`so_customer_status` = 2),'SO Disetujui',if((`a`.`so_customer_status` = 3),'Terbit SJ',if((`a`.`so_customer_status` = 4),'SO Tidak Disetujui','Terbit Faktur')))) AS `so_customer_status_nama` from ((`t_so_customer` `a` join `m_cabang` `b` on((`b`.`cabang_id` = `a`.`m_cabang_id`))) join `t_po_customer` `c` on((`c`.`po_customer_id` = `a`.`t_po_customer_id`)))) ; ;

-- ----------------------------
-- View structure for v_stok_gudang
-- ----------------------------
DROP VIEW IF EXISTS `v_stok_gudang`;
CREATE VIEW `v_stok_gudang` AS (select `a`.`barang_id` AS `barang_id`,`b`.`jenis_barang_id` AS `jenis_barang_id`,`b`.`jenis_barang_nama` AS `jenis_barang_nama`,`a`.`barang_kode` AS `barang_kode`,`a`.`barang_nama` AS `barang_nama`,`a`.`barang_status_aktif` AS `barang_status_aktif`,`c`.`satuan_id` AS `satuan_id`,`c`.`satuan_nama` AS `satuan_nama`,`a`.`barang_minimum_stok` AS `stok_minimum`,`d`.`stok_gudang_jumlah` AS `stok_gudang`,`e`.`gudang_id` AS `gudang_id`,`e`.`gudang_nama` AS `gudang_nama`,`f`.`cabang_id` AS `id_cabang`,`f`.`cabang_nama` AS `cabang_nama` from (((((`m_barang` `a` join `m_jenis_barang` `b` on((`b`.`jenis_barang_id` = `a`.`m_jenis_barang_id`))) join `m_satuan` `c` on((`c`.`satuan_id` = `a`.`m_satuan_id`))) join `t_stok_gudang` `d` on((`d`.`m_barang_id` = `a`.`barang_id`))) join `m_gudang` `e` on((`e`.`gudang_id` = `d`.`m_gudang_id`))) join `m_cabang` `f` on((`f`.`cabang_id` = `e`.`m_cabang_id`)))) ; ;

-- ----------------------------
-- View structure for v_sub_atribut
-- ----------------------------
DROP VIEW IF EXISTS `v_sub_atribut`;
CREATE VIEW `v_sub_atribut` AS (select `a`.`sub_atribut_id` AS `sub_atribut_id`,`a`.`m_atribut_id` AS `m_atribut_id`,`a`.`sub_atribut_jenis` AS `sub_atribut_jenis`,`a`.`sub_atribut_nama` AS `sub_atribut_nama`,`a`.`sub_atribut_satuan` AS `sub_atribut_satuan`,`a`.`sub_atribut_default_value` AS `sub_atribut_default_value`,`a`.`sub_atribut_status_aktif` AS `sub_atribut_status_aktif`,`a`.`sub_atribut_create_date` AS `sub_atribut_create_date`,`a`.`sub_atribut_create_by` AS `sub_atribut_create_by`,`a`.`sub_atribut_update_date` AS `sub_atribut_update_date`,`a`.`sub_atribut_update_by` AS `sub_atribut_update_by`,`a`.`sub_atribut_revised` AS `sub_atribut_revised`,`b`.`atribut_nama` AS `atribut_nama`,`b`.`m_barang_id` AS `m_barang_id`,`e`.`barang_nama` AS `barang_nama`,`f`.`satuan_nama` AS `satuan_nama` from (((`m_sub_atribut_barang` `a` left join `m_atribut_barang` `b` on((`a`.`m_atribut_id` = `b`.`atribut_id`))) left join `m_barang` `e` on((`b`.`m_barang_id` = `e`.`barang_id`))) left join `m_satuan` `f` on((`a`.`sub_atribut_satuan` = `f`.`satuan_id`)))) ; ;

-- ----------------------------
-- View structure for v_surat_jalan
-- ----------------------------
DROP VIEW IF EXISTS `v_surat_jalan`;
CREATE VIEW `v_surat_jalan` AS (select `a`.`surat_jalan_id` AS `surat_jalan_id`,`a`.`surat_jalan_nomor` AS `surat_jalan_nomor`,`b`.`cabang_id` AS `cabang_id`,`b`.`cabang_nama` AS `cabang_nama`,`a`.`surat_jalan_jenis` AS `surat_jalan_jenis`,if((`a`.`surat_jalan_jenis` = 0),'Surat Jalan Retur',if((`a`.`surat_jalan_jenis` = 2),'Surat Jalan Work Order','Surat Jalan Sales Order')) AS `surat_jalan_jenis_nama`,if((`a`.`surat_jalan_jenis` = 0),`e`.`nota_debet_nomor`,if((`a`.`surat_jalan_jenis` = 2),`d`.`order_nomor`,`f`.`so_customer_nomor`)) AS `nomor_referensi`,`a`.`surat_jalan_tanggal` AS `surat_jalan_tanggal`,`a`.`surat_jalan_tanggal_kirim` AS `surat_jalan_tanggal_kirim`,`a`.`surat_jalan_ekspedisi` AS `surat_jalan_ekspedisi`,`a`.`t_so_customer_id` AS `so_customer_id`,`e`.`nota_debet_id` AS `nota_debet_id`,`e`.`nota_debet_nomor` AS `nota_debet_nomor`,`c`.`partner_id` AS `partner_id`,`c`.`partner_nama` AS `partner_nama`,`d`.`order_id` AS `order_id`,`d`.`order_nomor` AS `order_nomor`,`a`.`surat_jalan_status` AS `surat_jalan_status`,`a`.`surat_jalan_status_date` AS `surat_jalan_status_date`,`a`.`surat_jalan_created_date` AS `surat_jalan_created_date`,`a`.`surat_jalan_created_by` AS `surat_jalan_created_by`,`a`.`surat_jalan_update_date` AS `surat_jalan_update_date`,`a`.`surat_jalan_update_by` AS `surat_jalan_update_by`,`a`.`surat_jalan_revised` AS `surat_jalan_revised` from (((((`t_surat_jalan` `a` join `m_cabang` `b` on((`b`.`cabang_id` = `a`.`m_cabang_id`))) join `m_partner` `c` on((`c`.`partner_id` = `a`.`m_partner_id`))) left join `t_order` `d` on((`d`.`order_id` = `a`.`t_order_id`))) left join `t_nota_debet` `e` on((`e`.`nota_debet_id` = `a`.`t_nota_debet_id`))) left join `t_so_customer` `f` on((`f`.`so_customer_id` = `a`.`t_so_customer_id`)))) ; ;

-- ----------------------------
-- View structure for v_transfer_gudang
-- ----------------------------
DROP VIEW IF EXISTS `v_transfer_gudang`;
CREATE VIEW `v_transfer_gudang` AS select `a`.`transfer_gudang_id` AS `transfer_gudang_id`,`a`.`transfer_gudang_nomor` AS `transfer_gudang_nomor`,`a`.`transfer_gudang_tanggal` AS `transfer_gudang_tanggal`,`b`.`gudang_id` AS `gudang_id_awal`,`b`.`gudang_nama` AS `gudang_nama_awal`,`c`.`cabang_id` AS `cabang_id_awal`,`c`.`cabang_nama` AS `cabang_nama_awal`,`a`.`transfer_gudang_tanggal_terima` AS `transfer_gudang_tanggal_terima`,`d`.`gudang_id` AS `gudang_id_akhir`,`d`.`gudang_nama` AS `gudang_nama_akhir`,`e`.`cabang_id` AS `cabang_id_akhir`,`e`.`cabang_nama` AS `cabang_nama_akhir`,`a`.`transfer_gudang_status` AS `transfer_gudang_status`,if((`a`.`transfer_gudang_status` = 1),'Transfer Gudang Baru',if((`a`.`transfer_gudang_status` = 2),'Transfer Gudang Diterima','Transfer Gudang Ditolak')) AS `transfer_gudang_status_nama`,`a`.`transfer_gudang_created_date` AS `transfer_gudang_created_date`,`a`.`transfer_gudang_created_by` AS `transfer_gudang_created_by`,`a`.`transfer_gudang_update_date` AS `transfer_gudang_update_date`,`a`.`transfer_gudang_update_by` AS `transfer_gudang_update_by`,`a`.`transfer_gudang_revised` AS `transfer_gudang_revised` from ((((`t_transfer_gudang` `a` left join `m_gudang` `b` on((`a`.`m_gudang_id_awal` = `b`.`gudang_id`))) left join `m_cabang` `c` on((`a`.`m_cabang_id_awal` = `c`.`cabang_id`))) left join `m_gudang` `d` on((`a`.`m_gudang_id_akhir` = `d`.`gudang_id`))) left join `m_cabang` `e` on((`a`.`m_cabang_id_akhir` = `e`.`cabang_id`))) ; ;

-- ----------------------------
-- View structure for v_user
-- ----------------------------
DROP VIEW IF EXISTS `v_user`;
CREATE VIEW `v_user` AS select `a`.`user_id` AS `user_id`,`a`.`user_username` AS `user_username`,`b`.`karyawan_id` AS `karyawan_id`,`b`.`karyawan_nama` AS `karyawan_nama`,`a`.`user_status_aktif` AS `user_status_aktif`,if((`a`.`user_status_aktif` = 'y'),'Aktif','Non Aktif') AS `user_status_nama` from (`s_user` `a` left join `m_karyawan` `b` on((`a`.`m_karyawan_id` = `b`.`karyawan_id`))) ; ;
